drug1,drug2,repair_hit,removal_axis_hit,median_combo_score,mean_combo_score
Methotrexate,6-Thioguanine,,antifolate/nucleotide,-47.0,-47.67796610169491
Methotrexate,Actinomycin D,,antifolate/nucleotide,-46.0,-36.97872340425532
Methotrexate,Chlorambucil,,antifolate/nucleotide,-39.5,-46.464285714285715
Methotrexate,Melphalan,,antifolate/nucleotide,-49.0,-46.37931034482759
Methotrexate,Triethylenemelamine,,antifolate/nucleotide,-42.0,-43.228070175438596
Methotrexate,Altretamine,,antifolate/nucleotide,-30.0,-38.30508474576271
Methotrexate,Fluorouracil,,antifolate/nucleotide,-50.5,-51.206896551724135
Methotrexate,Mithramycin,,antifolate/nucleotide,-13.0,-14.368421052631579
Methotrexate,Hydroxyurea,,antifolate/nucleotide,6.0,-3.0545454545454547
Methotrexate,Uracil Mustard,,antifolate/nucleotide,0.0,0.3333333333333333
Methotrexate,Mitotane,,antifolate/nucleotide,-32.0,-42.88235294117647
Methotrexate,Dacarbazine,,antifolate/nucleotide,-56.0,-55.932203389830505
Methotrexate,Vinblastine,,microtubule/tubulin;antifolate/nucleotide,-17.5,-18.93103448275862
Methotrexate,Megestrol Acetate,,antifolate/nucleotide,-35.0,-42.79661016949152
Methotrexate,Lomustine,,antifolate/nucleotide,-32.0,-29.649122807017545
Methotrexate,Daunorubicin,,antifolate/nucleotide,-17.0,-16.551724137931036
Methotrexate,Azacitidine,,antifolate/nucleotide,-18.0,-12.830188679245284
Methotrexate,Teniposide,,antifolate/nucleotide,-23.0,-20.410714285714285
Methotrexate,Doxorubicin,,topoisomerase/DNA_damage;antifolate/nucleotide,-39.5,-42.48
Methotrexate,Bleomycin,,antifolate/nucleotide,-33.0,-36.771929824561404
Methotrexate,Paclitaxel,,microtubule/tubulin;antifolate/nucleotide,-17.5,-15.428571428571429
Methotrexate,Bendamustine,,antifolate/nucleotide,-38.0,-44.07692307692308
Methotrexate,Etoposide,,topoisomerase/DNA_damage;antifolate/nucleotide,-41.0,-40.8448275862069
Methotrexate,Dexrazoxane,dexrazoxane,antifolate/nucleotide,-23.5,-27.25862068965517
Methotrexate,Rapamycin,,antifolate/nucleotide,1.5,3.75
Methotrexate,Valrubicin,,antifolate/nucleotide,-24.0,-20.254901960784313
Methotrexate,Mitoxantrone,,antifolate/nucleotide,-26.5,-17.689655172413794
Methotrexate,Vinorelbine,,antifolate/nucleotide,-2.0,-4.3559322033898304
Methotrexate,Docetaxel,,microtubule/tubulin;antifolate/nucleotide,-4.0,-0.03508771929824561
Methotrexate,7-Ethyl-10-hydroxycamptothecin,,antifolate/nucleotide,-37.5,-40.80357142857143
Methotrexate,Pemetrexed,,antifolate/nucleotide,-16.0,-22.728813559322035
Methotrexate,Vorinostat,,antifolate/nucleotide,-20.0,-18.03448275862069
Methotrexate,Exemestane,,antifolate/nucleotide,2.0,6.915254237288136
Methotrexate,Gefitinib,,antifolate/nucleotide,-1.5,7.5
Methotrexate,Fulvestrant,,antifolate/nucleotide,-13.0,-21.78181818181818
Methotrexate,Anastrozole,,antifolate/nucleotide,-9.0,-7.2407407407407405
Methotrexate,Letrozole,,antifolate/nucleotide,58.0,90.25
Methotrexate,Zoledronate,,antifolate/nucleotide,-5.0,-3.526315789473684
Methotrexate,Dasatinib,,antifolate/nucleotide,-29.5,-30.20689655172414
Methotrexate,Everolimus,,antifolate/nucleotide,-38.5,-39.31481481481482
Methotrexate,Pazopanib,,antifolate/nucleotide,-24.5,-29.82758620689655
Methotrexate,Lapatinib,,antifolate/nucleotide,-36.0,-40.0
Methotrexate,Sorafenib,,antifolate/nucleotide,-40.0,-46.58181818181818
Methotrexate,Lenalidomide,,antifolate/nucleotide,-4.0,-4.47457627118644
Methotrexate,Raloxifene,,antifolate/nucleotide,-23.0,-31.203389830508474
Methotrexate,Abiraterone,,antifolate/nucleotide,-32.0,-37.25423728813559
Methotrexate,Sunitinib,,antifolate/nucleotide,-25.5,-31.79310344827586
Methotrexate,Vemurafenib,,antifolate/nucleotide,-33.0,-33.23728813559322
Methotrexate,Depsipeptide,,antifolate/nucleotide,-41.0,-40.867924528301884
Methotrexate,Pralatrexate,,CHK/DDR/checkpoint;antifolate/nucleotide,16.0,21.964285714285715
Methotrexate,Vismodegib,,antifolate/nucleotide,-18.0,-21.576271186440678
Methotrexate,Crizotinib,,antifolate/nucleotide,-48.0,-47.05084745762712
Methotrexate,Axitinib,,antifolate/nucleotide,-35.5,-40.91379310344828
Methotrexate,Vandetanib,,antifolate/nucleotide,-35.0,-42.644067796610166
Methotrexate,Cabazitaxel,,antifolate/nucleotide,-38.0,-43.63793103448276
Methotrexate,Ruxolitinib,,antifolate/nucleotide,-39.0,-44.932203389830505
Busulfan,Methotrexate,,antifolate/nucleotide,-27.0,-34.41818181818182
Busulfan,Vinblastine,,microtubule/tubulin,-18.5,-19.962962962962962
Busulfan,Vincristine,,microtubule/tubulin,-27.0,-28.964912280701753
Busulfan,Doxorubicin,,topoisomerase/DNA_damage,-21.0,-13.140350877192983
Busulfan,Paclitaxel,,microtubule/tubulin,-49.0,-55.58
Busulfan,Etoposide,,topoisomerase/DNA_damage,-9.0,-15.40677966101695
Busulfan,Dexrazoxane,dexrazoxane,,-12.0,-9.40677966101695
Busulfan,Docetaxel,,microtubule/tubulin,-37.0,-37.528301886792455
Busulfan,Pemetrexed,,antifolate/nucleotide,-23.0,-19.80701754385965
Busulfan,Celecoxib,celecoxib,,-33.0,-35.86440677966102
Busulfan,Pralatrexate,,CHK/DDR/checkpoint;antifolate/nucleotide,-25.0,-24.833333333333332
6-Thioguanine,Doxorubicin,,topoisomerase/DNA_damage,-6.0,-3.508771929824561
6-Thioguanine,Etoposide,,topoisomerase/DNA_damage,-27.0,-24.71186440677966
6-Thioguanine,Dexrazoxane,dexrazoxane,,-28.5,-22.75862068965517
6-Thioguanine,Pemetrexed,,antifolate/nucleotide,-41.5,-39.60344827586207
6-Mercaptopurine,Methotrexate,,antifolate/nucleotide,-20.0,-18.94736842105263
6-Mercaptopurine,Vinblastine,,microtubule/tubulin,-15.0,-23.224137931034484
6-Mercaptopurine,Vincristine,,microtubule/tubulin,-18.0,-12.983050847457626
6-Mercaptopurine,Doxorubicin,,topoisomerase/DNA_damage,-8.0,-3.9661016949152543
6-Mercaptopurine,Paclitaxel,,microtubule/tubulin,-65.0,-66.96551724137932
6-Mercaptopurine,Etoposide,,topoisomerase/DNA_damage,-25.0,-30.033898305084747
6-Mercaptopurine,Dexrazoxane,dexrazoxane,,-18.0,-21.10169491525424
6-Mercaptopurine,Docetaxel,,microtubule/tubulin,-38.0,-60.95918367346939
6-Mercaptopurine,Pemetrexed,,antifolate/nucleotide,-7.0,-16.771929824561404
6-Mercaptopurine,Celecoxib,celecoxib,,-14.0,-18.56140350877193
6-Mercaptopurine,Pralatrexate,,CHK/DDR/checkpoint;antifolate/nucleotide,-20.0,-25.17543859649123
Nitrogen mustard,Methotrexate,,antifolate/nucleotide,-58.5,-61.05555555555556
Nitrogen mustard,Vinblastine,,microtubule/tubulin,-33.5,-37.51724137931034
Nitrogen mustard,Vincristine,,microtubule/tubulin,-40.5,-47.629629629629626
Nitrogen mustard,Doxorubicin,,topoisomerase/DNA_damage,-30.0,-21.607142857142858
Nitrogen mustard,Paclitaxel,,microtubule/tubulin,-127.0,-128.35555555555555
Nitrogen mustard,Etoposide,,topoisomerase/DNA_damage,-24.0,-17.71186440677966
Nitrogen mustard,Dexrazoxane,dexrazoxane,,-22.0,-16.47457627118644
Nitrogen mustard,Docetaxel,,microtubule/tubulin,-75.0,-71.28260869565217
Nitrogen mustard,Pemetrexed,,antifolate/nucleotide,-21.0,-22.694915254237287
Nitrogen mustard,Celecoxib,celecoxib,,-22.5,-28.775862068965516
Nitrogen mustard,Pralatrexate,,CHK/DDR/checkpoint;antifolate/nucleotide,-29.0,-31.789473684210527
Allopurinol,Methotrexate,,antifolate/nucleotide,-22.0,-30.210526315789473
Allopurinol,Vinblastine,,microtubule/tubulin,-25.0,-24.714285714285715
Allopurinol,Vincristine,,microtubule/tubulin,-28.0,-31.45614035087719
Allopurinol,Doxorubicin,,topoisomerase/DNA_damage,-26.0,-27.57894736842105
Allopurinol,Paclitaxel,,microtubule/tubulin,-59.5,-61.94444444444444
Allopurinol,Etoposide,,topoisomerase/DNA_damage,-25.0,-25.11864406779661
Allopurinol,Dexrazoxane,dexrazoxane,,-5.0,-6.593220338983051
Allopurinol,Docetaxel,,microtubule/tubulin,-32.5,-30.75
Allopurinol,Pemetrexed,,antifolate/nucleotide,-16.0,-18.89830508474576
Allopurinol,Celecoxib,celecoxib,,-39.0,-43.74576271186441
Allopurinol,Pralatrexate,,CHK/DDR/checkpoint;antifolate/nucleotide,-5.0,-5.473684210526316
Actinomycin D,Etoposide,,topoisomerase/DNA_damage,-22.0,-26.338983050847457
Actinomycin D,Dexrazoxane,dexrazoxane,,-16.0,-15.94915254237288
Actinomycin D,Pemetrexed,,antifolate/nucleotide,-23.0,-20.627118644067796
Chlorambucil,Doxorubicin,,topoisomerase/DNA_damage,-15.5,-14.196428571428571
Chlorambucil,Etoposide,,topoisomerase/DNA_damage,-24.0,-16.576271186440678
Chlorambucil,Dexrazoxane,dexrazoxane,,-25.0,-20.0
Chlorambucil,Pemetrexed,,antifolate/nucleotide,-48.0,-48.96610169491525
Thiotepa,Methotrexate,,antifolate/nucleotide,-57.0,-56.13725490196079
Thiotepa,Etoposide,,topoisomerase/DNA_damage,-24.0,-24.440677966101696
Thiotepa,Dexrazoxane,dexrazoxane,,-30.0,-32.067796610169495
Thiotepa,Pemetrexed,,antifolate/nucleotide,-26.0,-24.135593220338983
Thiotepa,Celecoxib,celecoxib,,-22.0,-23.072727272727274
Melphalan,Doxorubicin,,topoisomerase/DNA_damage,-7.0,-7.5964912280701755
Melphalan,Etoposide,,topoisomerase/DNA_damage,-32.0,-29.17241379310345
Melphalan,Dexrazoxane,dexrazoxane,,-20.0,-19.47457627118644
Melphalan,Pemetrexed,,antifolate/nucleotide,-50.0,-54.05084745762712
Triethylenemelamine,Vincristine,,microtubule/tubulin,-23.5,-29.410714285714285
Triethylenemelamine,Paclitaxel,,microtubule/tubulin,-34.5,-46.57692307692308
Triethylenemelamine,Docetaxel,,microtubule/tubulin,-10.0,-9.421052631578947
Triethylenemelamine,Celecoxib,celecoxib,,-46.0,-51.21052631578947
Altretamine,Doxorubicin,,topoisomerase/DNA_damage,-14.5,-19.25925925925926
Altretamine,Etoposide,,topoisomerase/DNA_damage,-41.0,-39.28813559322034
Altretamine,Dexrazoxane,dexrazoxane,,-37.0,-31.71186440677966
Altretamine,Pemetrexed,,antifolate/nucleotide,-29.0,-33.42372881355932
Acrichine,Methotrexate,,antifolate/nucleotide,-31.0,-32.06521739130435
Acrichine,Vinblastine,,microtubule/tubulin,-27.0,-32.333333333333336
Acrichine,Vincristine,,microtubule/tubulin,-22.0,-27.20689655172414
Acrichine,Doxorubicin,,topoisomerase/DNA_damage,-4.0,-0.7543859649122807
Acrichine,Paclitaxel,,microtubule/tubulin,-35.0,-38.5
Acrichine,Etoposide,,topoisomerase/DNA_damage,-17.0,-18.74576271186441
Acrichine,Dexrazoxane,dexrazoxane,,-4.5,-9.362068965517242
Acrichine,Docetaxel,,microtubule/tubulin,-22.0,-22.75438596491228
Acrichine,Pemetrexed,,antifolate/nucleotide,-20.5,-19.24137931034483
Acrichine,Celecoxib,celecoxib,,-9.0,-8.491525423728813
Acrichine,Pralatrexate,,CHK/DDR/checkpoint;antifolate/nucleotide,-39.0,-45.12280701754386
Aminolevulinic acid,Methotrexate,,antifolate/nucleotide,-23.0,-20.245283018867923
Aminolevulinic acid,Vinblastine,,microtubule/tubulin,-20.0,-27.490909090909092
Aminolevulinic acid,Vincristine,,microtubule/tubulin,-19.5,-19.362068965517242
Aminolevulinic acid,Doxorubicin,,topoisomerase/DNA_damage,-19.0,-20.482758620689655
Aminolevulinic acid,Paclitaxel,,microtubule/tubulin,-38.5,-44.78
Aminolevulinic acid,Etoposide,,topoisomerase/DNA_damage,-16.0,-20.25423728813559
Aminolevulinic acid,Dexrazoxane,dexrazoxane,,6.0,4.762711864406779
Aminolevulinic acid,Docetaxel,,microtubule/tubulin,-60.5,-63.395833333333336
Aminolevulinic acid,Pemetrexed,,antifolate/nucleotide,-38.5,-39.87931034482759
Aminolevulinic acid,Celecoxib,celecoxib,,-27.0,-30.25423728813559
Aminolevulinic acid,Pralatrexate,,CHK/DDR/checkpoint;antifolate/nucleotide,-38.0,-34.375
Fluorouracil,Doxorubicin,,topoisomerase/DNA_damage,-9.0,-5.964912280701754
Fluorouracil,Etoposide,,topoisomerase/DNA_damage,-49.0,-44.71186440677966
Fluorouracil,Dexrazoxane,dexrazoxane,,-34.0,-28.879310344827587
Fluorouracil,Pemetrexed,,antifolate/nucleotide,-48.0,-46.983050847457626
Mithramycin,Vincristine,,microtubule/tubulin,-30.5,-34.13793103448276
Mithramycin,Paclitaxel,,microtubule/tubulin,50.5,49.793103448275865
Mithramycin,Etoposide,,topoisomerase/DNA_damage,26.0,31.16949152542373
Mithramycin,Dexrazoxane,dexrazoxane,,14.0,12.694915254237289
Mithramycin,Docetaxel,,microtubule/tubulin,57.0,66.70689655172414
Mithramycin,Pemetrexed,,antifolate/nucleotide,-21.0,-29.983050847457626
Mithramycin,Celecoxib,celecoxib,,0.0,10.228070175438596
Pipobroman,Methotrexate,,antifolate/nucleotide,-16.0,-36.666666666666664
Pipobroman,Vinblastine,,microtubule/tubulin,-6.0,-14.56140350877193
Pipobroman,Vincristine,,microtubule/tubulin,-9.0,-16.140350877192983
Pipobroman,Doxorubicin,,topoisomerase/DNA_damage,-17.5,-18.137931034482758
Pipobroman,Paclitaxel,,microtubule/tubulin,-44.0,-49.14035087719298
Pipobroman,Etoposide,,topoisomerase/DNA_damage,-12.0,-13.847457627118644
Pipobroman,Dexrazoxane,dexrazoxane,,-3.0,-1.0508474576271187
Pipobroman,Docetaxel,,microtubule/tubulin,-39.5,-41.53846153846154
Pipobroman,Pemetrexed,,antifolate/nucleotide,-17.0,-13.052631578947368
Pipobroman,Celecoxib,celecoxib,,-9.0,-3.8813559322033897
Pipobroman,Pralatrexate,,CHK/DDR/checkpoint;antifolate/nucleotide,-23.5,-23.948275862068964
Cyclophosphamide,Methotrexate,,antifolate/nucleotide,-18.0,-20.75438596491228
Cyclophosphamide,Vinblastine,,microtubule/tubulin,-37.5,-43.69642857142857
Cyclophosphamide,Vincristine,,microtubule/tubulin,-28.0,-36.01754385964912
Cyclophosphamide,Doxorubicin,,topoisomerase/DNA_damage,-22.5,-30.310344827586206
Cyclophosphamide,Paclitaxel,,microtubule/tubulin,-12.0,-25.6
Cyclophosphamide,Etoposide,,topoisomerase/DNA_damage,-24.0,-22.71186440677966
Cyclophosphamide,Dexrazoxane,dexrazoxane,,-22.0,-20.47457627118644
Cyclophosphamide,Docetaxel,,microtubule/tubulin,-57.0,-62.592592592592595
Cyclophosphamide,Pemetrexed,,antifolate/nucleotide,-7.0,-13.305084745762711
Cyclophosphamide,Celecoxib,celecoxib,,-37.0,-48.40350877192982
Cyclophosphamide,Pralatrexate,,CHK/DDR/checkpoint;antifolate/nucleotide,-65.0,-69.59649122807018
Mitomycin,Methotrexate,,antifolate/nucleotide,-38.0,-52.61538461538461
Mitomycin,Vinblastine,,microtubule/tubulin,-19.0,-17.0
Mitomycin,Vincristine,,microtubule/tubulin,-15.0,-11.631578947368421
Mitomycin,Doxorubicin,,topoisomerase/DNA_damage,-7.0,-4.637931034482759
Mitomycin,Paclitaxel,,microtubule/tubulin,-36.0,-37.527272727272724
Mitomycin,Etoposide,,topoisomerase/DNA_damage,-26.0,-20.83050847457627
Mitomycin,Dexrazoxane,dexrazoxane,,-60.0,-63.898305084745765
Mitomycin,Docetaxel,,microtubule/tubulin,-19.0,-15.375
Mitomycin,Pemetrexed,,antifolate/nucleotide,-21.0,-22.79310344827586
Mitomycin,Celecoxib,celecoxib,,-31.0,-40.775862068965516
Mitomycin,Pralatrexate,,CHK/DDR/checkpoint;antifolate/nucleotide,-56.5,-49.775862068965516
Floxuridine,Methotrexate,,antifolate/nucleotide,-70.5,-73.92592592592592
Floxuridine,Etoposide,,topoisomerase/DNA_damage,-62.0,-56.96551724137931
Floxuridine,Dexrazoxane,dexrazoxane,,-29.0,-34.672413793103445
Floxuridine,Pemetrexed,,antifolate/nucleotide,15.0,17.135593220338983
Floxuridine,Celecoxib,celecoxib,,-23.5,-17.857142857142858
Hydroxyurea,Vincristine,,microtubule/tubulin,-45.0,-56.05172413793103
Hydroxyurea,Paclitaxel,,microtubule/tubulin,-1.5,10.696428571428571
Hydroxyurea,Etoposide,,topoisomerase/DNA_damage,-16.0,-19.593220338983052
Hydroxyurea,Dexrazoxane,dexrazoxane,,-5.0,-7.745762711864407
Hydroxyurea,Docetaxel,,microtubule/tubulin,5.0,5.157894736842105
Hydroxyurea,Pemetrexed,,antifolate/nucleotide,4.0,6.0
Hydroxyurea,Celecoxib,celecoxib,,-49.0,-54.1551724137931
Uracil Mustard,Doxorubicin,,topoisomerase/DNA_damage,2.0,-2.3333333333333335
Uracil Mustard,Etoposide,,topoisomerase/DNA_damage,-41.0,-38.94915254237288
Uracil Mustard,Dexrazoxane,dexrazoxane,,-46.0,-42.847457627118644
Uracil Mustard,Pemetrexed,,antifolate/nucleotide,-53.0,-52.172413793103445
Mitotane,Vinblastine,,microtubule/tubulin,-43.0,-48.0377358490566
Mitotane,Vincristine,,microtubule/tubulin,-49.0,-51.264150943396224
Mitotane,Doxorubicin,,topoisomerase/DNA_damage,-128.0,-134.67796610169492
Mitotane,Paclitaxel,,microtubule/tubulin,-22.0,-19.87719298245614
Mitotane,Etoposide,,topoisomerase/DNA_damage,-26.0,-25.89830508474576
Mitotane,Dexrazoxane,dexrazoxane,,-6.0,-8.661016949152541
Mitotane,Docetaxel,,microtubule/tubulin,49.0,63.63157894736842
Mitotane,Pemetrexed,,antifolate/nucleotide,-8.0,-11.89655172413793
Mitotane,Celecoxib,celecoxib,,-35.0,-41.224137931034484
Dacarbazine,Doxorubicin,,topoisomerase/DNA_damage,-23.0,-22.24561403508772
Dacarbazine,Etoposide,,topoisomerase/DNA_damage,-8.0,-9.661016949152541
Dacarbazine,Dexrazoxane,dexrazoxane,,-38.0,-37.62068965517241
Dacarbazine,Pemetrexed,,antifolate/nucleotide,-53.0,-53.389830508474574
Methoxsalen,Methotrexate,,antifolate/nucleotide,-45.5,-53.827586206896555
Methoxsalen,Vinblastine,,microtubule/tubulin,-60.0,-64.42
Methoxsalen,Vincristine,,microtubule/tubulin,-77.0,-80.11320754716981
Methoxsalen,Doxorubicin,,topoisomerase/DNA_damage,-10.0,-20.810344827586206
Methoxsalen,Paclitaxel,,microtubule/tubulin,-67.0,-93.31372549019608
Methoxsalen,Etoposide,,topoisomerase/DNA_damage,-29.0,-31.8135593220339
Methoxsalen,Dexrazoxane,dexrazoxane,,-11.0,-13.525423728813559
Methoxsalen,Docetaxel,,microtubule/tubulin,-148.0,-151.2
Methoxsalen,Pemetrexed,,antifolate/nucleotide,-8.0,-12.913793103448276
Methoxsalen,Celecoxib,celecoxib,,-56.5,-56.96551724137931
Methoxsalen,Pralatrexate,,CHK/DDR/checkpoint;antifolate/nucleotide,-80.5,-74.87931034482759
Vinblastine,6-Thioguanine,,microtubule/tubulin,-3.0,-0.9152542372881356
Vinblastine,Actinomycin D,,microtubule/tubulin,-45.0,-40.490196078431374
Vinblastine,Chlorambucil,,microtubule/tubulin,-35.0,-30.280701754385966
Vinblastine,Thiotepa,,microtubule/tubulin,-30.5,-31.482758620689655
Vinblastine,Melphalan,,microtubule/tubulin,-49.0,-48.03389830508475
Vinblastine,Triethylenemelamine,,microtubule/tubulin,-8.0,-8.431034482758621
Vinblastine,Altretamine,,microtubule/tubulin,-15.0,-12.135593220338983
Vinblastine,Fluorouracil,,microtubule/tubulin,-3.0,-2.9310344827586206
Vinblastine,Mithramycin,,microtubule/tubulin,1.0,2.1454545454545455
Vinblastine,Floxuridine,,microtubule/tubulin,-24.0,-25.637931034482758
Vinblastine,Hydroxyurea,,microtubule/tubulin,-28.5,-28.75862068965517
Vinblastine,Uracil Mustard,,microtubule/tubulin,-2.0,2.7017543859649122
Vinblastine,Dacarbazine,,microtubule/tubulin,-50.0,-53.17857142857143
Vinblastine,Cytarabine,,microtubule/tubulin,-23.0,-22.771929824561404
Vinblastine,Vincristine,,microtubule/tubulin,3.0,9.719298245614034
Vinblastine,Megestrol Acetate,,microtubule/tubulin,23.0,27.086206896551722
Vinblastine,Lomustine,,microtubule/tubulin,-56.5,-55.5625
Vinblastine,Daunorubicin,,microtubule/tubulin,-11.5,-4.089285714285714
Vinblastine,Azacitidine,,microtubule/tubulin,-15.0,-16.10909090909091
Vinblastine,Cladribine,,microtubule/tubulin,-20.0,-19.224137931034484
Vinblastine,Fludarabine,,microtubule/tubulin,-31.5,-34.275862068965516
Vinblastine,Isotretinoin,,microtubule/tubulin,20.5,24.137931034482758
Vinblastine,Teniposide,,microtubule/tubulin,-5.5,-5.785714285714286
Vinblastine,Doxorubicin,,microtubule/tubulin;topoisomerase/DNA_damage,-13.0,-19.81132075471698
Vinblastine,Bleomycin,,microtubule/tubulin,-16.0,-20.305084745762713
Vinblastine,Paclitaxel,,microtubule/tubulin,-16.0,-20.653061224489797
Vinblastine,Etoposide,,microtubule/tubulin;topoisomerase/DNA_damage,-9.5,-6.089285714285714
Vinblastine,Dexrazoxane,dexrazoxane,microtubule/tubulin,-9.0,1.0169491525423728
Vinblastine,Tamoxifen,,microtubule/tubulin,92.0,114.65517241379311
Vinblastine,Rapamycin,,microtubule/tubulin,-18.5,-24.413793103448278
Vinblastine,Carboplatin,,microtubule/tubulin,-31.5,-33.293103448275865
Vinblastine,Mitoxantrone,,microtubule/tubulin,2.0,2.235294117647059
Vinblastine,Temozolomide,,microtubule/tubulin,-32.0,-35.13793103448276
Vinblastine,Clofarabine,,microtubule/tubulin,-58.5,-56.12068965517241
Vinblastine,Vinorelbine,,microtubule/tubulin,28.0,34.03389830508475
Vinblastine,Gemcitabine,,microtubule/tubulin,-12.5,-10.327586206896552
Vinblastine,7-Ethyl-10-hydroxycamptothecin,,microtubule/tubulin,-11.0,-13.672413793103448
Vinblastine,Nelarabine,,microtubule/tubulin,-12.5,-12.568965517241379
Vinblastine,Pemetrexed,,microtubule/tubulin;antifolate/nucleotide,-10.0,-14.76271186440678
Vinblastine,Vorinostat,,microtubule/tubulin,-21.0,-24.50877192982456
Vinblastine,Exemestane,,microtubule/tubulin,21.0,17.491525423728813
Vinblastine,Gefitinib,,microtubule/tubulin,64.0,77.62711864406779
Vinblastine,Letrozole,,microtubule/tubulin,-57.5,-61.689655172413794
Vinblastine,Celecoxib,celecoxib,microtubule/tubulin,-32.5,-33.60344827586207
Vinblastine,Dasatinib,,microtubule/tubulin,-25.5,-33.517857142857146
Vinblastine,Everolimus,,microtubule/tubulin,-32.0,-31.24137931034483
Vinblastine,Pazopanib,,microtubule/tubulin,52.0,55.16949152542373
Vinblastine,Imatinib,,microtubule/tubulin,-13.5,-2.896551724137931
Vinblastine,Lapatinib,,microtubule/tubulin,-8.0,-4.090909090909091
Vinblastine,Nilotinib,,microtubule/tubulin,-34.5,-35.785714285714285
Vinblastine,Sorafenib,,microtubule/tubulin,-28.0,-34.816326530612244
Vinblastine,Lenalidomide,,microtubule/tubulin,-20.0,-25.338983050847457
Vinblastine,Raloxifene,,microtubule/tubulin,75.0,80.52542372881356
Vinblastine,Abiraterone,,microtubule/tubulin,53.0,58.16949152542373
Vinblastine,Sunitinib,,microtubule/tubulin,-20.0,-21.310344827586206
Vinblastine,Vemurafenib,,microtubule/tubulin,80.0,83.20338983050847
Vinblastine,Depsipeptide,,microtubule/tubulin,-8.5,-7.120689655172414
Vinblastine,Vismodegib,,microtubule/tubulin,118.0,127.42372881355932
Vinblastine,Crizotinib,,microtubule/tubulin,44.0,47.33898305084746
Vinblastine,Axitinib,,microtubule/tubulin,-17.0,-15.11864406779661
Vinblastine,Vandetanib,,microtubule/tubulin,40.0,40.983050847457626
Vinblastine,Cabazitaxel,,microtubule/tubulin,43.0,33.08510638297872
Vinblastine,Ruxolitinib,,microtubule/tubulin,-9.0,-24.203389830508474
Cytarabine,Methotrexate,,antifolate/nucleotide,-87.0,-94.79245283018868
Cytarabine,Etoposide,,topoisomerase/DNA_damage,-13.0,-9.745762711864407
Cytarabine,Dexrazoxane,dexrazoxane,,-19.0,-18.915254237288135
Cytarabine,Pemetrexed,,antifolate/nucleotide,-34.0,-35.67857142857143
Cytarabine,Celecoxib,celecoxib,,-10.5,-4.410714285714286
Thalidomide,Methotrexate,,antifolate/nucleotide,-40.5,-36.08620689655172
Thalidomide,Vinblastine,,microtubule/tubulin,-20.0,-17.23913043478261
Thalidomide,Vincristine,,microtubule/tubulin,-47.0,-55.705882352941174
Thalidomide,Doxorubicin,,topoisomerase/DNA_damage,-11.0,5.844827586206897
Thalidomide,Paclitaxel,,microtubule/tubulin,-1.0,-6.6938775510204085
Thalidomide,Etoposide,,topoisomerase/DNA_damage,-11.0,-10.677966101694915
Thalidomide,Dexrazoxane,dexrazoxane,,-1.0,2.4915254237288136
Thalidomide,Docetaxel,,microtubule/tubulin,-39.5,-44.23809523809524
Thalidomide,Pemetrexed,,antifolate/nucleotide,-19.0,-29.016949152542374
Thalidomide,Celecoxib,celecoxib,,-45.0,-50.3448275862069
Thalidomide,Pralatrexate,,CHK/DDR/checkpoint;antifolate/nucleotide,-75.5,-74.65517241379311
Vincristine,Methotrexate,,microtubule/tubulin;antifolate/nucleotide,-67.0,-70.88888888888889
Vincristine,6-Thioguanine,,microtubule/tubulin,4.0,7.5423728813559325
Vincristine,Actinomycin D,,microtubule/tubulin,-51.0,-49.45614035087719
Vincristine,Chlorambucil,,microtubule/tubulin,-12.0,-5.694915254237288
Vincristine,Thiotepa,,microtubule/tubulin,-32.0,-32.27272727272727
Vincristine,Melphalan,,microtubule/tubulin,-24.0,-28.10169491525424
Vincristine,Altretamine,,microtubule/tubulin,-12.0,-1.8305084745762712
Vincristine,Fluorouracil,,microtubule/tubulin,-2.0,-2.152542372881356
Vincristine,Floxuridine,,microtubule/tubulin,-13.5,-16.0
Vincristine,Uracil Mustard,,microtubule/tubulin,59.0,75.21052631578948
Vincristine,Dacarbazine,,microtubule/tubulin,-42.0,-52.32203389830509
Vincristine,Cytarabine,,microtubule/tubulin,-27.0,-27.41509433962264
Vincristine,Megestrol Acetate,,microtubule/tubulin,77.0,74.37288135593221
Vincristine,Lomustine,,microtubule/tubulin,7.5,9.137931034482758
Vincristine,Daunorubicin,,microtubule/tubulin,19.0,22.79310344827586
Vincristine,Teniposide,,microtubule/tubulin,37.0,37.51851851851852
Vincristine,Etoposide,,microtubule/tubulin;topoisomerase/DNA_damage,16.0,13.537037037037036
Vincristine,Dexrazoxane,dexrazoxane,microtubule/tubulin,6.0,2.0847457627118646
Vincristine,Mitoxantrone,,microtubule/tubulin,59.0,57.2962962962963
Vincristine,Vinorelbine,,microtubule/tubulin,30.0,38.57627118644068
Vincristine,Pemetrexed,,microtubule/tubulin;antifolate/nucleotide,-2.0,-6.0344827586206895
Vincristine,Exemestane,,microtubule/tubulin,42.0,45.186440677966104
Vincristine,Gefitinib,,microtubule/tubulin,100.0,110.66101694915254
Vincristine,Letrozole,,microtubule/tubulin,-100.0,-120.52631578947368
Vincristine,Celecoxib,celecoxib,microtubule/tubulin,-24.0,-28.140350877192983
Vincristine,Pazopanib,,microtubule/tubulin,39.0,51.440677966101696
Vincristine,Lenalidomide,,microtubule/tubulin,-24.5,-28.362068965517242
Vincristine,Raloxifene,,microtubule/tubulin,14.0,25.47457627118644
Vincristine,Abiraterone,,microtubule/tubulin,24.0,29.440677966101696
Vincristine,Vemurafenib,,microtubule/tubulin,19.0,16.0
Vincristine,Vismodegib,,microtubule/tubulin,44.5,43.293103448275865
Vincristine,Crizotinib,,microtubule/tubulin,-2.0,-1.88135593220339
Vincristine,Axitinib,,microtubule/tubulin,-26.0,-23.54237288135593
Vincristine,Vandetanib,,microtubule/tubulin,7.0,1.0677966101694916
Vincristine,Cabazitaxel,,microtubule/tubulin,-5.0,1.3728813559322033
Vincristine,Ruxolitinib,,microtubule/tubulin,-42.5,-42.1551724137931
Megestrol Acetate,Doxorubicin,,topoisomerase/DNA_damage,22.0,50.01724137931034
Megestrol Acetate,Etoposide,,topoisomerase/DNA_damage,17.0,6.796610169491525
Megestrol Acetate,Dexrazoxane,dexrazoxane,,-6.0,-20.76271186440678
Megestrol Acetate,Pemetrexed,,antifolate/nucleotide,-53.0,-66.61016949152543
Procarbazine,Methotrexate,,antifolate/nucleotide,-28.0,-34.206896551724135
Procarbazine,Vinblastine,,microtubule/tubulin,-26.0,-26.69811320754717
Procarbazine,Vincristine,,microtubule/tubulin,-11.0,-4.433962264150943
Procarbazine,Doxorubicin,,topoisomerase/DNA_damage,18.0,33.706896551724135
Procarbazine,Paclitaxel,,microtubule/tubulin,4.0,8.74468085106383
Procarbazine,Etoposide,,topoisomerase/DNA_damage,10.0,12.610169491525424
Procarbazine,Dexrazoxane,dexrazoxane,,0.0,-1.0847457627118644
Procarbazine,Docetaxel,,microtubule/tubulin,-7.5,-0.47619047619047616
Procarbazine,Pemetrexed,,antifolate/nucleotide,-71.0,-78.58536585365853
Procarbazine,Celecoxib,celecoxib,,-42.5,-46.172413793103445
Procarbazine,Pralatrexate,,CHK/DDR/checkpoint;antifolate/nucleotide,-58.0,-60.30357142857143
Lomustine,Doxorubicin,,topoisomerase/DNA_damage,9.0,16.31578947368421
Lomustine,Etoposide,,topoisomerase/DNA_damage,-33.0,-27.576271186440678
Lomustine,Dexrazoxane,dexrazoxane,,-35.0,-32.23728813559322
Lomustine,Pemetrexed,,antifolate/nucleotide,-76.0,-71.14035087719299
Daunorubicin,Doxorubicin,,topoisomerase/DNA_damage,5.0,7.6909090909090905
Daunorubicin,Etoposide,,topoisomerase/DNA_damage,19.0,21.35593220338983
Daunorubicin,Dexrazoxane,dexrazoxane,,-5.0,-2.983050847457627
Daunorubicin,Pemetrexed,,antifolate/nucleotide,-22.5,-23.03448275862069
Streptozocin,Methotrexate,,antifolate/nucleotide,-21.0,-29.8
Streptozocin,Vinblastine,,microtubule/tubulin,-45.5,-65.35714285714286
Streptozocin,Vincristine,,microtubule/tubulin,-59.5,-66.15217391304348
Streptozocin,Doxorubicin,,topoisomerase/DNA_damage,-25.0,-25.20689655172414
Streptozocin,Paclitaxel,,microtubule/tubulin,-33.0,-6.842105263157895
Streptozocin,Etoposide,,topoisomerase/DNA_damage,9.0,10.288135593220339
Streptozocin,Dexrazoxane,dexrazoxane,,-2.0,-4.220338983050848
Streptozocin,Docetaxel,,microtubule/tubulin,-41.0,-35.23076923076923
Streptozocin,Pemetrexed,,antifolate/nucleotide,-11.0,-12.220338983050848
Streptozocin,Celecoxib,celecoxib,,-41.0,-45.96491228070175
Streptozocin,Pralatrexate,,CHK/DDR/checkpoint;antifolate/nucleotide,-66.5,-61.206896551724135
Arsenic trioxide,Methotrexate,,antifolate/nucleotide,-25.0,-25.428571428571427
Arsenic trioxide,Vinblastine,,microtubule/tubulin,-16.5,-14.379310344827585
Arsenic trioxide,Vincristine,,microtubule/tubulin,16.0,18.310344827586206
Arsenic trioxide,Doxorubicin,,topoisomerase/DNA_damage,-34.0,-32.58620689655172
Arsenic trioxide,Paclitaxel,,microtubule/tubulin,-16.0,-13.423728813559322
Arsenic trioxide,Etoposide,,topoisomerase/DNA_damage,-236.0,-254.28301886792454
Arsenic trioxide,Dexrazoxane,dexrazoxane,,-72.5,-81.73214285714286
Arsenic trioxide,Amifostine,amifostine,,3.0,1.1864406779661016
Arsenic trioxide,Docetaxel,,microtubule/tubulin,-23.0,-20.559322033898304
Arsenic trioxide,Pemetrexed,,antifolate/nucleotide,-10.0,-13.576271186440678
Arsenic trioxide,Celecoxib,celecoxib,,-11.0,-12.206896551724139
Arsenic trioxide,Pralatrexate,,CHK/DDR/checkpoint;antifolate/nucleotide,2.0,-0.1864406779661017
Azacitidine,Vinblastine,,microtubule/tubulin,-41.0,-38.698113207547166
Azacitidine,Vincristine,,microtubule/tubulin,-28.0,-30.87272727272727
Azacitidine,Paclitaxel,,microtubule/tubulin,-46.0,-85.38181818181818
Azacitidine,Etoposide,,topoisomerase/DNA_damage,14.0,14.813559322033898
Azacitidine,Dexrazoxane,dexrazoxane,,-2.0,-1.1694915254237288
Azacitidine,Docetaxel,,microtubule/tubulin,-9.5,-10.642857142857142
Azacitidine,Pemetrexed,,antifolate/nucleotide,-8.0,-15.491525423728813
Azacitidine,Celecoxib,celecoxib,,6.0,6.127272727272727
Cladribine,Methotrexate,,antifolate/nucleotide,-94.0,-100.4
Cladribine,Vincristine,,microtubule/tubulin,-39.5,-42.01923076923077
Cladribine,Etoposide,,topoisomerase/DNA_damage,7.0,7.237288135593221
Cladribine,Dexrazoxane,dexrazoxane,,-10.0,-7.88135593220339
Cladribine,Pemetrexed,,antifolate/nucleotide,-27.0,-39.45614035087719
Cladribine,Celecoxib,celecoxib,,-31.0,-30.24561403508772
Ifosfamide,Methotrexate,,antifolate/nucleotide,-36.0,-38.5
Ifosfamide,Vinblastine,,microtubule/tubulin,-14.0,-27.82456140350877
Ifosfamide,Vincristine,,microtubule/tubulin,-50.0,-49.09803921568628
Ifosfamide,Doxorubicin,,topoisomerase/DNA_damage,-15.5,-21.913793103448278
Ifosfamide,Paclitaxel,,microtubule/tubulin,-7.0,3.087719298245614
Ifosfamide,Etoposide,,topoisomerase/DNA_damage,4.0,6.016949152542373
Ifosfamide,Dexrazoxane,dexrazoxane,,-7.0,-10.440677966101696
Ifosfamide,Docetaxel,,microtubule/tubulin,-44.0,-47.44
Ifosfamide,Pemetrexed,,antifolate/nucleotide,-3.0,-9.830508474576272
Ifosfamide,Celecoxib,celecoxib,,-44.5,-52.93103448275862
Ifosfamide,Pralatrexate,,CHK/DDR/checkpoint;antifolate/nucleotide,-59.0,-65.82456140350877
Fludarabine,Methotrexate,,antifolate/nucleotide,-68.0,-72.50980392156863
Fludarabine,Vincristine,,microtubule/tubulin,-13.0,-13.867924528301886
Fludarabine,Etoposide,,topoisomerase/DNA_damage,10.0,9.474576271186441
Fludarabine,Dexrazoxane,dexrazoxane,,-4.0,-1.7627118644067796
Fludarabine,Pemetrexed,,antifolate/nucleotide,-18.0,-31.50877192982456
Fludarabine,Celecoxib,celecoxib,,-31.0,-33.96491228070175
Cisplatin,Methotrexate,,antifolate/nucleotide,-68.0,-69.32727272727273
Cisplatin,Vinblastine,,microtubule/tubulin,-15.0,-20.105263157894736
Cisplatin,Vincristine,,microtubule/tubulin,-3.5,-9.25
Cisplatin,Doxorubicin,,topoisomerase/DNA_damage,-1.0,8.338983050847459
Cisplatin,Paclitaxel,,microtubule/tubulin,-8.0,-17.25
Cisplatin,Etoposide,,topoisomerase/DNA_damage,9.0,12.948275862068966
Cisplatin,Dexrazoxane,dexrazoxane,,20.0,18.155172413793103
Cisplatin,Amifostine,amifostine,,-24.0,-29.32758620689655
Cisplatin,Docetaxel,,microtubule/tubulin,-5.0,-14.59322033898305
Cisplatin,Pemetrexed,,antifolate/nucleotide,-22.0,-19.896551724137932
Cisplatin,Celecoxib,celecoxib,,-45.0,-50.73684210526316
Cisplatin,Pralatrexate,,CHK/DDR/checkpoint;antifolate/nucleotide,-43.0,-41.932203389830505
Isotretinoin,Methotrexate,,antifolate/nucleotide,-59.5,-56.75925925925926
Isotretinoin,Vincristine,,microtubule/tubulin,-12.0,-14.38888888888889
Isotretinoin,Etoposide,,topoisomerase/DNA_damage,21.0,24.322033898305083
Isotretinoin,Dexrazoxane,dexrazoxane,,-13.0,-9.76271186440678
Isotretinoin,Pemetrexed,,antifolate/nucleotide,-18.0,-22.88135593220339
Isotretinoin,Celecoxib,celecoxib,,-27.0,-37.1578947368421
Teniposide,Doxorubicin,,topoisomerase/DNA_damage,18.0,18.654545454545456
Teniposide,Etoposide,,topoisomerase/DNA_damage,-4.0,0.5932203389830508
Teniposide,Dexrazoxane,dexrazoxane,,5.0,12.88135593220339
Teniposide,Pemetrexed,,antifolate/nucleotide,-33.0,-31.0
Doxorubicin,Actinomycin D,,topoisomerase/DNA_damage,-28.0,-26.32758620689655
Doxorubicin,Thiotepa,,topoisomerase/DNA_damage,-41.5,-48.41379310344828
Doxorubicin,Triethylenemelamine,,topoisomerase/DNA_damage,-18.0,-20.25862068965517
Doxorubicin,Mithramycin,,topoisomerase/DNA_damage,0.0,-3.824561403508772
Doxorubicin,Floxuridine,,topoisomerase/DNA_damage,-32.0,-35.578947368421055
Doxorubicin,Hydroxyurea,,topoisomerase/DNA_damage,-6.0,-7.051724137931035
Doxorubicin,Cytarabine,,topoisomerase/DNA_damage,-35.0,-29.842105263157894
Doxorubicin,Vincristine,,microtubule/tubulin;topoisomerase/DNA_damage,-30.0,-31.67241379310345
Doxorubicin,Azacitidine,,topoisomerase/DNA_damage,-16.0,-13.327586206896552
Doxorubicin,Cladribine,,topoisomerase/DNA_damage,-38.0,-40.793103448275865
Doxorubicin,Fludarabine,,topoisomerase/DNA_damage,-34.0,-33.89473684210526
Doxorubicin,Isotretinoin,,topoisomerase/DNA_damage,-12.5,-17.396551724137932
Doxorubicin,Paclitaxel,,microtubule/tubulin;topoisomerase/DNA_damage,-35.0,-37.12765957446808
Doxorubicin,Bendamustine,,topoisomerase/DNA_damage,-30.0,-33.42307692307692
Doxorubicin,Tamoxifen,,topoisomerase/DNA_damage,48.0,51.206896551724135
Doxorubicin,Rapamycin,,topoisomerase/DNA_damage,-3.0,-1.2586206896551724
Doxorubicin,Carboplatin,,topoisomerase/DNA_damage,-25.0,-28.82456140350877
Doxorubicin,Temozolomide,,topoisomerase/DNA_damage,-46.0,-48.01754385964912
Doxorubicin,Clofarabine,,topoisomerase/DNA_damage,-30.5,-27.862068965517242
Doxorubicin,Gemcitabine,,topoisomerase/DNA_damage,-32.0,-37.824561403508774
Doxorubicin,Docetaxel,,microtubule/tubulin;topoisomerase/DNA_damage,-1.5,5.403846153846154
Doxorubicin,7-Ethyl-10-hydroxycamptothecin,,topoisomerase/DNA_damage,-19.0,-22.017543859649123
Doxorubicin,Nelarabine,,topoisomerase/DNA_damage,-38.0,-35.836363636363636
Doxorubicin,Vorinostat,,topoisomerase/DNA_damage,-7.0,-10.929824561403509
Doxorubicin,Capecitabine,,topoisomerase/DNA_damage,-58.0,-63.01754385964912
Doxorubicin,Letrozole,,topoisomerase/DNA_damage,-41.0,-46.62068965517241
Doxorubicin,Celecoxib,celecoxib,topoisomerase/DNA_damage,35.5,45.36206896551724
Doxorubicin,Zoledronate,,topoisomerase/DNA_damage,-16.5,-30.29310344827586
Doxorubicin,Dasatinib,,topoisomerase/DNA_damage,0.0,-2.9827586206896552
Doxorubicin,Everolimus,,topoisomerase/DNA_damage,-2.5,-5.672413793103448
Doxorubicin,Imatinib,,topoisomerase/DNA_damage,-7.5,-8.827586206896552
Doxorubicin,Lapatinib,,topoisomerase/DNA_damage,-29.0,-28.5
Doxorubicin,Nilotinib,,topoisomerase/DNA_damage,-45.0,-44.280701754385966
Doxorubicin,Sorafenib,,topoisomerase/DNA_damage,-26.0,-32.31578947368421
Doxorubicin,Sunitinib,,topoisomerase/DNA_damage,-49.5,-59.327586206896555
Doxorubicin,Depsipeptide,,topoisomerase/DNA_damage,20.0,16.333333333333332
Doxorubicin,Pralatrexate,,CHK/DDR/checkpoint;topoisomerase/DNA_damage;antifolate/nucleotide,-31.0,-45.63793103448276
Bleomycin,Vincristine,,microtubule/tubulin,-17.5,-24.155172413793103
Bleomycin,Doxorubicin,,topoisomerase/DNA_damage,-10.5,-14.931034482758621
Bleomycin,Paclitaxel,,microtubule/tubulin,-18.5,-13.446428571428571
Bleomycin,Etoposide,,topoisomerase/DNA_damage,2.0,2.0517241379310347
Bleomycin,Dexrazoxane,dexrazoxane,,-6.0,-5.754385964912281
Bleomycin,Docetaxel,,microtubule/tubulin,-10.5,-0.17857142857142858
Bleomycin,Pemetrexed,,antifolate/nucleotide,-11.0,-12.824561403508772
Bleomycin,Celecoxib,celecoxib,,-24.5,-27.948275862068964
Paclitaxel,6-Thioguanine,,microtubule/tubulin,-10.0,-10.915254237288135
Paclitaxel,Actinomycin D,,microtubule/tubulin,1.5,15.964285714285714
Paclitaxel,Chlorambucil,,microtubule/tubulin,-19.0,-21.189655172413794
Paclitaxel,Thiotepa,,microtubule/tubulin,-1.0,11.962962962962964
Paclitaxel,Melphalan,,microtubule/tubulin,-15.0,-20.74576271186441
Paclitaxel,Altretamine,,microtubule/tubulin,-1.0,0.3220338983050847
Paclitaxel,Fluorouracil,,microtubule/tubulin,-2.0,0.6779661016949152
Paclitaxel,Floxuridine,,microtubule/tubulin,-31.0,-32.3921568627451
Paclitaxel,Uracil Mustard,,microtubule/tubulin,2.0,4.385964912280702
Paclitaxel,Dacarbazine,,microtubule/tubulin,-23.0,-20.491525423728813
Paclitaxel,Cytarabine,,microtubule/tubulin,-44.0,-43.76470588235294
Paclitaxel,Vincristine,,microtubule/tubulin,-17.5,-14.125
Paclitaxel,Megestrol Acetate,,microtubule/tubulin,71.0,68.79310344827586
Paclitaxel,Lomustine,,microtubule/tubulin,-2.0,-1.1929824561403508
Paclitaxel,Daunorubicin,,microtubule/tubulin,10.5,17.982142857142858
Paclitaxel,Cladribine,,microtubule/tubulin,-24.5,-24.555555555555557
Paclitaxel,Fludarabine,,microtubule/tubulin,-20.5,-18.12962962962963
Paclitaxel,Isotretinoin,,microtubule/tubulin,138.0,169.9090909090909
Paclitaxel,Teniposide,,microtubule/tubulin,4.0,5.054545454545455
Paclitaxel,Etoposide,,microtubule/tubulin;topoisomerase/DNA_damage,-24.0,-31.035714285714285
Paclitaxel,Dexrazoxane,dexrazoxane,microtubule/tubulin,-21.0,-18.694915254237287
Paclitaxel,Tamoxifen,,microtubule/tubulin,148.0,176.3148148148148
Paclitaxel,Rapamycin,,microtubule/tubulin,10.0,14.226415094339623
Paclitaxel,Carboplatin,,microtubule/tubulin,-16.5,-24.02
Paclitaxel,Mitoxantrone,,microtubule/tubulin,10.0,2.0576923076923075
Paclitaxel,Temozolomide,,microtubule/tubulin,-30.5,-33.78260869565217
Paclitaxel,Clofarabine,,microtubule/tubulin,-56.5,-70.01785714285714
Paclitaxel,Vinorelbine,,microtubule/tubulin,17.0,20.016949152542374
Paclitaxel,Gemcitabine,,microtubule/tubulin,-31.0,-38.224489795918366
Paclitaxel,Nelarabine,,microtubule/tubulin,-93.0,-105.53846153846153
Paclitaxel,Pemetrexed,,microtubule/tubulin;antifolate/nucleotide,0.0,-6.813559322033898
Paclitaxel,Capecitabine,,microtubule/tubulin,-39.0,-49.34615384615385
Paclitaxel,Exemestane,,microtubule/tubulin,10.5,14.03448275862069
Paclitaxel,Gefitinib,,microtubule/tubulin,101.0,104.23728813559322
Paclitaxel,Letrozole,,microtubule/tubulin,-79.5,-101.4375
Paclitaxel,Celecoxib,celecoxib,microtubule/tubulin,119.0,128.16071428571428
Paclitaxel,Pazopanib,,microtubule/tubulin,23.0,21.017543859649123
Paclitaxel,Imatinib,,microtubule/tubulin,64.0,73.32727272727273
Paclitaxel,Nilotinib,,microtubule/tubulin,33.5,42.148148148148145
Paclitaxel,Lenalidomide,,microtubule/tubulin,-4.0,-11.913793103448276
Paclitaxel,Raloxifene,,microtubule/tubulin,-24.0,-32.54237288135593
Paclitaxel,Abiraterone,,microtubule/tubulin,49.0,49.932203389830505
Paclitaxel,Vemurafenib,,microtubule/tubulin,6.0,3.7241379310344827
Paclitaxel,Vismodegib,,microtubule/tubulin,24.0,29.75862068965517
Paclitaxel,Crizotinib,,microtubule/tubulin,-42.0,-39.25423728813559
Paclitaxel,Axitinib,,microtubule/tubulin,10.0,16.35593220338983
Paclitaxel,Vandetanib,,microtubule/tubulin,9.0,13.76271186440678
Paclitaxel,Cabazitaxel,,microtubule/tubulin,9.0,17.389830508474578
Paclitaxel,Ruxolitinib,,microtubule/tubulin,-4.0,0.4406779661016949
Decitabine,Methotrexate,,antifolate/nucleotide,-41.0,-46.719298245614034
Decitabine,Vinblastine,,microtubule/tubulin,-21.0,-37.96491228070175
Decitabine,Vincristine,,microtubule/tubulin,-16.0,-29.56140350877193
Decitabine,Doxorubicin,,topoisomerase/DNA_damage,-20.0,-25.220338983050848
Decitabine,Paclitaxel,,microtubule/tubulin,-59.0,-77.19298245614036
Decitabine,Etoposide,,topoisomerase/DNA_damage,-10.0,-9.372881355932204
Decitabine,Dexrazoxane,dexrazoxane,,-9.0,-6.288135593220339
Decitabine,Docetaxel,,microtubule/tubulin,-50.0,-49.58181818181818
Decitabine,Pemetrexed,,antifolate/nucleotide,-6.0,-14.898305084745763
Decitabine,Celecoxib,celecoxib,,-42.0,-39.25423728813559
Decitabine,Pralatrexate,,CHK/DDR/checkpoint;antifolate/nucleotide,-54.0,-73.35593220338983
Bendamustine,Vinblastine,,microtubule/tubulin,-41.0,-45.53191489361702
Bendamustine,Vincristine,,microtubule/tubulin,-40.5,-45.03448275862069
Bendamustine,Paclitaxel,,microtubule/tubulin,5.0,2.8620689655172415
Bendamustine,Etoposide,,topoisomerase/DNA_damage,-13.0,-13.288135593220339
Bendamustine,Dexrazoxane,dexrazoxane,,12.0,9.677966101694915
Bendamustine,Docetaxel,,microtubule/tubulin,10.5,9.051724137931034
Bendamustine,Pemetrexed,,antifolate/nucleotide,-23.0,-26.490909090909092
Bendamustine,Celecoxib,celecoxib,,-41.0,-45.275862068965516
Etoposide,Triethylenemelamine,,topoisomerase/DNA_damage,5.0,6.581818181818182
Etoposide,Doxorubicin,,topoisomerase/DNA_damage,34.0,43.56140350877193
Etoposide,Dexrazoxane,dexrazoxane,topoisomerase/DNA_damage,-0.5,7.4655172413793105
Etoposide,Mitoxantrone,,topoisomerase/DNA_damage,23.0,25.661016949152543
Etoposide,Vinorelbine,,topoisomerase/DNA_damage,-31.0,-32.44230769230769
Etoposide,Pemetrexed,,topoisomerase/DNA_damage;antifolate/nucleotide,-29.0,-22.8135593220339
Etoposide,Exemestane,,topoisomerase/DNA_damage,-10.0,-3.610169491525424
Etoposide,Gefitinib,,topoisomerase/DNA_damage,23.0,22.084745762711865
Etoposide,Pazopanib,,topoisomerase/DNA_damage,-17.0,-18.423728813559322
Etoposide,Lenalidomide,,topoisomerase/DNA_damage,-9.0,-10.983050847457626
Etoposide,Raloxifene,,topoisomerase/DNA_damage,-24.0,-23.508474576271187
Etoposide,Abiraterone,,topoisomerase/DNA_damage,-16.0,-16.310344827586206
Etoposide,Vemurafenib,,topoisomerase/DNA_damage,-27.0,-28.16949152542373
Etoposide,Vismodegib,,topoisomerase/DNA_damage,-24.0,-22.189655172413794
Etoposide,Crizotinib,,topoisomerase/DNA_damage,-22.0,-23.47457627118644
Etoposide,Axitinib,,topoisomerase/DNA_damage,-22.0,-27.406779661016948
Etoposide,Vandetanib,,topoisomerase/DNA_damage,-8.0,-9.491525423728813
Etoposide,Cabazitaxel,,topoisomerase/DNA_damage,-40.5,-39.65384615384615
Etoposide,Ruxolitinib,,topoisomerase/DNA_damage,-36.0,-42.10344827586207
Dexrazoxane,Triethylenemelamine,dexrazoxane,,2.5,2.107142857142857
Dexrazoxane,Doxorubicin,dexrazoxane,topoisomerase/DNA_damage,21.5,28.625
Dexrazoxane,Mitoxantrone,dexrazoxane,,-23.0,-24.864406779661017
Dexrazoxane,Vinorelbine,dexrazoxane,,-18.0,-18.23728813559322
Dexrazoxane,Pemetrexed,dexrazoxane,antifolate/nucleotide,-32.0,-30.983050847457626
Dexrazoxane,Exemestane,dexrazoxane,,-27.0,-29.152542372881356
Dexrazoxane,Gefitinib,dexrazoxane,,-3.0,-1.9491525423728813
Dexrazoxane,Pazopanib,dexrazoxane,,-5.0,-5.135593220338983
Dexrazoxane,Lenalidomide,dexrazoxane,,-12.0,-12.067796610169491
Dexrazoxane,Raloxifene,dexrazoxane,,-34.0,-37.11864406779661
Dexrazoxane,Abiraterone,dexrazoxane,,-10.5,-7.396551724137931
Dexrazoxane,Vemurafenib,dexrazoxane,,-17.0,-16.385964912280702
Dexrazoxane,Vismodegib,dexrazoxane,,-35.0,-39.847457627118644
Dexrazoxane,Crizotinib,dexrazoxane,,-26.0,-26.93220338983051
Dexrazoxane,Axitinib,dexrazoxane,,-25.0,-22.83050847457627
Dexrazoxane,Vandetanib,dexrazoxane,,-1.0,-4.186440677966102
Dexrazoxane,Cabazitaxel,dexrazoxane,,-25.5,-24.482142857142858
Dexrazoxane,Ruxolitinib,dexrazoxane,,-18.5,-26.93103448275862
Tamoxifen,Methotrexate,,antifolate/nucleotide,-43.0,-49.44444444444444
Tamoxifen,Vincristine,,microtubule/tubulin,58.0,70.08771929824562
Tamoxifen,Etoposide,,topoisomerase/DNA_damage,-18.0,-21.508474576271187
Tamoxifen,Dexrazoxane,dexrazoxane,,-21.5,-24.103448275862068
Tamoxifen,Pemetrexed,,antifolate/nucleotide,-1.0,-2.8813559322033897
Tamoxifen,Celecoxib,celecoxib,,-21.0,-26.280701754385966
Pentostatin,Methotrexate,,antifolate/nucleotide,-29.0,-29.125
Pentostatin,Vinblastine,,microtubule/tubulin,-23.0,-20.68421052631579
Pentostatin,Vincristine,,microtubule/tubulin,-34.5,-37.232142857142854
Pentostatin,Doxorubicin,,topoisomerase/DNA_damage,-24.0,-25.050847457627118
Pentostatin,Paclitaxel,,microtubule/tubulin,23.0,28.52
Pentostatin,Etoposide,,topoisomerase/DNA_damage,-21.0,-23.16949152542373
Pentostatin,Dexrazoxane,dexrazoxane,,-4.0,-7.762711864406779
Pentostatin,Amifostine,amifostine,,-45.0,-54.50847457627118
Pentostatin,Docetaxel,,microtubule/tubulin,-61.0,-71.67307692307692
Pentostatin,Pemetrexed,,antifolate/nucleotide,-16.0,-19.728813559322035
Pentostatin,Celecoxib,celecoxib,,-43.5,-48.10344827586207
Pentostatin,Pralatrexate,,CHK/DDR/checkpoint;antifolate/nucleotide,-46.5,-49.1551724137931
Rapamycin,Methotrexate,,antifolate/nucleotide,-30.0,-30.392857142857142
Rapamycin,Vinblastine,,microtubule/tubulin,-22.0,-24.913793103448278
Rapamycin,Vincristine,,microtubule/tubulin,-7.5,3.189655172413793
Rapamycin,Etoposide,,topoisomerase/DNA_damage,-13.0,-11.186440677966102
Rapamycin,Dexrazoxane,dexrazoxane,,-15.0,-9.491525423728813
Rapamycin,Pemetrexed,,antifolate/nucleotide,-13.0,-25.847457627118644
Rapamycin,Celecoxib,celecoxib,,15.0,9.87719298245614
Carboplatin,Methotrexate,,antifolate/nucleotide,-69.0,-66.94545454545455
Carboplatin,Vincristine,,microtubule/tubulin,-26.0,-32.29090909090909
Carboplatin,Etoposide,,topoisomerase/DNA_damage,-11.0,-8.220338983050848
Carboplatin,Dexrazoxane,dexrazoxane,,-4.0,-2.6842105263157894
Carboplatin,Pemetrexed,,antifolate/nucleotide,-26.0,-25.084745762711865
Carboplatin,Celecoxib,celecoxib,,-35.0,-38.74545454545454
Valrubicin,Vinblastine,,microtubule/tubulin,-35.0,-39.64150943396226
Valrubicin,Vincristine,,microtubule/tubulin,9.0,4.09433962264151
Valrubicin,Doxorubicin,,topoisomerase/DNA_damage,39.0,52.706896551724135
Valrubicin,Paclitaxel,,microtubule/tubulin,-39.0,-36.85
Valrubicin,Etoposide,,topoisomerase/DNA_damage,-17.0,-20.084745762711865
Valrubicin,Dexrazoxane,dexrazoxane,,-4.0,-5.101694915254237
Valrubicin,Pemetrexed,,antifolate/nucleotide,-21.0,-19.949152542372882
Valrubicin,Celecoxib,celecoxib,,-48.0,-40.785714285714285
Idarubicin,Methotrexate,,antifolate/nucleotide,-134.5,-121.33928571428571
Idarubicin,Vinblastine,,microtubule/tubulin,-45.5,-52.01851851851852
Idarubicin,Vincristine,,microtubule/tubulin,-111.0,-118.47272727272727
Idarubicin,Doxorubicin,,topoisomerase/DNA_damage,7.5,7.196428571428571
Idarubicin,Paclitaxel,,microtubule/tubulin,-65.0,-72.45833333333333
Idarubicin,Etoposide,,topoisomerase/DNA_damage,-47.0,-43.345454545454544
Idarubicin,Dexrazoxane,dexrazoxane,,-65.5,-50.892857142857146
Idarubicin,Amifostine,amifostine,,0.0,1.456140350877193
Idarubicin,Docetaxel,,microtubule/tubulin,11.0,10.296296296296296
Idarubicin,Pemetrexed,,antifolate/nucleotide,-17.0,-14.963636363636363
Idarubicin,Celecoxib,celecoxib,,-40.5,-40.05357142857143
Idarubicin,Pralatrexate,,CHK/DDR/checkpoint;antifolate/nucleotide,-72.0,-73.81818181818181
Epirubicin,Methotrexate,,antifolate/nucleotide,-84.5,-86.89285714285714
Epirubicin,Vinblastine,,microtubule/tubulin,-19.0,-21.4
Epirubicin,Vincristine,,microtubule/tubulin,-93.5,-110.75
Epirubicin,Doxorubicin,,topoisomerase/DNA_damage,35.0,32.69642857142857
Epirubicin,Paclitaxel,,microtubule/tubulin,-93.0,-104.0909090909091
Epirubicin,Etoposide,,topoisomerase/DNA_damage,-15.0,-2.0545454545454547
Epirubicin,Dexrazoxane,dexrazoxane,,8.0,12.894736842105264
Epirubicin,Amifostine,amifostine,,-42.0,-50.75438596491228
Epirubicin,Docetaxel,,microtubule/tubulin,-57.0,-55.535714285714285
Epirubicin,Pemetrexed,,antifolate/nucleotide,-15.0,-7.0181818181818185
Epirubicin,Celecoxib,celecoxib,,-7.0,-7.875
Epirubicin,Pralatrexate,,CHK/DDR/checkpoint;antifolate/nucleotide,-63.0,-66.58181818181818
Oxaliplatin,Methotrexate,,antifolate/nucleotide,-60.5,-58.2
Oxaliplatin,Vinblastine,,microtubule/tubulin,-25.0,-35.03703703703704
Oxaliplatin,Vincristine,,microtubule/tubulin,-20.0,-23.036363636363635
Oxaliplatin,Doxorubicin,,topoisomerase/DNA_damage,-12.0,-7.4576271186440675
Oxaliplatin,Paclitaxel,,microtubule/tubulin,19.0,29.169811320754718
Oxaliplatin,Etoposide,,topoisomerase/DNA_damage,1.0,2.5084745762711864
Oxaliplatin,Dexrazoxane,dexrazoxane,,-6.0,-9.68421052631579
Oxaliplatin,Docetaxel,,microtubule/tubulin,-51.5,-49.642857142857146
Oxaliplatin,Pemetrexed,,antifolate/nucleotide,-24.0,-33.48275862068966
Oxaliplatin,Celecoxib,celecoxib,,-37.0,-41.275862068965516
Oxaliplatin,Pralatrexate,,CHK/DDR/checkpoint;antifolate/nucleotide,-38.0,-43.89473684210526
Mitoxantrone,Doxorubicin,,topoisomerase/DNA_damage,1.0,10.807017543859649
Mitoxantrone,Pemetrexed,,antifolate/nucleotide,-23.0,-20.64406779661017
Amifostine,Methotrexate,amifostine,antifolate/nucleotide,-36.0,-31.745454545454546
Amifostine,Busulfan,amifostine,,-39.0,-42.6551724137931
Amifostine,6-Thioguanine,amifostine,,-22.0,-22.728813559322035
Amifostine,6-Mercaptopurine,amifostine,,-9.0,-3.4035087719298245
Amifostine,Nitrogen mustard,amifostine,,-19.0,-6.228070175438597
Amifostine,Allopurinol,amifostine,,-35.5,-43.96551724137931
Amifostine,Actinomycin D,amifostine,,-23.0,-23.634615384615383
Amifostine,Chlorambucil,amifostine,,-30.0,-31.694915254237287
Amifostine,Thiotepa,amifostine,,-18.0,-13.839285714285714
Amifostine,Melphalan,amifostine,,-9.0,-5.741379310344827
Amifostine,Triethylenemelamine,amifostine,,-11.0,2.0
Amifostine,Altretamine,amifostine,,-58.5,-64.36206896551724
Amifostine,Acrichine,amifostine,,-20.0,-15.771929824561404
Amifostine,Aminolevulinic acid,amifostine,,-31.5,-38.689655172413794
Amifostine,Fluorouracil,amifostine,,7.0,0.6101694915254238
Amifostine,Mithramycin,amifostine,,-14.0,-22.357142857142858
Amifostine,Pipobroman,amifostine,,-15.5,-22.086206896551722
Amifostine,Cyclophosphamide,amifostine,,-9.0,-23.5
Amifostine,Mitomycin,amifostine,,-15.0,-22.23728813559322
Amifostine,Floxuridine,amifostine,,-21.0,-11.824561403508772
Amifostine,Hydroxyurea,amifostine,,-23.0,-29.29824561403509
Amifostine,Uracil Mustard,amifostine,,-13.5,-15.03448275862069
Amifostine,Mitotane,amifostine,,-14.0,-18.19298245614035
Amifostine,Dacarbazine,amifostine,,31.0,41.66101694915254
Amifostine,Methoxsalen,amifostine,,-44.0,-49.810344827586206
Amifostine,Vinblastine,amifostine,microtubule/tubulin,-18.0,-18.574074074074073
Amifostine,Cytarabine,amifostine,,4.0,14.157894736842104
Amifostine,Thalidomide,amifostine,,-41.0,-56.3859649122807
Amifostine,Vincristine,amifostine,microtubule/tubulin,-32.5,-30.732142857142858
Amifostine,Megestrol Acetate,amifostine,,-27.0,-32.92982456140351
Amifostine,Procarbazine,amifostine,,-11.0,-37.66101694915254
Amifostine,Lomustine,amifostine,,-95.0,-106.45762711864407
Amifostine,Daunorubicin,amifostine,,6.5,6.166666666666667
Amifostine,Streptozocin,amifostine,,-29.0,-61.1551724137931
Amifostine,Azacitidine,amifostine,,0.0,-1.8596491228070176
Amifostine,Cladribine,amifostine,,-37.0,-22.70175438596491
Amifostine,Ifosfamide,amifostine,,-44.0,-52.08474576271186
Amifostine,Fludarabine,amifostine,,-43.0,-26.894736842105264
Amifostine,Isotretinoin,amifostine,,-23.0,-25.473684210526315
Amifostine,Teniposide,amifostine,,1.0,3.457627118644068
Amifostine,Doxorubicin,amifostine,topoisomerase/DNA_damage,-29.0,-31.76271186440678
Amifostine,Bleomycin,amifostine,,7.0,19.789473684210527
Amifostine,Paclitaxel,amifostine,microtubule/tubulin,-70.5,-45.810344827586206
Amifostine,Decitabine,amifostine,,-50.0,-49.54237288135593
Amifostine,Bendamustine,amifostine,,-13.0,-13.421052631578947
Amifostine,Etoposide,amifostine,topoisomerase/DNA_damage,-33.0,-33.6271186440678
Amifostine,Dexrazoxane,amifostine;dexrazoxane,,8.0,20.864406779661017
Amifostine,Tamoxifen,amifostine,,-17.0,-32.666666666666664
Amifostine,Rapamycin,amifostine,,-4.0,-1.6491228070175439
Amifostine,Carboplatin,amifostine,,-23.0,-28.446428571428573
Amifostine,Valrubicin,amifostine,,-36.0,-43.142857142857146
Amifostine,Oxaliplatin,amifostine,,-24.0,-28.135593220338983
Amifostine,Mitoxantrone,amifostine,,40.0,47.186440677966104
Amifostine,Temozolomide,amifostine,,-24.0,-31.350877192982455
Amifostine,Imiquimod,amifostine,,-55.0,-59.57627118644068
Amifostine,Carmustine,amifostine,,-30.0,-31.71186440677966
Amifostine,Clofarabine,amifostine,,-14.0,-9.526315789473685
Amifostine,Vinorelbine,amifostine,,-8.0,-14.627118644067796
Amifostine,Gemcitabine,amifostine,,-27.5,-26.089285714285715
Amifostine,Docetaxel,amifostine,microtubule/tubulin,-60.0,-51.763636363636365
Amifostine,7-Ethyl-10-hydroxycamptothecin,amifostine,,7.0,21.56140350877193
Amifostine,Nelarabine,amifostine,,-41.0,-50.46551724137931
Amifostine,Pemetrexed,amifostine,antifolate/nucleotide,2.0,6.033898305084746
Amifostine,Vorinostat,amifostine,,-31.0,-29.678571428571427
Amifostine,Capecitabine,amifostine,,-52.0,-60.41379310344828
Amifostine,Exemestane,amifostine,,-294.0,-322.6896551724138
Amifostine,Gefitinib,amifostine,,-64.0,-74.21052631578948
Amifostine,Fulvestrant,amifostine,,-38.0,-41.625
Amifostine,Anastrozole,amifostine,,-47.5,-60.60344827586207
Amifostine,Letrozole,amifostine,,-41.5,-47.793103448275865
Amifostine,Celecoxib,amifostine;celecoxib,,-42.5,-46.36206896551724
Amifostine,Zoledronate,amifostine,,-25.5,-28.586206896551722
Amifostine,Dasatinib,amifostine,,-21.0,-32.87719298245614
Amifostine,Everolimus,amifostine,,-16.5,-18.379310344827587
Amifostine,Pazopanib,amifostine,,-37.0,-47.559322033898304
Amifostine,Imatinib,amifostine,,-32.0,-38.0
Amifostine,Lapatinib,amifostine,,-33.5,-34.839285714285715
Amifostine,Nilotinib,amifostine,,-41.5,-44.310344827586206
Amifostine,Sorafenib,amifostine,,-27.0,-26.379310344827587
Amifostine,Lenalidomide,amifostine,,-29.0,-30.35593220338983
Amifostine,Raloxifene,amifostine,,-16.0,-8.88135593220339
Amifostine,Abiraterone,amifostine,,-36.0,-44.67796610169491
Amifostine,Sunitinib,amifostine,,-56.0,-68.26315789473684
Amifostine,Vemurafenib,amifostine,,-71.5,-120.5
Amifostine,Depsipeptide,amifostine,,-5.0,-10.140350877192983
Amifostine,Pralatrexate,amifostine,CHK/DDR/checkpoint;antifolate/nucleotide,-59.5,-67.91379310344827
Amifostine,Vismodegib,amifostine,,-48.0,-53.186440677966104
Amifostine,Crizotinib,amifostine,,-38.0,-45.45762711864407
Amifostine,Axitinib,amifostine,,-25.0,-22.423728813559322
Amifostine,Vandetanib,amifostine,,-25.0,-26.728813559322035
Amifostine,Cabazitaxel,amifostine,,-55.0,-62.42372881355932
Amifostine,Ruxolitinib,amifostine,,-54.0,-67.88135593220339
Temozolomide,Methotrexate,,antifolate/nucleotide,-63.5,-67.85714285714286
Temozolomide,Vincristine,,microtubule/tubulin,-14.0,0.03508771929824561
Temozolomide,Etoposide,,topoisomerase/DNA_damage,-21.0,-21.087719298245613
Temozolomide,Dexrazoxane,dexrazoxane,,-4.0,-4.43859649122807
Temozolomide,Pemetrexed,,antifolate/nucleotide,-10.0,-8.298245614035087
Temozolomide,Celecoxib,celecoxib,,-19.0,-22.29824561403509
Imiquimod,Methotrexate,,antifolate/nucleotide,-31.5,-25.21153846153846
Imiquimod,Vinblastine,,microtubule/tubulin,-22.0,-24.78181818181818
Imiquimod,Vincristine,,microtubule/tubulin,-42.0,-44.392857142857146
Imiquimod,Doxorubicin,,topoisomerase/DNA_damage,-36.0,-35.69491525423729
Imiquimod,Paclitaxel,,microtubule/tubulin,2.0,30.105263157894736
Imiquimod,Etoposide,,topoisomerase/DNA_damage,-19.0,-22.491525423728813
Imiquimod,Dexrazoxane,dexrazoxane,,-16.0,-15.203389830508474
Imiquimod,Docetaxel,,microtubule/tubulin,-64.0,-70.5625
Imiquimod,Pemetrexed,,antifolate/nucleotide,1.0,-3.0338983050847457
Imiquimod,Celecoxib,celecoxib,,-38.0,-48.01754385964912
Imiquimod,Pralatrexate,,CHK/DDR/checkpoint;antifolate/nucleotide,-50.0,-57.96491228070175
Carmustine,Methotrexate,,antifolate/nucleotide,-51.0,-48.32
Carmustine,Vinblastine,,microtubule/tubulin,-28.0,-36.3859649122807
Carmustine,Vincristine,,microtubule/tubulin,-52.0,-61.48888888888889
Carmustine,Doxorubicin,,topoisomerase/DNA_damage,-38.0,-47.389830508474574
Carmustine,Paclitaxel,,microtubule/tubulin,-38.0,-43.589285714285715
Carmustine,Etoposide,,topoisomerase/DNA_damage,-19.0,-21.88135593220339
Carmustine,Dexrazoxane,dexrazoxane,,-9.0,-13.830508474576272
Carmustine,Docetaxel,,microtubule/tubulin,-53.0,-66.77777777777777
Carmustine,Pemetrexed,,antifolate/nucleotide,-26.0,-27.035087719298247
Carmustine,Celecoxib,celecoxib,,-38.5,-48.62068965517241
Carmustine,Pralatrexate,,CHK/DDR/checkpoint;antifolate/nucleotide,-38.0,-37.05172413793103
Clofarabine,Methotrexate,,antifolate/nucleotide,-44.0,-51.75
Clofarabine,Vinblastine,,microtubule/tubulin,-30.0,-32.775862068965516
Clofarabine,Vincristine,,microtubule/tubulin,-32.0,-39.94736842105263
Clofarabine,Etoposide,,topoisomerase/DNA_damage,-16.0,-15.932203389830509
Clofarabine,Dexrazoxane,dexrazoxane,,-21.0,-17.203389830508474
Clofarabine,Pemetrexed,,antifolate/nucleotide,-27.5,-33.148148148148145
Clofarabine,Celecoxib,celecoxib,,-35.0,-35.39655172413793
Vinorelbine,Doxorubicin,,topoisomerase/DNA_damage,-24.0,-30.163636363636364
Vinorelbine,Pemetrexed,,antifolate/nucleotide,1.0,4.017241379310345
Topotecan,Methotrexate,,antifolate/nucleotide,-69.5,-71.6923076923077
Topotecan,Vinblastine,,microtubule/tubulin,-32.5,-27.826923076923077
Topotecan,Vincristine,,microtubule/tubulin,-43.0,-42.574074074074076
Topotecan,Doxorubicin,,topoisomerase/DNA_damage,-3.0,-8.694915254237289
Topotecan,Paclitaxel,,microtubule/tubulin,-26.0,-24.673076923076923
Topotecan,Etoposide,,topoisomerase/DNA_damage,-21.0,-19.491525423728813
Topotecan,Dexrazoxane,dexrazoxane,,-10.0,-4.813559322033898
Topotecan,Amifostine,amifostine,,-65.0,-68.77966101694915
Topotecan,Docetaxel,,microtubule/tubulin,-77.0,-86.2909090909091
Topotecan,Pemetrexed,,antifolate/nucleotide,-33.0,-34.1551724137931
Topotecan,Celecoxib,celecoxib,,-39.0,-41.43636363636364
Topotecan,Pralatrexate,,CHK/DDR/checkpoint;antifolate/nucleotide,-19.5,-21.56896551724138
Gemcitabine,Methotrexate,,antifolate/nucleotide,-34.5,-34.270833333333336
Gemcitabine,Vinblastine,,microtubule/tubulin,-29.5,-27.82758620689655
Gemcitabine,Vincristine,,microtubule/tubulin,-39.0,-37.70909090909091
Gemcitabine,Etoposide,,topoisomerase/DNA_damage,-27.0,-29.372881355932204
Gemcitabine,Dexrazoxane,dexrazoxane,,-13.0,-17.372881355932204
Gemcitabine,Pemetrexed,,antifolate/nucleotide,-30.0,-37.228070175438596
Gemcitabine,Celecoxib,celecoxib,,-31.0,-34.189655172413794
Docetaxel,6-Thioguanine,,microtubule/tubulin,-21.0,-23.694915254237287
Docetaxel,Actinomycin D,,microtubule/tubulin,-6.5,-10.267857142857142
Docetaxel,Chlorambucil,,microtubule/tubulin,-10.5,-10.10344827586207
Docetaxel,Thiotepa,,microtubule/tubulin,-14.0,-19.509090909090908
Docetaxel,Melphalan,,microtubule/tubulin,-1.0,-3.2711864406779663
Docetaxel,Altretamine,,microtubule/tubulin,21.0,24.271186440677965
Docetaxel,Fluorouracil,,microtubule/tubulin,-12.0,-9.338983050847459
Docetaxel,Floxuridine,,microtubule/tubulin,-8.5,-13.714285714285714
Docetaxel,Uracil Mustard,,microtubule/tubulin,-30.0,-30.035087719298247
Docetaxel,Dacarbazine,,microtubule/tubulin,-8.0,-8.932203389830509
Docetaxel,Vinblastine,,microtubule/tubulin,-27.5,-31.35185185185185
Docetaxel,Cytarabine,,microtubule/tubulin,-15.0,-19.803571428571427
Docetaxel,Vincristine,,microtubule/tubulin,-20.0,-19.836363636363636
Docetaxel,Megestrol Acetate,,microtubule/tubulin,135.0,132.27118644067798
Docetaxel,Lomustine,,microtubule/tubulin,13.0,12.931034482758621
Docetaxel,Daunorubicin,,microtubule/tubulin,-15.0,-12.981481481481481
Docetaxel,Cladribine,,microtubule/tubulin,-36.0,-41.74545454545454
Docetaxel,Fludarabine,,microtubule/tubulin,-30.5,-44.285714285714285
Docetaxel,Isotretinoin,,microtubule/tubulin,135.5,131.89285714285714
Docetaxel,Teniposide,,microtubule/tubulin,-21.5,-18.946428571428573
Docetaxel,Paclitaxel,,microtubule/tubulin,-14.0,-15.470588235294118
Docetaxel,Etoposide,,microtubule/tubulin;topoisomerase/DNA_damage,-33.0,-38.175438596491226
Docetaxel,Dexrazoxane,dexrazoxane,microtubule/tubulin,-29.0,-28.661016949152543
Docetaxel,Tamoxifen,,microtubule/tubulin,221.0,230.83636363636364
Docetaxel,Rapamycin,,microtubule/tubulin,21.0,17.8
Docetaxel,Carboplatin,,microtubule/tubulin,-36.0,-52.92727272727273
Docetaxel,Valrubicin,,microtubule/tubulin,102.0,69.70270270270271
Docetaxel,Mitoxantrone,,microtubule/tubulin,-14.0,-9.310344827586206
Docetaxel,Temozolomide,,microtubule/tubulin,-72.0,-86.88679245283019
Docetaxel,Clofarabine,,microtubule/tubulin,-33.0,-33.49090909090909
Docetaxel,Vinorelbine,,microtubule/tubulin,10.0,15.745762711864407
Docetaxel,Gemcitabine,,microtubule/tubulin,-37.5,-39.333333333333336
Docetaxel,Nelarabine,,microtubule/tubulin,-70.0,-89.36363636363636
Docetaxel,Pemetrexed,,microtubule/tubulin;antifolate/nucleotide,-19.0,-18.11864406779661
Docetaxel,Capecitabine,,microtubule/tubulin,-24.0,-30.2
Docetaxel,Exemestane,,microtubule/tubulin,46.0,42.96551724137931
Docetaxel,Gefitinib,,microtubule/tubulin,167.0,165.96610169491527
Docetaxel,Fulvestrant,,microtubule/tubulin,73.5,83.62962962962963
Docetaxel,Anastrozole,,microtubule/tubulin,-57.5,-92.53571428571429
Docetaxel,Letrozole,,microtubule/tubulin,-69.0,-113.25
Docetaxel,Celecoxib,celecoxib,microtubule/tubulin,99.5,92.94642857142857
Docetaxel,Pazopanib,,microtubule/tubulin,39.5,48.160714285714285
Docetaxel,Imatinib,,microtubule/tubulin,97.5,101.24074074074075
Docetaxel,Nilotinib,,microtubule/tubulin,21.0,24.660714285714285
Docetaxel,Lenalidomide,,microtubule/tubulin,-18.0,-16.372881355932204
Docetaxel,Raloxifene,,microtubule/tubulin,11.0,23.45762711864407
Docetaxel,Abiraterone,,microtubule/tubulin,87.0,85.55932203389831
Docetaxel,Vemurafenib,,microtubule/tubulin,13.5,25.56896551724138
Docetaxel,Vismodegib,,microtubule/tubulin,73.0,76.57627118644068
Docetaxel,Crizotinib,,microtubule/tubulin,-8.0,-1.7966101694915255
Docetaxel,Axitinib,,microtubule/tubulin,30.0,28.966101694915253
Docetaxel,Vandetanib,,microtubule/tubulin,25.0,25.71186440677966
Docetaxel,Cabazitaxel,,microtubule/tubulin,7.0,19.423728813559322
Docetaxel,Ruxolitinib,,microtubule/tubulin,21.0,22.983050847457626
7-Ethyl-10-hydroxycamptothecin,Vinblastine,,microtubule/tubulin,13.0,8.745454545454546
7-Ethyl-10-hydroxycamptothecin,Vincristine,,microtubule/tubulin,-20.0,-24.274509803921568
7-Ethyl-10-hydroxycamptothecin,Paclitaxel,,microtubule/tubulin,-31.0,-30.254901960784313
7-Ethyl-10-hydroxycamptothecin,Etoposide,,topoisomerase/DNA_damage,-9.0,-4.842105263157895
7-Ethyl-10-hydroxycamptothecin,Dexrazoxane,dexrazoxane,,-16.0,-12.87719298245614
7-Ethyl-10-hydroxycamptothecin,Docetaxel,,microtubule/tubulin,0.0,-3.25
7-Ethyl-10-hydroxycamptothecin,Pemetrexed,,antifolate/nucleotide,-26.0,-26.072727272727274
7-Ethyl-10-hydroxycamptothecin,Celecoxib,celecoxib,,11.0,6.232142857142857
Bortezomib,Methotrexate,,antifolate/nucleotide,-83.0,-101.66666666666667
Bortezomib,Vinblastine,,microtubule/tubulin,-50.0,-46.06818181818182
Bortezomib,Vincristine,,microtubule/tubulin,-97.0,-95.17777777777778
Bortezomib,Doxorubicin,,topoisomerase/DNA_damage,-11.0,-11.135593220338983
Bortezomib,Paclitaxel,,microtubule/tubulin,0.0,14.736842105263158
Bortezomib,Etoposide,,topoisomerase/DNA_damage,-19.0,-17.93220338983051
Bortezomib,Dexrazoxane,dexrazoxane,,-8.0,-5.4576271186440675
Bortezomib,Amifostine,amifostine,,-21.0,-26.96969696969697
Bortezomib,Docetaxel,,microtubule/tubulin,-131.0,-132.42857142857142
Bortezomib,Pemetrexed,,antifolate/nucleotide,-16.0,-26.406779661016948
Bortezomib,Celecoxib,celecoxib,,-46.0,-51.24528301886792
Bortezomib,Pralatrexate,,CHK/DDR/checkpoint;antifolate/nucleotide,-36.0,-37.49122807017544
Nelarabine,Methotrexate,,antifolate/nucleotide,-34.0,-34.96296296296296
Nelarabine,Vinblastine,,microtubule/tubulin,-42.5,-41.43103448275862
Nelarabine,Vincristine,,microtubule/tubulin,-29.5,-34.172413793103445
Nelarabine,Etoposide,,topoisomerase/DNA_damage,6.0,13.711864406779661
Nelarabine,Dexrazoxane,dexrazoxane,,20.0,21.661016949152543
Nelarabine,Pemetrexed,,antifolate/nucleotide,-18.0,-20.45762711864407
Nelarabine,Celecoxib,celecoxib,,-35.5,-39.03448275862069
Pemetrexed,Triethylenemelamine,,antifolate/nucleotide,-45.0,-39.75471698113208
Pemetrexed,Doxorubicin,,topoisomerase/DNA_damage;antifolate/nucleotide,-9.0,-5.5344827586206895
Pemetrexed,Exemestane,,antifolate/nucleotide,-32.0,-37.932203389830505
Pemetrexed,Gefitinib,,antifolate/nucleotide,-18.0,-19.879310344827587
Pemetrexed,Pazopanib,,antifolate/nucleotide,-26.0,-21.949152542372882
Pemetrexed,Lenalidomide,,antifolate/nucleotide,-13.5,-23.724137931034484
Pemetrexed,Raloxifene,,antifolate/nucleotide,-36.0,-36.54237288135593
Pemetrexed,Abiraterone,,antifolate/nucleotide,-18.0,-14.655172413793103
Pemetrexed,Vemurafenib,,antifolate/nucleotide,-27.0,-25.372881355932204
Pemetrexed,Vismodegib,,antifolate/nucleotide,-8.5,-4.931034482758621
Pemetrexed,Crizotinib,,antifolate/nucleotide,-11.0,-14.440677966101696
Pemetrexed,Axitinib,,antifolate/nucleotide,-24.0,-23.627118644067796
Pemetrexed,Vandetanib,,antifolate/nucleotide,-14.0,-17.220338983050848
Pemetrexed,Cabazitaxel,,antifolate/nucleotide,-21.5,-18.982758620689655
Pemetrexed,Ruxolitinib,,antifolate/nucleotide,-43.0,-42.42372881355932
Vorinostat,Vinblastine,,microtubule/tubulin,-30.5,-34.875
Vorinostat,Vincristine,,microtubule/tubulin,-26.0,-23.2
Vorinostat,Paclitaxel,,microtubule/tubulin,-53.0,-62.48148148148148
Vorinostat,Etoposide,,topoisomerase/DNA_damage,30.5,35.810344827586206
Vorinostat,Dexrazoxane,dexrazoxane,,13.0,14.864406779661017
Vorinostat,Docetaxel,,microtubule/tubulin,-24.5,-14.962962962962964
Vorinostat,Pemetrexed,,antifolate/nucleotide,-5.0,-13.120689655172415
Vorinostat,Celecoxib,celecoxib,,-40.0,-44.872727272727275
Estramustine,Methotrexate,,antifolate/nucleotide,-110.0,-90.41379310344827
Estramustine,Vinblastine,,microtubule/tubulin,-5.0,-26.785714285714285
Estramustine,Vincristine,,microtubule/tubulin,9.0,-1.8596491228070176
Estramustine,Doxorubicin,,topoisomerase/DNA_damage,-51.0,-55.3448275862069
Estramustine,Paclitaxel,,microtubule/tubulin,208.0,213.78947368421052
Estramustine,Etoposide,,topoisomerase/DNA_damage,2.0,4.406779661016949
Estramustine,Dexrazoxane,dexrazoxane,,18.0,17.83050847457627
Estramustine,Amifostine,amifostine,,-43.0,-74.44067796610169
Estramustine,Docetaxel,,microtubule/tubulin,211.0,220.0909090909091
Estramustine,Pemetrexed,,antifolate/nucleotide,-10.0,-8.23728813559322
Estramustine,Celecoxib,celecoxib,,-37.0,-42.03846153846154
Estramustine,Pralatrexate,,CHK/DDR/checkpoint;antifolate/nucleotide,-27.0,-35.074074074074076
Capecitabine,Methotrexate,,antifolate/nucleotide,-30.0,-34.30357142857143
Capecitabine,Vinblastine,,microtubule/tubulin,-41.0,-40.12068965517241
Capecitabine,Vincristine,,microtubule/tubulin,-13.0,1.7894736842105263
Capecitabine,Etoposide,,topoisomerase/DNA_damage,14.5,14.655172413793103
Capecitabine,Dexrazoxane,dexrazoxane,,6.0,7.593220338983051
Capecitabine,Pemetrexed,,antifolate/nucleotide,-2.0,-4.338983050847458
Capecitabine,Celecoxib,celecoxib,,-34.5,-38.12068965517241
Exemestane,Doxorubicin,,topoisomerase/DNA_damage,-28.0,-32.0377358490566
Gefitinib,Doxorubicin,,topoisomerase/DNA_damage,-8.0,-13.452830188679245
Erlotinib,Methotrexate,,antifolate/nucleotide,-27.0,-25.98148148148148
Erlotinib,Vinblastine,,microtubule/tubulin,-36.5,-43.642857142857146
Erlotinib,Vincristine,,microtubule/tubulin,-21.5,-22.839285714285715
Erlotinib,Doxorubicin,,topoisomerase/DNA_damage,8.5,4.741379310344827
Erlotinib,Paclitaxel,,microtubule/tubulin,31.0,43.142857142857146
Erlotinib,Etoposide,,topoisomerase/DNA_damage,33.0,33.66101694915254
Erlotinib,Dexrazoxane,dexrazoxane,,-4.0,-1.9661016949152543
Erlotinib,Amifostine,amifostine,,-42.0,-54.55172413793103
Erlotinib,Docetaxel,,microtubule/tubulin,7.0,18.105263157894736
Erlotinib,Pemetrexed,,antifolate/nucleotide,-17.0,-20.576271186440678
Erlotinib,Celecoxib,celecoxib,,-26.0,-30.80701754385965
Erlotinib,Pralatrexate,,CHK/DDR/checkpoint;antifolate/nucleotide,-34.5,-34.672413793103445
Fulvestrant,Vinblastine,,microtubule/tubulin,-31.5,-36.2037037037037
Fulvestrant,Vincristine,,microtubule/tubulin,28.0,38.0
Fulvestrant,Doxorubicin,,topoisomerase/DNA_damage,-28.0,-116.5
Fulvestrant,Paclitaxel,,microtubule/tubulin,-27.0,-37.08620689655172
Fulvestrant,Etoposide,,topoisomerase/DNA_damage,8.0,8.254237288135593
Fulvestrant,Dexrazoxane,dexrazoxane,,4.0,2.389830508474576
Fulvestrant,Pemetrexed,,antifolate/nucleotide,-19.0,-15.169491525423728
Fulvestrant,Celecoxib,celecoxib,,-50.5,-55.89655172413793
Anastrozole,Vinblastine,,microtubule/tubulin,-20.5,-27.685185185185187
Anastrozole,Vincristine,,microtubule/tubulin,-21.0,-23.68421052631579
Anastrozole,Doxorubicin,,topoisomerase/DNA_damage,-31.0,-33.92982456140351
Anastrozole,Paclitaxel,,microtubule/tubulin,-25.0,-31.263157894736842
Anastrozole,Etoposide,,topoisomerase/DNA_damage,9.0,4.796610169491525
Anastrozole,Dexrazoxane,dexrazoxane,,-8.0,-6.661016949152542
Anastrozole,Pemetrexed,,antifolate/nucleotide,-8.0,-10.610169491525424
Anastrozole,Celecoxib,celecoxib,,-49.5,-49.36206896551724
Letrozole,Etoposide,,topoisomerase/DNA_damage,8.0,5.0
Letrozole,Dexrazoxane,dexrazoxane,,-20.0,-19.661016949152543
Letrozole,Pemetrexed,,antifolate/nucleotide,-11.0,-13.966101694915254
Celecoxib,Methotrexate,celecoxib,antifolate/nucleotide,-41.0,-52.767857142857146
Celecoxib,6-Thioguanine,celecoxib,,-9.0,-13.310344827586206
Celecoxib,Actinomycin D,celecoxib,,56.0,66.85964912280701
Celecoxib,Chlorambucil,celecoxib,,-34.0,-35.66101694915254
Celecoxib,Melphalan,celecoxib,,-17.0,-20.06779661016949
Celecoxib,Altretamine,celecoxib,,-44.0,-59.69491525423729
Celecoxib,Fluorouracil,celecoxib,,-10.0,-11.813559322033898
Celecoxib,Uracil Mustard,celecoxib,,-16.0,-16.949152542372882
Celecoxib,Dacarbazine,celecoxib,,-19.0,-21.83050847457627
Celecoxib,Megestrol Acetate,celecoxib,,-6.5,-22.155172413793103
Celecoxib,Lomustine,celecoxib,,1.0,4.915254237288136
Celecoxib,Daunorubicin,celecoxib,,40.0,54.3728813559322
Celecoxib,Teniposide,celecoxib,,39.0,42.813559322033896
Celecoxib,Etoposide,celecoxib,topoisomerase/DNA_damage,25.0,25.627118644067796
Celecoxib,Dexrazoxane,dexrazoxane;celecoxib,,-14.0,-13.271186440677965
Celecoxib,Mitoxantrone,celecoxib,,86.0,89.64406779661017
Celecoxib,Vinorelbine,celecoxib,,57.0,61.271186440677965
Celecoxib,Pemetrexed,celecoxib,antifolate/nucleotide,-27.0,-30.491525423728813
Celecoxib,Exemestane,celecoxib,,32.0,37.0
Celecoxib,Gefitinib,celecoxib,,8.0,5.88135593220339
Celecoxib,Letrozole,celecoxib,,-52.0,-53.163636363636364
Celecoxib,Pazopanib,celecoxib,,18.0,13.271186440677965
Celecoxib,Lenalidomide,celecoxib,,-32.0,-33.813559322033896
Celecoxib,Raloxifene,celecoxib,,-30.0,-35.932203389830505
Celecoxib,Abiraterone,celecoxib,,-15.0,-23.966101694915253
Celecoxib,Vemurafenib,celecoxib,,-5.0,-5.0
Celecoxib,Vismodegib,celecoxib,,-11.0,-8.711864406779661
Celecoxib,Crizotinib,celecoxib,,-1.0,4.762711864406779
Celecoxib,Axitinib,celecoxib,,-10.0,-16.23728813559322
Celecoxib,Vandetanib,celecoxib,,-8.0,-6.966101694915254
Celecoxib,Cabazitaxel,celecoxib,,107.0,117.55932203389831
Celecoxib,Ruxolitinib,celecoxib,,-26.0,-32.23728813559322
Zoledronate,Vinblastine,,microtubule/tubulin,-30.0,-35.1578947368421
Zoledronate,Vincristine,,microtubule/tubulin,-38.0,-44.0
Zoledronate,Paclitaxel,,microtubule/tubulin,-21.5,-25.5
Zoledronate,Etoposide,,topoisomerase/DNA_damage,-215.0,-249.0
Zoledronate,Dexrazoxane,dexrazoxane,,-37.0,-51.59322033898305
Zoledronate,Docetaxel,,microtubule/tubulin,8.5,23.51923076923077
Zoledronate,Pemetrexed,,antifolate/nucleotide,-23.0,-29.016949152542374
Zoledronate,Celecoxib,celecoxib,,-45.5,-50.44827586206897
Dasatinib,Vincristine,,microtubule/tubulin,6.5,6.327586206896552
Dasatinib,Paclitaxel,,microtubule/tubulin,-11.5,-10.160714285714286
Dasatinib,Etoposide,,topoisomerase/DNA_damage,6.0,0.1206896551724138
Dasatinib,Dexrazoxane,dexrazoxane,,13.5,11.431034482758621
Dasatinib,Docetaxel,,microtubule/tubulin,-4.0,-4.5
Dasatinib,Pemetrexed,,antifolate/nucleotide,-10.5,-12.810344827586206
Dasatinib,Celecoxib,celecoxib,,-5.5,15.879310344827585
Everolimus,Vincristine,,microtubule/tubulin,18.5,24.586206896551722
Everolimus,Paclitaxel,,microtubule/tubulin,28.5,39.1551724137931
Everolimus,Etoposide,,topoisomerase/DNA_damage,-6.0,-3.4745762711864407
Everolimus,Dexrazoxane,dexrazoxane,,-13.0,-12.457627118644067
Everolimus,Docetaxel,,microtubule/tubulin,17.0,14.508771929824562
Everolimus,Pemetrexed,,antifolate/nucleotide,-33.0,-42.28813559322034
Everolimus,Celecoxib,celecoxib,,-16.0,-24.140350877192983
Imatinib,Methotrexate,,antifolate/nucleotide,-45.0,-2.94
Imatinib,Vincristine,,microtubule/tubulin,-19.0,-17.21818181818182
Imatinib,Etoposide,,topoisomerase/DNA_damage,-10.0,-15.793103448275861
Imatinib,Dexrazoxane,dexrazoxane,,-8.5,-10.120689655172415
Imatinib,Pemetrexed,,antifolate/nucleotide,-8.5,-12.89655172413793
Imatinib,Celecoxib,celecoxib,,-40.5,-44.714285714285715
Lapatinib,Vincristine,,microtubule/tubulin,85.5,91.98275862068965
Lapatinib,Paclitaxel,,microtubule/tubulin,128.5,143.25862068965517
Lapatinib,Etoposide,,topoisomerase/DNA_damage,-1.5,-1.7678571428571428
Lapatinib,Dexrazoxane,dexrazoxane,,8.0,5.392857142857143
Lapatinib,Docetaxel,,microtubule/tubulin,135.0,153.78947368421052
Lapatinib,Pemetrexed,,antifolate/nucleotide,-17.5,-18.379310344827587
Lapatinib,Celecoxib,celecoxib,,-43.5,-50.44642857142857
Nilotinib,Methotrexate,,antifolate/nucleotide,-24.0,-27.571428571428573
Nilotinib,Vinblastine,,microtubule/tubulin,-42.0,-47.36842105263158
Nilotinib,Vincristine,,microtubule/tubulin,24.0,16.17543859649123
Nilotinib,Etoposide,,topoisomerase/DNA_damage,-19.0,-16.0
Nilotinib,Dexrazoxane,dexrazoxane,,-22.0,-25.45762711864407
Nilotinib,Pemetrexed,,antifolate/nucleotide,7.0,3.8421052631578947
Nilotinib,Celecoxib,celecoxib,,-43.0,-50.3448275862069
Sorafenib,Vincristine,,microtubule/tubulin,-65.0,-71.59649122807018
Sorafenib,Paclitaxel,,microtubule/tubulin,124.0,113.87755102040816
Sorafenib,Etoposide,,topoisomerase/DNA_damage,-24.5,-19.82758620689655
Sorafenib,Dexrazoxane,dexrazoxane,,-11.5,-16.82758620689655
Sorafenib,Docetaxel,,microtubule/tubulin,112.5,123.89285714285714
Sorafenib,Pemetrexed,,antifolate/nucleotide,-20.0,-24.559322033898304
Sorafenib,Celecoxib,celecoxib,,-55.0,-61.741379310344826
Lenalidomide,Doxorubicin,,topoisomerase/DNA_damage,-34.0,-38.528301886792455
Ixabepilone,Methotrexate,,antifolate/nucleotide,-39.0,-38.964285714285715
Ixabepilone,Vinblastine,,microtubule/tubulin,-5.5,-3.6785714285714284
Ixabepilone,Vincristine,,microtubule/tubulin,-5.0,-10.586206896551724
Ixabepilone,Doxorubicin,,topoisomerase/DNA_damage,-3.0,-4.508474576271187
Ixabepilone,Paclitaxel,,microtubule/tubulin,13.0,19.810344827586206
Ixabepilone,Etoposide,,topoisomerase/DNA_damage,-22.0,-18.810344827586206
Ixabepilone,Dexrazoxane,dexrazoxane,,-36.0,-33.847457627118644
Ixabepilone,Amifostine,amifostine,,7.0,-4.206896551724138
Ixabepilone,Docetaxel,,microtubule/tubulin,5.5,8.793103448275861
Ixabepilone,Pemetrexed,,antifolate/nucleotide,-12.0,-14.362068965517242
Ixabepilone,Celecoxib,celecoxib,,6.5,19.0
Ixabepilone,Pralatrexate,,CHK/DDR/checkpoint;antifolate/nucleotide,11.5,6.275862068965517
Raloxifene,Doxorubicin,,topoisomerase/DNA_damage,-23.0,-21.54385964912281
Sunitinib,Vincristine,,microtubule/tubulin,32.0,38.55172413793103
Sunitinib,Paclitaxel,,microtubule/tubulin,20.5,28.125
Sunitinib,Etoposide,,topoisomerase/DNA_damage,-18.0,-19.03448275862069
Sunitinib,Dexrazoxane,dexrazoxane,,6.0,0.5517241379310345
Sunitinib,Docetaxel,,microtubule/tubulin,75.5,70.13793103448276
Sunitinib,Pemetrexed,,antifolate/nucleotide,-10.5,-9.706896551724139
Sunitinib,Celecoxib,celecoxib,,-33.5,-46.86206896551724
Vemurafenib,Etoposide,,topoisomerase/DNA_damage,-17.0,-22.310344827586206
Vemurafenib,Dexrazoxane,dexrazoxane,,-1.0,-4.593220338983051
Vemurafenib,Pemetrexed,,antifolate/nucleotide,-27.0,-27.847457627118644
Depsipeptide,Vinblastine,,microtubule/tubulin,-10.0,-10.2
Depsipeptide,Vincristine,,microtubule/tubulin,-15.5,-10.196428571428571
Depsipeptide,Paclitaxel,,microtubule/tubulin,-23.5,-23.56
Depsipeptide,Etoposide,,topoisomerase/DNA_damage,18.0,24.982758620689655
Depsipeptide,Dexrazoxane,dexrazoxane,,-1.0,1.1016949152542372
Depsipeptide,Docetaxel,,microtubule/tubulin,-9.0,-4.890909090909091
Depsipeptide,Pemetrexed,,antifolate/nucleotide,4.0,5.3559322033898304
Depsipeptide,Celecoxib,celecoxib,,-16.0,-13.90566037735849
Pralatrexate,6-Thioguanine,,CHK/DDR/checkpoint;antifolate/nucleotide,-19.0,-20.728813559322035
Pralatrexate,Actinomycin D,,CHK/DDR/checkpoint;antifolate/nucleotide,-35.5,-38.5
Pralatrexate,Chlorambucil,,CHK/DDR/checkpoint;antifolate/nucleotide,-48.0,-52.813559322033896
Pralatrexate,Thiotepa,,CHK/DDR/checkpoint;antifolate/nucleotide,-30.0,-32.05357142857143
Pralatrexate,Melphalan,,CHK/DDR/checkpoint;antifolate/nucleotide,-44.0,-40.355932203389834
Pralatrexate,Triethylenemelamine,,CHK/DDR/checkpoint;antifolate/nucleotide,-33.0,-33.30508474576271
Pralatrexate,Altretamine,,CHK/DDR/checkpoint;antifolate/nucleotide,-50.0,-51.05172413793103
Pralatrexate,Fluorouracil,,CHK/DDR/checkpoint;antifolate/nucleotide,-2.0,-6.067796610169491
Pralatrexate,Mithramycin,,CHK/DDR/checkpoint;antifolate/nucleotide,-6.0,-11.016949152542374
Pralatrexate,Floxuridine,,CHK/DDR/checkpoint;antifolate/nucleotide,-39.0,-36.90909090909091
Pralatrexate,Hydroxyurea,,CHK/DDR/checkpoint;antifolate/nucleotide,-25.0,-27.70175438596491
Pralatrexate,Uracil Mustard,,CHK/DDR/checkpoint;antifolate/nucleotide,-46.0,-46.08771929824562
Pralatrexate,Mitotane,,CHK/DDR/checkpoint;antifolate/nucleotide,-56.5,-65.13793103448276
Pralatrexate,Dacarbazine,,CHK/DDR/checkpoint;antifolate/nucleotide,-42.0,-41.53448275862069
Pralatrexate,Vinblastine,,microtubule/tubulin;CHK/DDR/checkpoint;antifolate/nucleotide,-43.0,-46.35087719298246
Pralatrexate,Cytarabine,,CHK/DDR/checkpoint;antifolate/nucleotide,-65.0,-72.63157894736842
Pralatrexate,Vincristine,,microtubule/tubulin;CHK/DDR/checkpoint;antifolate/nucleotide,-20.0,-24.358490566037737
Pralatrexate,Megestrol Acetate,,CHK/DDR/checkpoint;antifolate/nucleotide,-37.0,-43.101694915254235
Pralatrexate,Lomustine,,CHK/DDR/checkpoint;antifolate/nucleotide,-25.0,-29.610169491525422
Pralatrexate,Daunorubicin,,CHK/DDR/checkpoint;antifolate/nucleotide,-15.0,-11.898305084745763
Pralatrexate,Azacitidine,,CHK/DDR/checkpoint;antifolate/nucleotide,6.0,11.981132075471699
Pralatrexate,Cladribine,,CHK/DDR/checkpoint;antifolate/nucleotide,-104.0,-115.85714285714286
Pralatrexate,Fludarabine,,CHK/DDR/checkpoint;antifolate/nucleotide,-45.0,-50.27450980392157
Pralatrexate,Isotretinoin,,CHK/DDR/checkpoint;antifolate/nucleotide,-24.0,-43.204081632653065
Pralatrexate,Teniposide,,CHK/DDR/checkpoint;antifolate/nucleotide,-17.5,-17.20689655172414
Pralatrexate,Bleomycin,,CHK/DDR/checkpoint;antifolate/nucleotide,-15.0,-17.728813559322035
Pralatrexate,Paclitaxel,,microtubule/tubulin;CHK/DDR/checkpoint;antifolate/nucleotide,-11.0,-20.859649122807017
Pralatrexate,Bendamustine,,CHK/DDR/checkpoint;antifolate/nucleotide,-35.5,-41.53448275862069
Pralatrexate,Etoposide,,CHK/DDR/checkpoint;topoisomerase/DNA_damage;antifolate/nucleotide,-20.5,-19.517241379310345
Pralatrexate,Dexrazoxane,dexrazoxane,CHK/DDR/checkpoint;antifolate/nucleotide,-9.0,-17.694915254237287
Pralatrexate,Tamoxifen,,CHK/DDR/checkpoint;antifolate/nucleotide,-13.0,-18.50877192982456
Pralatrexate,Rapamycin,,CHK/DDR/checkpoint;antifolate/nucleotide,-11.0,-8.25
Pralatrexate,Carboplatin,,CHK/DDR/checkpoint;antifolate/nucleotide,-23.5,-20.944444444444443
Pralatrexate,Valrubicin,,CHK/DDR/checkpoint;antifolate/nucleotide,-16.5,-24.58
Pralatrexate,Mitoxantrone,,CHK/DDR/checkpoint;antifolate/nucleotide,-7.5,-6.310344827586207
Pralatrexate,Temozolomide,,CHK/DDR/checkpoint;antifolate/nucleotide,-24.0,-22.89090909090909
Pralatrexate,Clofarabine,,CHK/DDR/checkpoint;antifolate/nucleotide,-4.0,3.1228070175438596
Pralatrexate,Vinorelbine,,CHK/DDR/checkpoint;antifolate/nucleotide,-6.0,-3.7457627118644066
Pralatrexate,Gemcitabine,,CHK/DDR/checkpoint;antifolate/nucleotide,-1.5,-0.09615384615384616
Pralatrexate,Docetaxel,,microtubule/tubulin;CHK/DDR/checkpoint;antifolate/nucleotide,-8.0,-9.618181818181819
Pralatrexate,7-Ethyl-10-hydroxycamptothecin,,CHK/DDR/checkpoint;antifolate/nucleotide,-29.5,-30.26923076923077
Pralatrexate,Nelarabine,,CHK/DDR/checkpoint;antifolate/nucleotide,-41.0,-33.577777777777776
Pralatrexate,Pemetrexed,,CHK/DDR/checkpoint;antifolate/nucleotide,-7.0,-6.758620689655173
Pralatrexate,Vorinostat,,CHK/DDR/checkpoint;antifolate/nucleotide,8.0,18.68421052631579
Pralatrexate,Capecitabine,,CHK/DDR/checkpoint;antifolate/nucleotide,-36.0,-43.732142857142854
Pralatrexate,Exemestane,,CHK/DDR/checkpoint;antifolate/nucleotide,-13.0,-15.305084745762711
Pralatrexate,Gefitinib,,CHK/DDR/checkpoint;antifolate/nucleotide,-2.0,0.06779661016949153
Pralatrexate,Fulvestrant,,CHK/DDR/checkpoint;antifolate/nucleotide,-51.0,-58.827586206896555
Pralatrexate,Anastrozole,,CHK/DDR/checkpoint;antifolate/nucleotide,-42.0,-47.36206896551724
Pralatrexate,Letrozole,,CHK/DDR/checkpoint;antifolate/nucleotide,-22.0,-19.08888888888889
Pralatrexate,Celecoxib,celecoxib,CHK/DDR/checkpoint;antifolate/nucleotide,-18.5,-15.384615384615385
Pralatrexate,Zoledronate,,CHK/DDR/checkpoint;antifolate/nucleotide,-25.0,-31.1864406779661
Pralatrexate,Dasatinib,,CHK/DDR/checkpoint;antifolate/nucleotide,-7.0,-16.607142857142858
Pralatrexate,Everolimus,,CHK/DDR/checkpoint;antifolate/nucleotide,-13.0,-13.75925925925926
Pralatrexate,Pazopanib,,CHK/DDR/checkpoint;antifolate/nucleotide,-36.0,-42.08474576271186
Pralatrexate,Imatinib,,CHK/DDR/checkpoint;antifolate/nucleotide,-13.5,-7.055555555555555
Pralatrexate,Lapatinib,,CHK/DDR/checkpoint;antifolate/nucleotide,-17.0,-21.892857142857142
Pralatrexate,Nilotinib,,CHK/DDR/checkpoint;antifolate/nucleotide,-1.0,4.75
Pralatrexate,Sorafenib,,CHK/DDR/checkpoint;antifolate/nucleotide,-50.0,-51.6140350877193
Pralatrexate,Lenalidomide,,CHK/DDR/checkpoint;antifolate/nucleotide,-21.0,-21.508474576271187
Pralatrexate,Raloxifene,,CHK/DDR/checkpoint;antifolate/nucleotide,-42.0,-40.54237288135593
Pralatrexate,Abiraterone,,CHK/DDR/checkpoint;antifolate/nucleotide,-35.0,-34.440677966101696
Pralatrexate,Sunitinib,,CHK/DDR/checkpoint;antifolate/nucleotide,-12.5,-6.82
Pralatrexate,Vemurafenib,,CHK/DDR/checkpoint;antifolate/nucleotide,-37.5,-33.05172413793103
Pralatrexate,Depsipeptide,,CHK/DDR/checkpoint;antifolate/nucleotide,-24.0,-27.846153846153847
Pralatrexate,Vismodegib,,CHK/DDR/checkpoint;antifolate/nucleotide,-27.0,-32.847457627118644
Pralatrexate,Crizotinib,,CHK/DDR/checkpoint;antifolate/nucleotide,-33.0,-36.067796610169495
Pralatrexate,Axitinib,,CHK/DDR/checkpoint;antifolate/nucleotide,-38.0,-36.96610169491525
Pralatrexate,Vandetanib,,CHK/DDR/checkpoint;antifolate/nucleotide,-28.0,-32.25423728813559
Pralatrexate,Cabazitaxel,,CHK/DDR/checkpoint;antifolate/nucleotide,34.5,30.685185185185187
Pralatrexate,Ruxolitinib,,CHK/DDR/checkpoint;antifolate/nucleotide,-42.0,-47.74576271186441
Crizotinib,Etoposide,,topoisomerase/DNA_damage,-21.5,-22.086206896551722
Crizotinib,Dexrazoxane,dexrazoxane,,-4.0,-1.9655172413793103
Crizotinib,Pemetrexed,,antifolate/nucleotide,-23.0,-31.372881355932204
