group,within_group_rank_after_Bone_SoftTissue_exclusion,depmap_id,cell_line,lineage,Sex,RTR_score_combined_rank_0_1,XIAP_gene_effect,XIAP_dependency_score
top,1,ACH-000389,H4_CENTRAL_NERVOUS_SYSTEM,CNS/Brain,Male,0.9946330738177624,-0.09014370782202971,0.09014370782202971
top,2,ACH-000446,KPNSI9S_AUTONOMIC_GANGLIA,Peripheral Nervous System,Male,0.9775086505190312,0.0004785968575807195,-0.0004785968575807195
top,3,ACH-000013,ONCODG1_OVARY,Ovary/Fallopian Tube,Female,0.9767661476355248,-0.021132771388991223,0.021132771388991223
top,4,ACH-001078_FAILED_STR,,,Unknown,0.9757785467128028,,
top,5,ACH-000925_FAILED_STR,,,Unknown,0.967128027681661,,
top,6,ACH-000163,SW579_THYROID,Head and Neck,Male,0.9601535467128028,0.19180525075889499,-0.19180525075889499
top,7,ACH-000200,NMCG1_CENTRAL_NERVOUS_SYSTEM,CNS/Brain,Female,0.9567474048442908,-0.11441676531855302,0.11441676531855302
top,8,ACH-000879,MFE296_ENDOMETRIUM,Uterus,Female,0.9555795847750864,-0.19862474359789742,0.19862474359789742
top,9,ACH-000400,SKCO1_LARGE_INTESTINE,Bowel,Male,0.9480968858131488,,
top,10,ACH-000913,ESS1_ENDOMETRIUM,Uterus,Female,0.9468425605536333,0.1064460264827268,-0.1064460264827268
top,11,ACH-000430,TYKNU_OVARY,Ovary/Fallopian Tube,Female,0.9463667820069204,-0.12100511329123168,0.12100511329123168
top,12,ACH-000866,NCIH1048_LUNG,Lung,Female,0.9405384948096888,-0.10705604954257361,0.10705604954257361
top,13,ACH-000269,AM38_CENTRAL_NERVOUS_SYSTEM,CNS/Brain,Male,0.9394463667820068,-0.07433528339700231,0.07433528339700231
top,14,ACH-000905,5637_URINARY_TRACT,Bladder/Urinary Tract,Male,0.9360726643598616,0.12208911513464854,-0.12208911513464854
top,15,ACH-000897,FTC238_THYROID,Thyroid,Male,0.9345912629757784,,
top,16,ACH-000834,UMUC1_URINARY_TRACT,Bladder/Urinary Tract,Male,0.928993656286044,-0.1668390471931141,0.1668390471931141
top,17,ACH-000475,HUH1_LIVER,Liver,Male,0.9238754325259516,-0.02322612344285345,0.02322612344285345
top,18,ACH-000460_FAILED_STR,,,Unknown,0.9204152249134948,,
top,19,ACH-000496,NCIH1792_LUNG,Lung,Male,0.918468858131488,-0.012391136875433417,0.012391136875433417
top,20,ACH-000669,SW900_LUNG,Lung,Male,0.9156826701268744,,
top,21,ACH-000213,HUPT4_PANCREAS,Pancreas,Male,0.9048442906574394,0.09230791920934461,-0.09230791920934461
top,22,ACH-000010_FAILED_STR,,,Unknown,0.903114186851211,,
top,23,ACH-000078,MHHNB11_AUTONOMIC_GANGLIA,Peripheral Nervous System,Male,0.8979238754325259,0.04746513839572981,-0.04746513839572981
top,24,ACH-001210,TTC1240_SOFT_TISSUE,Kidney,Female,0.8961937716262975,,
top,25,ACH-000147,T47D_BREAST,Breast,Female,0.8953251153402537,-0.02057768095052826,0.02057768095052826
top,26,ACH-000848,JHH7_LIVER,Liver,Male,0.8935085063437139,-0.13636840893723307,0.13636840893723307
top,27,ACH-000139,PANC0327_PANCREAS,Pancreas,Female,0.8910863610149942,-0.25758373743303237,0.25758373743303237
top,28,ACH-000794,BICR22_UPPER_AERODIGESTIVE_TRACT,Head and Neck,Male,0.889273356401384,-0.2055125905508079,0.2055125905508079
top,29,ACH-000573,MDAMB436_BREAST,Breast,Female,0.8882641291810842,-0.09086370837455121,0.09086370837455121
top,30,ACH-000518,CAL33_UPPER_AERODIGESTIVE_TRACT,Head and Neck,Male,0.8875432525951558,-0.12800972726698678,0.12800972726698678
top,31,ACH-000133,HS729_SOFT_TISSUE,Fibroblast,Male,0.8836541234140716,-0.11688542602129065,0.11688542602129065
top,32,ACH-000378,NCIH647_LUNG,Lung,Male,0.8823529411764706,-0.1998030277365974,0.1998030277365974
top,33,ACH-000356,MKN45_STOMACH,Esophagus/Stomach,Female,0.8792387543252596,0.045674036809485084,-0.045674036809485084
top,34,ACH-000849,MDAMB468_BREAST,Breast,Female,0.8756379757785466,0.0359138218520761,-0.0359138218520761
top,35,ACH-000803,COLO668_LUNG,Lung,Female,0.8749891868512111,,
top,36,ACH-000685,L33_PANCREAS,Pancreas,Female,0.8723039215686275,0.03764644746293252,-0.03764644746293252
top,37,ACH-000255,LMSU_STOMACH,Esophagus/Stomach,Female,0.8625180219146482,-0.01190882005217558,0.01190882005217558
top,38,ACH-000407,SNU685_ENDOMETRIUM,Uterus,Female,0.8622549019607844,-0.004160724097296734,0.004160724097296734
top,39,ACH-000242,RT4_URINARY_TRACT,Bladder/Urinary Tract,Male,0.8609140715109573,-0.1578437612137379,0.1578437612137379
top,40,ACH-000982,GP2D_LARGE_INTESTINE,Bowel,Female,0.8597282295271049,,
top,41,ACH-000946,HEC265_ENDOMETRIUM,Uterus,Female,0.8552443771626297,0.11738913836479095,-0.11738913836479095
top,42,ACH-000909,JHUEM2_ENDOMETRIUM,Uterus,Female,0.8550677623990772,,
top,43,ACH-000756,GI1_CENTRAL_NERVOUS_SYSTEM,CNS/Brain,Male,0.8545919838523645,-0.0949817444457843,0.0949817444457843
top,44,ACH-000632,HS944T_SKIN,Skin,Male,0.8492106401384083,-0.14993787833787495,0.14993787833787495
top,45,ACH-000469,YH13_CENTRAL_NERVOUS_SYSTEM,CNS/Brain,Male,0.8487204440599769,-0.0317611892065763,0.0317611892065763
top,46,ACH-000973,639V_URINARY_TRACT,Bladder/Urinary Tract,Male,0.839637399077278,-0.11119337030981513,0.11119337030981513
top,47,ACH-000273,SF539_CENTRAL_NERVOUS_SYSTEM,CNS/Brain,Female,0.8333189158016148,-0.14325149636952944,0.14325149636952944
top,48,ACH-000847,HGC27_STOMACH,Esophagus/Stomach,Unknown,0.8317798442906574,0.029509292369582392,-0.029509292369582392
top,49,ACH-000415,BICR6_UPPER_AERODIGESTIVE_TRACT,Head and Neck,Male,0.8314482410611304,-0.11242598655442407,0.11242598655442407
top,50,ACH-000276,HCC38_BREAST,Breast,Female,0.8310301326412919,0.05246871094532852,-0.05246871094532852
top,51,ACH-000040,U118MG_CENTRAL_NERVOUS_SYSTEM,CNS/Brain,Male,0.8309400230680508,0.11368759205428922,-0.11368759205428922
top,52,ACH-000950,LOVO_LARGE_INTESTINE,Bowel,Male,0.8256451845444059,-0.006961198552024633,0.006961198552024633
top,53,ACH-000986,HT115_LARGE_INTESTINE,Bowel,Unknown,0.8217993079584776,-0.05265392676195205,0.05265392676195205
top,54,ACH-000511_FAILED_STR,,,Unknown,0.8183391003460208,,
top,55,ACH-000296,OUMS23_LARGE_INTESTINE,Bowel,Male,0.8171316320645905,0.011319058183542716,-0.011319058183542716
top,56,ACH-000736,SNU601_STOMACH,Esophagus/Stomach,Male,0.8158016147635525,-0.16771626328362615,0.16771626328362615
top,57,ACH-000186,NCIH2444_LUNG,Lung,Male,0.813447952710496,,
top,58,ACH-000366,SKNDZ_AUTONOMIC_GANGLIA,Peripheral Nervous System,Female,0.8131487889273357,0.05786707746984562,-0.05786707746984562
top,59,ACH-000096,G401_SOFT_TISSUE,Kidney,Male,0.811652970011534,0.061300326406837975,-0.061300326406837975
top,60,ACH-001318,PLCPRF5_LIVER,Liver,Male,0.8095227797001154,-0.06174027861751633,0.06174027861751633
top,61,ACH-000885,TOV21G_OVARY,Ovary/Fallopian Tube,Female,0.804909169550173,-0.08399117119660299,0.08399117119660299
top,62,ACH-000666,NCIH1355_LUNG,Lung,Male,0.8042856113033449,0.04074249344928652,-0.04074249344928652
top,63,ACH-000249,CL11_LARGE_INTESTINE,Bowel,Male,0.8027681660899654,-0.47492082576720174,0.47492082576720174
top,64,ACH-000264,CALU6_LUNG,Lung,Female,0.8012759515570935,-0.06953372741481532,0.06953372741481532
top,65,ACH-000481,NCIH2170_LUNG,Lung,Male,0.7947628316032296,-0.06318198677179407,0.06318198677179407
top,66,ACH-000713,CAOV3_OVARY,Ovary/Fallopian Tube,Female,0.7943807670126874,0.01841341031099225,-0.01841341031099225
top,67,ACH-000444,LU99_LUNG,Lung,Male,0.791774798154556,-0.011242291809292291,0.011242291809292291
top,68,ACH-000014,HS294T_SKIN,Skin,Male,0.7914395905420992,0.061789888378228706,-0.061789888378228706
top,69,ACH-000493,SNU423_LIVER,Liver,Male,0.7909998558246828,-0.055909440478823416,0.055909440478823416
top,70,ACH-000123,COV434_OVARY,Ovary/Fallopian Tube,Female,0.7886678200692041,-0.05337230382614769,0.05337230382614769
top,71,ACH-000503,BICR16_UPPER_AERODIGESTIVE_TRACT,Head and Neck,Male,0.7876658016147635,-0.0931393192422803,0.0931393192422803
top,72,ACH-000062,RERFLCMS_LUNG,Lung,Male,0.7875072087658592,,
top,73,ACH-000701,RMUGS_OVARY,Ovary/Fallopian Tube,Female,0.7856076989619377,0.05108161393001261,-0.05108161393001261
top,74,ACH-000320,PSN1_PANCREAS,Pancreas,Male,0.7851427335640138,0.09644102730704568,-0.09644102730704568
top,75,ACH-000686,SNU878_LIVER,Liver,Female,0.7837370242214533,,
top,76,ACH-000958,SW48_LARGE_INTESTINE,Bowel,Female,0.7769643886966551,0.19287517464864917,-0.19287517464864917
top,77,ACH-000348,RPMI7951_SKIN,Skin,Female,0.7768166089965398,-0.51631440989761,0.51631440989761
top,78,ACH-000376,SF295_CENTRAL_NERVOUS_SYSTEM,CNS/Brain,Female,0.7757208765859285,-0.02720621727998272,0.02720621727998272
top,79,ACH-000694,TE9_OESOPHAGUS,Esophagus/Stomach,Male,0.7752378892733565,-0.021259563969469014,0.021259563969469014
top,80,ACH-000116,OAW28_OVARY,Ovary/Fallopian Tube,Female,0.7750865051903114,-0.08016333514488626,0.08016333514488626
top,81,ACH-000873,KYSE270_OESOPHAGUS,Esophagus/Stomach,Male,0.7696402825836217,-0.207608550536527,0.207608550536527
top,82,ACH-000558,A172_CENTRAL_NERVOUS_SYSTEM,CNS/Brain,Male,0.7695429642445213,0.10459922093084803,-0.10459922093084803
top,83,ACH-000974,SNGM_ENDOMETRIUM,Uterus,Female,0.7693987889273357,-0.03429214373742457,0.03429214373742457
top,84,ACH-000237,JHOM1_OVARY,Ovary/Fallopian Tube,Female,0.7672685986159169,-0.08640736093984014,0.08640736093984014
top,85,ACH-000900,NCIH23_LUNG,Lung,Male,0.7657403402537486,0.0928036700015741,-0.0928036700015741
top,86,ACH-000720,TCCSUP_URINARY_TRACT,Bladder/Urinary Tract,Female,0.7629757785467128,0.0199981317908772,-0.0199981317908772
top,87,ACH-000614,RVH421_SKIN,Skin,Male,0.7622404844290658,0.010986984980905952,-0.010986984980905952
top,88,ACH-000917,TE4_OESOPHAGUS,Esophagus/Stomach,Male,0.761260092272203,-0.10705053703719575,0.10705053703719575
top,89,ACH-000792,BFTC909_KIDNEY,Kidney,Male,0.7606257208765859,-0.15278753719488994,0.15278753719488994
top,90,ACH-000404,K029AX_SKIN,Skin,Unknown,0.7547433679354094,-0.12294314325457167,0.12294314325457167
top,91,ACH-000832,CAL27_UPPER_AERODIGESTIVE_TRACT,Head and Neck,Male,0.7519535755478662,-0.05003845351279917,0.05003845351279917
top,92,ACH-000625,HEP3B217_LIVER,Liver,Male,0.7502198673587082,,
top,93,ACH-000343,NCIH522_LUNG,Lung,Male,0.7480211937716263,-0.3888760354886959,0.3888760354886959
top,94,ACH-001306,8305C_THYROID,Thyroid,Female,0.7475778546712804,-0.10841991571068285,0.10841991571068285
top,95,ACH-000750,LOXIMVI_SKIN,Skin,Male,0.745242214532872,,
top,96,ACH-000060,PANC1005_PANCREAS,Pancreas,Male,0.7421712802768166,-0.009994670274099629,0.009994670274099629
bottom,1,ACH-000429,A704_KIDNEY,Kidney,Male,0.0019067185697808,,
bottom,2,ACH-000466,SNU216_STOMACH,Esophagus/Stomach,Female,0.0034602076124567,-0.07439377651435639,0.07439377651435639
bottom,3,ACH-000270,HPAC_PANCREAS,Pancreas,Female,0.0067618223760092,,
bottom,4,ACH-000399,NCIH2196_LUNG,Lung,Male,0.0121107266435986,,
bottom,5,ACH-001321,TT_THYROID,Thyroid,Female,0.0168252595155709,,
bottom,6,ACH-000537,SNU761_LIVER,Liver,Male,0.0186959342560553,-0.01214974550525369,0.01214974550525369
bottom,7,ACH-000823,KYSE140_OESOPHAGUS,Esophagus/Stomach,Male,0.0221921856978085,-0.1930569980874953,0.1930569980874953
bottom,8,ACH-000093,PANC0504_PANCREAS,Pancreas,Female,0.0242214532871972,0.12844604378533508,-0.12844604378533508
bottom,9,ACH-000289,SNU466_CENTRAL_NERVOUS_SYSTEM,CNS/Brain,Male,0.0326268742791234,,
bottom,10,ACH-000936,EFO27_OVARY,Ovary/Fallopian Tube,Female,0.034515570934256,0.11487108891564066,-0.11487108891564066
bottom,11,ACH-000888,NCIH1793_LUNG,Lung,Female,0.0363862456747404,0.00472967591058316,-0.00472967591058316
bottom,12,ACH-000826,CAL12T_LUNG,Lung,Male,0.0389633794694348,0.03804665475710716,-0.03804665475710716
bottom,13,ACH-000549,SNU1076_UPPER_AERODIGESTIVE_TRACT,Head and Neck,Male,0.0393706747404844,-0.09720203813934505,0.09720203813934505
bottom,14,ACH-000222,ASPC1_PANCREAS,Pancreas,Female,0.039475201845444,0.07042091866926276,-0.07042091866926276
bottom,15,ACH-000480,HUH7_LIVER,Liver,Male,0.0422649942329873,-0.04412766040197689,0.04412766040197689
bottom,16,ACH-000740,A253_SALIVARY_GLAND,Head and Neck,Male,0.0449826989619377,-0.07364760984543006,0.07364760984543006
bottom,17,ACH-000344,SNU668_STOMACH,Esophagus/Stomach,Male,0.0461324971164936,-0.004056573402860433,0.004056573402860433
bottom,18,ACH-000483,SNU182_LIVER,Liver,Male,0.0501730103806228,0.22980427216362195,-0.22980427216362195
bottom,19,ACH-000161,CORL105_LUNG,Lung,Male,0.0514453575547866,0.08201701286659291,-0.08201701286659291
bottom,20,ACH-000555,A498_KIDNEY,Kidney,Female,0.0536332179930795,,
bottom,21,ACH-000250,KMRC20_KIDNEY,Kidney,Unknown,0.056441032295271,0.020120420986511324,-0.020120420986511324
bottom,22,ACH-000277,HCC1419_BREAST,Breast,Female,0.0581531141868512,0.11857277390579432,-0.11857277390579432
bottom,23,ACH-000926,HT55_LARGE_INTESTINE,Bowel,Unknown,0.0585604094579008,0.07114277117867673,-0.07114277117867673
bottom,24,ACH-000441,SH4_SKIN,Skin,Female,0.0641219723183391,0.1272154394689923,-0.1272154394689923
bottom,25,ACH-000678,MKN7_STOMACH,Esophagus/Stomach,Male,0.0708153114186851,,
bottom,26,ACH-000643,HDQP1_BREAST,Breast,Female,0.0775735294117647,,
bottom,27,ACH-000765,WM983B_SKIN,Skin,Male,0.0806805074971164,0.007601938643177979,-0.007601938643177979
bottom,28,ACH-000383,OE33_OESOPHAGUS,Esophagus/Stomach,Female,0.0832936851211072,-0.03981713743102753,0.03981713743102753
bottom,29,ACH-000086,ACCMESO1_PLEURA,Pleura,Female,0.0865232122260668,0.048553410231741444,-0.048553410231741444
bottom,30,ACH-000409_FAILED_STR,,,Unknown,0.088235294117647,,
bottom,31,ACH-000599,PATU8902_PANCREAS,Pancreas,Female,0.0891904555940023,-0.03588545265453472,0.03588545265453472
bottom,32,ACH-000644,COLO829_SKIN,Skin,Male,0.0916955017301038,,
bottom,33,ACH-000842,SW480_LARGE_INTESTINE,Bowel,Male,0.0931480680507497,,
bottom,34,ACH-000212,CAL120_BREAST,Breast,Female,0.0965181660899653,0.04847826367044258,-0.04847826367044258
bottom,35,ACH-000631,KS1_CENTRAL_NERVOUS_SYSTEM,CNS/Brain,Female,0.0968858131487889,0.05029632770605708,-0.05029632770605708
bottom,36,ACH-000941,HEC1B_ENDOMETRIUM,Uterus,Female,0.0977544694348327,0.04689506222853621,-0.04689506222853621
bottom,37,ACH-000308,EFO21_OVARY,Ovary/Fallopian Tube,Female,0.0978265570934256,-0.10487557966461356,0.10487557966461356
bottom,38,ACH-000978,EN_ENDOMETRIUM,Uterus,Female,0.100493800461361,-0.11545203678715865,0.11545203678715865
bottom,39,ACH-000488,TE11_OESOPHAGUS,Esophagus/Stomach,Male,0.1046027970011534,-0.04252182882418107,0.04252182882418107
bottom,40,ACH-000595,LN229_CENTRAL_NERVOUS_SYSTEM,CNS/Brain,Female,0.1052047289504037,0.007061862428903783,-0.007061862428903783
bottom,41,ACH-000502,TCCPAN2_PANCREAS,Pancreas,Female,0.105503892733564,-0.012241158803135525,0.012241158803135525
bottom,42,ACH-000428,UO31_KIDNEY,Kidney,Female,0.1071619088811995,,
bottom,43,ACH-000332,YAPC_PANCREAS,Pancreas,Male,0.1085423875432526,-0.07895472625048017,0.07895472625048017
bottom,44,ACH-000256,COV318_OVARY,Ovary/Fallopian Tube,Female,0.1124567474048442,-0.45300622024252846,0.45300622024252846
bottom,45,ACH-000979,DU145_PROSTATE,Prostate,Male,0.1133434256055363,0.08400957957525987,-0.08400957957525987
bottom,46,ACH-000945,NCIH650_LUNG,Lung,Male,0.1207215974625144,-0.06512404613183545,0.06512404613183545
bottom,47,ACH-000476,JHH4_LIVER,Liver,Male,0.1214604959630911,0.11528227875081568,-0.11528227875081568
bottom,48,ACH-000457,CAL54_KIDNEY,Kidney,Male,0.1235113898500576,,
bottom,49,ACH-001200,STM9101_SOFT_TISSUE,Kidney,Male,0.1314878892733564,,
bottom,50,ACH-000417,PANC0813_PANCREAS,Pancreas,Male,0.1336829584775086,0.017429097918262797,-0.017429097918262797
bottom,51,ACH-001239,WM2664_SKIN,Skin,Female,0.1357626874279123,0.014695687143879317,-0.014695687143879317
bottom,52,ACH-000539_FAILED_STR,,,Unknown,0.1366782006920415,,
bottom,53,ACH-000280,SNU840_OVARY,Ovary/Fallopian Tube,Female,0.1371035178777393,0.15503211418579874,-0.15503211418579874
bottom,54,ACH-000552,HT29_LARGE_INTESTINE,Bowel,Female,0.1376369665513264,0.08294984487479481,-0.08294984487479481
bottom,55,ACH-000341,SKNFI_AUTONOMIC_GANGLIA,Peripheral Nervous System,Male,0.1418685121107266,0.10423887010823751,-0.10423887010823751
bottom,56,ACH-000706,EKVX_LUNG,Lung,Male,0.143598615916955,0.036814165526235836,-0.036814165526235836
bottom,57,ACH-000205,PK59_PANCREAS,Pancreas,Female,0.1436707035755478,,
bottom,58,ACH-000976,HUCCT1_BILIARY_TRACT,Biliary Tract,Male,0.1467488465974625,0.011748325465243417,-0.011748325465243417
bottom,59,ACH-000562,HCC78_LUNG,Lung,Male,0.1544802479815455,0.15048655097354569,-0.15048655097354569
bottom,60,ACH-000266,SNU213_PANCREAS,Pancreas,Male,0.1548695213379469,-0.1492017210865988,0.1492017210865988
bottom,61,ACH-001163,PEDS005TSUSP_KIDNEY,Kidney,Male,0.1557093425605536,-0.012822426662222712,0.012822426662222712
bottom,62,ACH-000618,SNU1041_UPPER_AERODIGESTIVE_TRACT,Head and Neck,Male,0.1560337370242214,-0.026225526453033353,0.026225526453033353
bottom,63,ACH-000753,JMSU1_URINARY_TRACT,Bladder/Urinary Tract,Male,0.1560661764705882,-0.014202598847656511,0.014202598847656511
bottom,64,ACH-000682,SNU1066_UPPER_AERODIGESTIVE_TRACT,Head and Neck,Male,0.1573024798154556,-0.03643695307462296,0.03643695307462296
bottom,65,ACH-000443,OVKATE_OVARY,Ovary/Fallopian Tube,Female,0.1608996539792387,,
bottom,66,ACH-000924,NCIH2172_LUNG,Lung,Female,0.1645220588235294,-0.11287539826572279,0.11287539826572279
bottom,67,ACH-000719,RMGI_OVARY,Ovary/Fallopian Tube,Female,0.1675641580161476,-0.049518993238379244,0.049518993238379244
bottom,68,ACH-000489,SW1116_LARGE_INTESTINE,Bowel,Male,0.1678200692041522,-0.16372424511599612,0.16372424511599612
bottom,69,ACH-000102,GMS10_CENTRAL_NERVOUS_SYSTEM,CNS/Brain,Male,0.1689950980392157,,
bottom,70,ACH-000350,COLO678_LARGE_INTESTINE,Bowel,Male,0.1712802768166089,0.0009699695321316593,-0.0009699695321316593
bottom,71,ACH-000875,NCIH2347_LUNG,Lung,Female,0.1715506055363321,,
bottom,72,ACH-000533,NCIH2004RT_SOFT_TISSUE,Kidney,Male,0.1730103806228373,0.13679615174590082,-0.13679615174590082
bottom,73,ACH-000762,YD38_UPPER_AERODIGESTIVE_TRACT,Head and Neck,Male,0.1734032583621684,-0.06438973473693618,0.06438973473693618
bottom,74,ACH-000018,T24_URINARY_TRACT,Bladder/Urinary Tract,Female,0.1825836216839677,-0.06124038626598206,0.06124038626598206
bottom,75,ACH-000645,JL1_PLEURA,Pleura,Male,0.1833910034602076,0.0030490985236555287,-0.0030490985236555287
bottom,76,ACH-000420,SNU449_LIVER,Liver,Male,0.1874747693194925,0.04191888477705711,-0.04191888477705711
bottom,77,ACH-000305,ECGI10_OESOPHAGUS,Esophagus/Stomach,Male,0.1880370530565167,-0.07153193618401166,0.07153193618401166
bottom,78,ACH-000026,253JBV_URINARY_TRACT,Bladder/Urinary Tract,Male,0.1882893598615917,0.20801642697417513,-0.20801642697417513
bottom,79,ACH-000661,WM1799_SKIN,Skin,Male,0.1902970011534025,-0.1925274053478128,0.1925274053478128
bottom,80,ACH-000352,HCC1428_BREAST,Breast,Female,0.1913566897347174,0.12295842161879345,-0.12295842161879345
bottom,81,ACH-000652,SUIT2_PANCREAS,Pancreas,Male,0.192257785467128,0.05490449326627666,-0.05490449326627666
bottom,82,ACH-000679,OE19_OESOPHAGUS,Esophagus/Stomach,Male,0.1945898212226067,,
bottom,83,ACH-000855,KYSE150_OESOPHAGUS,Esophagus/Stomach,Female,0.1991637831603229,-0.011331186713321648,0.011331186713321648
bottom,84,ACH-001075,NCIH292_LUNG,Lung,Female,0.1992178489042675,0.12584305026012238,-0.12584305026012238
bottom,85,ACH-000313,KMRC3_KIDNEY,Kidney,Male,0.2008037773933102,0.061948612304246316,-0.061948612304246316
bottom,86,ACH-000836,YD15_SALIVARY_GLAND,Head and Neck,Male,0.2009587658592849,-0.10040888029781184,0.10040888029781184
bottom,87,ACH-000108,KP3_PANCREAS,Pancreas,Male,0.2029916378316032,0.012234717322690311,-0.012234717322690311
bottom,88,ACH-000227,KPNYN_AUTONOMIC_GANGLIA,Peripheral Nervous System,Male,0.2093425605536332,0.030060302152026798,-0.030060302152026798
bottom,89,ACH-000620,JHH1_LIVER,Liver,Male,0.2105500288350634,-0.07459308581057747,0.07459308581057747
bottom,90,ACH-000547,HT1197_URINARY_TRACT,Bladder/Urinary Tract,Male,0.2128027681660899,0.08721982696505756,-0.08721982696505756
bottom,91,ACH-000153,NCIH2052_PLEURA,Pleura,Male,0.2179642445213379,0.18051556090805435,-0.18051556090805435
bottom,92,ACH-000845,NCIH1373_LUNG,Lung,Male,0.2187031430219146,0.18496600426475585,-0.18496600426475585
bottom,93,ACH-000543,SNU489_CENTRAL_NERVOUS_SYSTEM,CNS/Brain,Male,0.2214532871972318,,
bottom,94,ACH-000723,YD10B_UPPER_AERODIGESTIVE_TRACT,Head and Neck,Male,0.2230103806228373,,
bottom,95,ACH-000235,PANC0403_PANCREAS,Pancreas,Male,0.2247729238754325,0.029339040649921794,-0.029339040649921794
bottom,96,ACH-000915,IPC298_SKIN,Skin,Female,0.2251874279123414,-0.14348679313078763,0.14348679313078763
bottom,97,ACH-000548,BHY_UPPER_AERODIGESTIVE_TRACT,Head and Neck,Male,0.2266435986159169,0.11155078804316307,-0.11155078804316307
bottom,98,ACH-000117,EFM192A_BREAST,Breast,Female,0.2289359861591695,,
bottom,99,ACH-000209,SNU1079_BILIARY_TRACT,Biliary Tract,Male,0.2327494232987312,-0.08208748907886232,0.08208748907886232
bottom,100,ACH-000189,RCC10RGB_KIDNEY,Kidney,Male,0.2397455305651672,-0.07890721085785041,0.07890721085785041
bottom,101,ACH-000593,BC3C_URINARY_TRACT,Bladder/Urinary Tract,Female,0.2411440311418685,0.05468154131870468,-0.05468154131870468
bottom,102,ACH-000223,HCC1937_BREAST,Breast,Female,0.2415477220299884,0.06681185474143875,-0.06681185474143875
bottom,103,ACH-000485,GSU_STOMACH,Esophagus/Stomach,Male,0.2422145328719723,0.16196805562425307,-0.16196805562425307
bottom,104,ACH-000367,NCIH226_LUNG,Pleura,Male,0.2437752306805075,0.08516174387098041,-0.08516174387098041
bottom,105,ACH-000882,IGR1_SKIN,Skin,Male,0.2460135524798154,-0.07170328229090417,0.07170328229090417
bottom,106,ACH-000814,HS939T_SKIN,Skin,Female,0.2467055940023068,,
bottom,107,ACH-000500,SNU46_UPPER_AERODIGESTIVE_TRACT,Head and Neck,Male,0.2493872549019608,-0.053047225234328844,0.053047225234328844
bottom,108,ACH-000579,UACC257_SKIN,Skin,Unknown,0.2526275951557093,0.12377108845187795,-0.12377108845187795
bottom,109,ACH-000957,LS180_LARGE_INTESTINE,Bowel,Female,0.2527249134948097,-0.11283677762714672,0.11283677762714672
bottom,110,ACH-000994,HEC59_ENDOMETRIUM,Uterus,Female,0.2679462226066897,-0.09274581081874309,0.09274581081874309
bottom,111,ACH-000630,YD8_UPPER_AERODIGESTIVE_TRACT,Head and Neck,Female,0.2711144752018454,0.050990337905830914,-0.050990337905830914
bottom,112,ACH-000717,COLO680N_OESOPHAGUS,Esophagus/Stomach,Female,0.2711613321799307,0.10615700546397822,-0.10615700546397822
bottom,113,ACH-000307,PK1_PANCREAS,Pancreas,Male,0.2727256343713956,0.012395389784032408,-0.012395389784032408
bottom,114,ACH-000510,NCIH1299_LUNG,Lung,Male,0.272862600922722,0.06535455704131232,-0.06535455704131232
