drug_key,name,moa,eqcl_group,median_auc,frac_auc_gt1,frac_auc_lt05,secondary_survival_preservation_score,median_logfc,frac_logfc_ge0,frac_logfc_lt_minus1,primary_survival_preservation_score,secondary_survival_preservation_score_rankpct,primary_survival_preservation_score_rankpct,combined_measurable_survival_score
BRD-A40940854-001-01-1,ibuproxam,"cyclooxygenase inhibitor, prostaglandin inhibitor",broad repair/protective,,,,,0.414401359486,0.859402460456942,0.0035149384885764,0.8414663858480386,,1.0,1.0
BRD-K26341917-001-01-3,L-ergothioneine,free radical scavenger,strict repair/protective,,,,,0.384305917771,0.890652557319224,0.0,0.8296321964306119,,0.9965986394557824,0.9965986394557824
BRD-K49338325-001-03-4,etofibrate,PPAR receptor agonist,broad repair/protective,,,,,0.347623841226,0.8653500897666068,0.0,0.7802988861093034,,0.9931972789115646,0.9931972789115646
BRD-A45044890-236-02-3,methylprednisolone-sodium-succinate,glucocorticoid receptor agonist,broad repair/protective,,,,,0.35691953741,0.8172231985940246,0.0017574692442882,0.7642130347737962,,0.9897959183673468,0.9897959183673468
BRD-K36270037-001-01-7,esculin,antioxidant,strict repair/protective,,,,,0.294489848137,0.8488576449912126,0.0,0.7189186706326063,,0.9829931972789115,0.9829931972789115
BRD-A83802939-304-04-2,dexamethasone-sodium-phosphate,glucocorticoid receptor agonist,broad repair/protective,,,,,0.329476919355,0.7855887521968365,0.0105448154657293,0.7143626838541213,,0.979591836734694,0.979591836734694
BRD-K89072800-001-01-8,2-TEDC,lipoxygenase inhibitor,broad repair/protective,,,,,0.305442687308,0.8106194690265487,0.0070796460176991,0.7054426873080001,,0.9761904761904762,0.9761904761904762
BRD-K93632104-001-17-2,salicylic-acid,cyclooxygenase inhibitor,broad repair/protective,,,,,0.275676140935,0.8084358523725835,0.0035149384885764,0.6772578632548594,,0.9727891156462584,0.9727891156462584
BRD-K56515112-001-21-6,medrysone,glucocorticoid receptor agonist,broad repair/protective,,,,,0.285307474364,0.7838312829525483,0.0052724077328646,0.6732688100406257,,0.9693877551020408,0.9693877551020408
BRD-A74667430-001-23-6,etodolac,cyclooxygenase inhibitor,broad repair/protective,,,,,0.274724798351,0.7996515679442509,0.0017421602787456,0.6732439621140662,,0.9659863945578232,0.9659863945578232
BRD-A25143711-001-02-2,hydrocortisone-valerate,glucocorticoid receptor agonist,broad repair/protective,,,,,0.292996463584,0.7609841827768014,0.0052724077328646,0.6695342491727522,,0.9625850340136054,0.9625850340136054
BRD-A64610707-001-04-4,pranoprofen,cyclooxygenase inhibitor,broad repair/protective,,,,,0.241865551102,0.8523725834797891,0.0,0.6680518428418946,,0.9591836734693876,0.9591836734693876
BRD-K41410256-304-02-2,balsalazide,cyclooxygenase inhibitor,broad repair/protective,,,,,0.253182361382,0.7809694793536804,0.0,0.6436671010588402,,0.9523809523809524,0.9523809523809524
BRD-A19952358-001-11-3,closantel,"chitinase inhibitor, NFkB pathway inhibitor",broad repair/protective,,,,,0.235438184353,0.7787610619469026,0.0,0.6248187153264513,,0.9421768707482994,0.9421768707482994
BRD-K68185022-001-14-8,ursolic-acid,"ATPase inhibitor, NFkB pathway inhibitor, STAT inhibitor",broad repair/protective,,,,,0.236028586575,0.7715289982425307,0.0052724077328646,0.6178387798966168,,0.9387755102040816,0.9387755102040816
BRD-K47679368-236-01-7,bromfenac,cyclooxygenase inhibitor,broad repair/protective,,,,,0.230718408091,0.7289048473967684,0.0017953321364452,0.5938243326870503,,0.935374149659864,0.935374149659864
BRD-K28849549-001-13-4,mesalazine,"cyclooxygenase inhibitor, lipoxygenase inhibitor, prostanoid receptor antagonist",broad repair/protective,,,,,0.219025999909,0.7490706319702602,0.0,0.5935613158941302,,0.9319727891156464,0.9319727891156464
BRD-K14880289-001-02-2,GW-501516,PPAR receptor agonist,broad repair/protective,1.28094548758552,0.9078014184397164,0.0,1.734846196805378,0.259857221623,0.768141592920354,0.0088495575221238,0.6372908499415841,0.9125,0.9489795918367347,0.9307397959183674
BRD-A48430263-003-17-2,pioglitazone,"insulin sensitizer, PPAR receptor agonist",broad repair/protective,,,,,0.234547117948,0.7231040564373897,0.0035273368606701,0.5934536435211922,,0.9285714285714286,0.9285714285714286
BRD-A66869276-001-02-9,diflorasone-diacetate,glucocorticoid receptor agonist,broad repair/protective,,,,,0.2521582013255,0.7160278745644599,0.0226480836236933,0.5931860758899599,,0.9251700680272108,0.9251700680272108
BRD-K81623406-004-08-3,EIT-hydrobromide,nitric oxide synthase inhibitor,broad repair/protective,,,,,0.2335826471885,0.7322695035460993,0.0106382978723404,0.5917386755572943,,0.9217687074829932,0.9217687074829932
BRD-K94723713-001-10-6,rutaecarpine,cyclooxygenase inhibitor,broad repair/protective,,,,,0.257180878132,0.7115044247787611,0.0300884955752212,0.5903667188399646,,0.9183673469387756,0.9183673469387756
BRD-K82562631-236-04-6,tolmetin,cyclooxygenase inhibitor,broad repair/protective,,,,,0.213896934796,0.7434094903339191,0.0,0.5856016799629595,,0.91156462585034,0.91156462585034
BRD-A22844106-001-26-0,tenoxicam,cyclooxygenase inhibitor,broad repair/protective,,,,,0.20439909996,0.7574692442882249,0.0,0.5831337221041124,,0.9081632653061223,0.9081632653061223
BRD-A75224450-001-02-4,ibuprofen-piconol,cyclooxygenase inhibitor,broad repair/protective,,,,,0.194442068094,0.7678244972577697,0.0,0.5783543167228848,,0.9047619047619048,0.9047619047619048
BRD-A86044036-001-26-5,flurbiprofen-(+/-),cyclooxygenase inhibitor,broad repair/protective,,,,,0.205241743941,0.7442273534635879,0.0,0.577355420672794,,0.9013605442176872,0.9013605442176872
BRD-K10843433-001-23-5,phenylbutazone,"cyclooxygenase inhibitor, prostanoid receptor antagonist",broad repair/protective,,,,,0.1980124123984999,0.753731343283582,0.0,0.574878084040291,,0.8979591836734694,0.8979591836734694
BRD-A43082555-001-02-9,loxoprofen,"cyclooxygenase inhibitor, prostanoid receptor antagonist",broad repair/protective,,,,,0.196215495339,0.7521968365553603,0.0017574692442882,0.570995811683464,,0.8945578231292517,0.8945578231292517
BRD-K48892307-001-04-1,sasapyrine,NFkB pathway inhibitor,broad repair/protective,,,,,0.201554762341,0.7414721723518851,0.0053859964093357,0.5682513512099407,,0.891156462585034,0.891156462585034
BRD-A53151380-001-01-2,prednisolone-tebutate,anti-inflammatory agent,broad repair/protective,1.24184510911292,0.8294314381270903,0.0,1.656560828176465,0.277471143457,0.7680140597539543,0.0070298769771528,0.6562057656011125,0.825,0.95578231292517,0.890391156462585
BRD-A49447682-001-02-4,desoximetasone,glucocorticoid receptor agonist,broad repair/protective,,,,,0.219911043682,0.6959578207381371,0.0052724077328646,0.5639356482514201,,0.8877551020408163,0.8877551020408163
BRD-K06883221-001-01-9,apratastat,"matrix metalloprotease inhibitor, tumor necrosis factor production inhibitor",broad repair/protective,,,,,0.180919188398,0.7659963436928702,0.0,0.5639173602444351,,0.8843537414965986,0.8843537414965986
BRD-A65767837-001-04-4,hydrocortisone-acetate,glucocorticoid receptor agonist,broad repair/protective,,,,,0.209217957015,0.7152899824253075,0.0105448154657293,0.5589543366283567,,0.8809523809523809,0.8809523809523809
BRD-K51474575-001-10-4,taurine,antioxidant,strict repair/protective,1.25001150752326,0.8207792207792208,0.0,1.6604011179128704,0.229818164009,0.7221238938053097,0.0035398230088495,0.5882252436550176,0.8375,0.9149659863945578,0.876232993197279
BRD-A17407635-001-04-0,alclometasone-dipropionate,glucocorticoid receptor agonist,broad repair/protective,,,,,0.216346016924,0.7061946902654868,0.015929203539823,0.5574964594018761,,0.8741496598639455,0.8741496598639455
BRD-A36010170-001-04-0,amcinonide,glucocorticoid receptor agonist,broad repair/protective,,,,,0.224700901372,0.6783831282952548,0.0105448154657293,0.5559838539203303,,0.8707482993197279,0.8707482993197279
BRD-K50133271-001-18-7,tolfenamic-acid,"cyclooxygenase inhibitor, prostanoid receptor antagonist",broad repair/protective,,,,,0.188686179459,0.7324955116696589,0.0017953321364452,0.5535874361914954,,0.8639455782312925,0.8639455782312925
BRD-A94523291-304-02-7,prednisolone-sodium-phosphate,glucocorticoid receptor agonist,broad repair/protective,,,,,0.204315080883,0.7135325131810193,0.0105448154657293,0.5531727258742126,,0.8605442176870748,0.8605442176870748
BRD-K48826825-001-01-8,S26948,PPAR receptor agonist,broad repair/protective,1.3554050342217798,0.9560975609756096,0.0,1.833453814709585,0.13327900154,0.6428571428571429,0.0089285714285714,0.4480111443971429,0.9625,0.7585034013605442,0.8605017006802721
BRD-A86619021-001-04-8,andrographolide,tumor necrosis factor production inhibitor,broad repair/protective,,,,,0.225378943241,0.6748681898066784,0.0175746924428822,0.5496320188121776,,0.8571428571428571,0.8571428571428571
BRD-K60914966-001-01-4,etosalamide,anti-inflammatory agent,broad repair/protective,,,,,0.194195157976,0.7070175438596491,0.0035087719298245,0.5450723509584562,,0.8503401360544217,0.8503401360544217
BRD-K94239562-001-05-5,paeonol,anti-inflammatory agent,broad repair/protective,,,,,0.189686175163,0.7008849557522124,0.0017699115044247,0.5388012194107876,,0.8469387755102041,0.8469387755102041
BRD-K34032314-001-04-1,betamethasone-valerate,glucocorticoid receptor agonist,broad repair/protective,,,,,0.204821844446,0.6889279437609842,0.015817223198594,0.5374228989275466,,0.8435374149659864,0.8435374149659864
BRD-K87990216-001-10-2,piretanide,glucocorticoid receptor agonist,broad repair/protective,1.12871427091891,0.7159353348729792,0.0,1.4866819383553995,0.319350064671,0.8734622144112478,0.0017574692442882,0.7547630699434078,0.7,0.9863945578231292,0.8431972789115646
BRD-A08255417-001-14-7,famprofazone,cyclooxygenase inhibitor,broad repair/protective,,,,,0.1882166128205,0.6842105263157895,0.0070175438596491,0.5250587180836579,,0.8401360544217688,0.8401360544217688
BRD-K01902415-001-11-7,pirinixic-acid,PPAR receptor agonist,broad repair/protective,,,,,0.172629127197,0.69449378330373,0.0053285968028419,0.5158795712467336,,0.8333333333333334,0.8333333333333334
BRD-K37083340-001-02-3,lycopene,free radical scavenger,strict repair/protective,,,,,0.1722051208005,0.6802973977695167,0.0,0.5123538196852584,,0.826530612244898,0.826530612244898
BRD-K87202646-061-04-9,pasiniazid,cyclooxygenase inhibitor,broad repair/protective,,,,,0.160687944188,0.6906854130052724,0.0035149384885764,0.5033944468242039,,0.8231292517006803,0.8231292517006803
BRD-M63173034-001-03-6,clonixin-lysinate,cyclooxygenase inhibitor,broad repair/protective,,,,,0.142329944218,0.716636197440585,0.0,0.5006480429382925,,0.8197278911564626,0.8197278911564626
BRD-K46317332-003-17-8,proadifen,nitric oxide synthase inhibitor,broad repair/protective,,,,,0.157197718024,0.6912280701754386,0.0052631578947368,0.4988643846906667,,0.8163265306122449,0.8163265306122449
BRD-K45542189-048-22-1,diethylcarbamazine,lipoxygenase inhibitor,broad repair/protective,,,,,0.152916715503,0.6813380281690141,0.0,0.493585729587507,,0.8129251700680272,0.8129251700680272
BRD-K28120222-001-08-4,parthenolide-(alternate-stereo),NFkB pathway inhibitor,broad repair/protective,,,,,0.212382084361,0.6336283185840708,0.047787610619469,0.4933555356884336,,0.8095238095238095,0.8095238095238095
BRD-K68558722-001-04-0,deracoxib,cyclooxygenase inhibitor,broad repair/protective,,,,,0.161200789413,0.6666666666666666,0.0017543859649122,0.4932183332726491,,0.8061224489795918,0.8061224489795918
BRD-K54770957-001-04-3,etoricoxib,cyclooxygenase inhibitor,broad repair/protective,,,,,0.157213065781,0.6822262118491921,0.0161579892280071,0.4862076797845906,,0.8027210884353742,0.8027210884353742
BRD-K02637541-001-18-0,celecoxib,cyclooxygenase inhibitor,broad repair/protective,,,,,0.146331423084,0.6849557522123894,0.0035398230088495,0.4861544319335575,,0.7993197278911565,0.7993197278911565
BRD-K36660044-001-24-2,bufexamac,cyclooxygenase inhibitor,broad repair/protective,,,,,0.143930457549,0.6695957820738138,0.0017574692442882,0.4774102466526906,,0.7959183673469388,0.7959183673469388
BRD-K92116564-001-01-4,isoxepac,anti-inflammatory agent,broad repair/protective,,,,,0.144702824948,0.6654867256637168,0.0035398230088495,0.4747913205232212,,0.7925170068027211,0.7925170068027211
BRD-K95053546-001-02-7,tempol,free radical scavenger,strict repair/protective,,,,,0.153247016653,0.6536412078152753,0.0071047957371225,0.4747390237577957,,0.7891156462585034,0.7891156462585034
BRD-K70924353-001-01-2,amtolmetin-guacil,cyclooxygenase inhibitor,broad repair/protective,,,,,0.1446231805775,0.6538461538461539,0.0,0.4715462575005769,,0.7857142857142857,0.7857142857142857
BRD-A40639672-234-18-0,ketorolac,cyclooxygenase inhibitor,broad repair/protective,,,,,0.146944750852,0.6624775583482945,0.0089766606822262,0.4714510345144775,,0.782312925170068,0.782312925170068
BRD-K36970462-001-01-6,tonabersat,"gap junction modulator, nitric oxide production inhibitor",broad repair/protective,,,,,0.1300601147664999,0.676056338028169,0.0,0.4680882837805845,,0.7789115646258503,0.7789115646258503
BRD-K18059238-001-10-4,gamma-linolenic-acid,"cyclooxygenase inhibitor, prostanoid receptor agonist",broad repair/protective,,,,,0.126461401831,0.6854130052724078,0.0017574692442882,0.4678498025339877,,0.7755102040816326,0.7755102040816326
BRD-A71725768-001-01-3,metoxibutropate,cyclooxygenase inhibitor,broad repair/protective,1.379394810110285,0.985,0.0,1.871894810110285,0.02917868600855,0.5296167247386759,0.0034843205574912,0.2913738079597695,0.9875,0.5612244897959183,0.7743622448979592
BRD-K98372770-001-08-2,L-165041,PPAR receptor agonist,broad repair/protective,,,,,0.152209477666,0.6336283185840708,0.0017699115044247,0.4676962033297168,,0.7721088435374149,0.7721088435374149
BRD-K63550407-001-12-7,erythromycin,NFkB pathway inhibitor,broad repair/protective,,,,,0.1325417361195,0.6725352112676056,0.0017605633802816,0.4674889192180915,,0.7687074829931972,0.7687074829931972
BRD-A13946108-001-17-1,sulindac,cyclooxygenase inhibitor,broad repair/protective,,,,,0.141420931952,0.6637168141592921,0.0088495575221238,0.4666421708900531,,0.7653061224489796,0.7653061224489796
BRD-K04430056-001-17-7,7-nitroindazole,nitric oxide synthase inhibitor,broad repair/protective,,,,,0.1250796076135,0.6655052264808362,0.0034843205574912,0.4552189804357996,,0.7619047619047619,0.7619047619047619
BRD-K27293958-001-01-5,tiaramide,anti-inflammatory agent,broad repair/protective,,,,,0.0989143319013,0.6819012797074955,0.0,0.4398649717550477,,0.7551020408163265,0.7551020408163265
BRD-K39983086-001-06-1,loteprednol,"glucocorticoid receptor agonist, phospholipase inhibitor",broad repair/protective,,,,,0.158374493544,0.611969111969112,0.0444015444015444,0.4310578912273977,,0.7517006802721088,0.7517006802721088
BRD-K72327355-001-14-7,baicalein,lipoxygenase inhibitor,broad repair/protective,1.19965602131542,0.6938775510204082,0.0,1.546594796825624,0.135508702677,0.631858407079646,0.0460176991150442,0.4169246318805398,0.7625,0.7380952380952381,0.750297619047619
BRD-K86161929-001-13-3,cortisone-acetate,glucocorticoid receptor agonist,broad repair/protective,,,,,0.11303374357,0.632688927943761,0.0,0.4293782075418805,,0.7482993197278912,0.7482993197278912
BRD-A02180903-001-04-5,betamethasone,glucocorticoid receptor agonist,broad repair/protective,1.03592927936948,0.582089552238806,0.0024875621890547,1.3251083838470918,0.269890007312,0.7328646748681898,0.0140597539543057,0.6257775292803656,0.55,0.9455782312925172,0.7477891156462586
BRD-A34006693-001-15-4,suprofen,cyclooxygenase inhibitor,broad repair/protective,,,,,0.112750396794,0.6381461675579323,0.0053475935828877,0.4278127853858003,,0.7448979591836735,0.7448979591836735
BRD-K98763141-001-30-8,niflumic-acid,cyclooxygenase inhibitor,broad repair/protective,,,,,0.100742640838,0.6390845070422535,0.005281690140845,0.4163236267534929,,0.7346938775510204,0.7346938775510204
BRD-A38592941-001-02-7,timonacic,antioxidant,strict repair/protective,,,,,0.109558031489,0.6289198606271778,0.0104529616724738,0.4161782405482335,,0.7312925170068028,0.7312925170068028
BRD-K63550407-001-13-5,erythromycin,NFkB pathway inhibitor,broad repair/protective,,,,,0.107659060861,0.6263940520446096,0.0074349442379182,0.4152798787048661,,0.7278911564625851,0.7278911564625851
BRD-K54339150-001-01-8,proquazone,cyclooxygenase inhibitor,broad repair/protective,,,,,0.096871057401,0.6259124087591241,0.0018248175182481,0.4084586486418759,,0.7244897959183674,0.7244897959183674
BRD-K04710043-001-17-8,hexamethylenebisacetamide,"AKT inhibitor, differentiation inducer, NFKB pathway inhibitor",broad repair/protective,,,,,0.0956772149094,0.6240875912408759,0.0,0.4077210105298379,,0.7210884353741497,0.7210884353741497
BRD-K73771095-001-03-3,geniposidic-acid,cyclooxygenase inhibitor,broad repair/protective,,,,,0.104071085718,0.6035398230088496,0.0035398230088495,0.4031861299657876,,0.717687074829932,0.717687074829932
BRD-K85333151-003-13-4,ramifenazone,cyclooxygenase inhibitor,broad repair/protective,1.123705224446525,0.7172774869109948,0.0,1.4823439679020225,0.11191638995,0.6309090909090909,0.0109090909090909,0.4191891172227272,0.6875,0.7414965986394558,0.714498299319728
BRD-A72988804-001-11-1,tiaprofenic-acid,cyclooxygenase inhibitor,broad repair/protective,,,,,0.09095179566875,0.6131386861313869,0.0,0.3975211387344434,,0.7108843537414966,0.7108843537414966
BRD-K88219015-001-10-8,asaraldehyde,cyclooxygenase inhibitor,broad repair/protective,,,,,0.0937125212201,0.5978456014362658,0.0035906642728904,0.389942323733565,,0.7006802721088435,0.7006802721088435
BRD-K25394294-001-14-9,oxaprozin,cyclooxygenase inhibitor,broad repair/protective,,,,,0.0872600556459,0.6045296167247387,0.0017421602787456,0.3882182437992101,,0.6972789115646258,0.6972789115646258
BRD-K84173274-001-01-6,ufenamate,cyclooxygenase inhibitor,broad repair/protective,,,,,0.07265274384005,0.6131386861313869,0.0,0.3792220869057434,,0.6904761904761905,0.6904761904761905
BRD-A16296925-001-01-3,indobufen,"cyclooxygenase inhibitor, platelet aggregation inhibitor",broad repair/protective,,,,,0.0817712348866,0.6074600355239786,0.0088809946714031,0.3788405066450369,,0.6870748299319728,0.6870748299319728
BRD-K46523383-003-22-9,pramoxine,topical anesthetic,broad repair/protective,,,,,0.08338420313035,0.5964912280701754,0.0105263157894736,0.3737350803233324,,0.6836734693877551,0.6836734693877551
BRD-A44696962-001-01-4,acetyl-11-keto-beta-boswellic-acid,lipoxygenase inhibitor,broad repair/protective,,,,,0.077914923502,0.5957820738137083,0.0052724077328646,0.3718516546092056,,0.6802721088435374,0.6802721088435374
BRD-K06388517-001-01-2,lofemizole,cyclooxygenase inhibitor,broad repair/protective,,,,,0.07077315929875,0.6021897810218978,0.0018248175182481,0.3704994366710127,,0.6768707482993197,0.6768707482993197
BRD-A62731508-001-05-8,cortisone,glucocorticoid receptor agonist,broad repair/protective,,,,,0.0793483898945,0.5824561403508772,0.0035087719298245,0.3679448811225702,,0.673469387755102,0.673469387755102
BRD-K49738308-065-04-9,agmatine,nitric oxide synthase inhibitor,broad repair/protective,,,,,0.07964640473295,0.587360594795539,0.0074349442379182,0.3677504939522808,,0.6700680272108843,0.6700680272108843
BRD-K39339537-001-21-0,epirizole,cyclooxygenase inhibitor,broad repair/protective,,,,,0.0791070438651,0.5745062836624776,0.0071813285457809,0.360974189287003,,0.6666666666666666,0.6666666666666666
BRD-A78391468-001-02-8,prednisolone-hemisuccinate,glucocorticoid receptor agonist,broad repair/protective,0.956311049790512,0.4483516483516483,0.0,1.180486873966336,0.207505781435,0.6924428822495606,0.0105448154657293,0.5458186109604833,0.475,0.8537414965986394,0.6643707482993197
BRD-A68281735-001-18-6,REV-5901,"leukotriene receptor antagonist, lipoxygenase inhibitor",broad repair/protective,,,,,0.07643216310445,0.5786713286713286,0.0069930069930069,0.360523072195359,,0.6632653061224489,0.6632653061224489
BRD-K91740057-001-19-8,felbinac,cyclooxygenase inhibitor,broad repair/protective,,,,,0.0707165491319,0.5814360770577933,0.0035026269702276,0.3588076174331259,,0.6598639455782312,0.6598639455782312
BRD-K96194081-001-10-2,cepharanthine,NFkB pathway inhibitor,broad repair/protective,,,,,0.07925127701745,0.5749128919860628,0.0156794425087108,0.3549481411289483,,0.6564625850340136,0.6564625850340136
BRD-K38938675-001-01-4,morniflumate,anti-inflammatory agent,broad repair/protective,,,,,0.0694170773535,0.5843694493783304,0.0088809946714031,0.3549410560391128,,0.6530612244897959,0.6530612244897959
BRD-A92439610-001-05-7,triamcinolone-acetonide,"glucocorticoid receptor agonist, immunosuppressant",broad repair/protective,1.19848853188292,0.6646153846153846,0.0,1.5307962241906123,0.03073098325705,0.534965034965035,0.0227272727272727,0.2811680461941129,0.75,0.5510204081632653,0.6505102040816326
BRD-K59506194-015-04-9,targinine,nitric oxide synthase inhibitor,broad repair/protective,,,,,0.06144186633045,0.5769230769230769,0.0,0.3499034047919884,,0.6496598639455783,0.6496598639455783
BRD-K08188887-001-02-4,astragaloside-a,antiinflammatory agent,broad repair/protective,,,,,0.07836535095135,0.5620567375886525,0.0177304964539007,0.3460958474052507,,0.6462585034013606,0.6462585034013606
BRD-K60036103-003-01-6,L-NIL,nitric oxide synthase inhibitor,broad repair/protective,,,,,0.0603012527526,0.5782073813708261,0.0052724077328646,0.3454506376383645,,0.6428571428571429,0.6428571428571429
BRD-K55462201-001-07-3,AM-404,"cyclooxygenase inhibitor, FAAH inhibitor, TRPV antagonist",broad repair/protective,0.954246956501895,0.348,0.0,1.1282469565018949,0.218984255278,0.70298769771529,0.0210896309314587,0.554660880937051,0.4125,0.8673469387755102,0.6399234693877551
BRD-K54496168-003-01-2,propacetamol,cyclooxygenase inhibitor,broad repair/protective,,,,,0.0578259645154,0.5772646536412078,0.0017761989342806,0.3451261421352934,,0.6394557823129252,0.6394557823129252
BRD-K06221026-001-06-8,DUP-697,cyclooxygenase inhibitor,broad repair/protective,,,,,0.05354909996985,0.5891608391608392,0.0069930069930069,0.3428847643055143,,0.6360544217687075,0.6360544217687075
BRD-K90629600-001-01-4,emorfazone,"antiinflammatory agent, cyclooxygenase inhibitor",broad repair/protective,,,,,0.05604991461385,0.5784671532846716,0.0036496350364963,0.3425462649788135,,0.6326530612244898,0.6326530612244898
BRD-K30237152-300-02-5,1400W,nitric oxide synthase inhibitor,broad repair/protective,,,,,0.0547001761695,0.5719360568383659,0.0017761989342806,0.3393360553879725,,0.6292517006802721,0.6292517006802721
BRD-A28318179-003-08-5,aminomethyltransferase,nitric oxide synthase inhibitor,broad repair/protective,,,,,0.0562828671745,0.5701754385964912,0.0035087719298245,0.3387390075253771,,0.6258503401360545,0.6258503401360545
BRD-A43082555-001-01-1,loxoprofen,"cyclooxygenase inhibitor, prostanoid receptor antagonist",broad repair/protective,,,,,0.0603677564205,0.5727109515260324,0.0125673249551166,0.3372977384671787,,0.6224489795918368,0.6224489795918368
BRD-A92177080-001-02-1,betamethasone-acetate,glucocorticoid receptor agonist,broad repair/protective,,,,,0.0560518819598,0.5656934306569343,0.0036496350364963,0.3361613710108949,,0.6190476190476191,0.6190476190476191
BRD-K61177364-003-02-9,NBI-27914,corticosteroid releasing factor receptor antagonist,broad repair/protective,,,,,0.0618743906191,0.5578947368421052,0.0070175438596491,0.3355586011454157,,0.6156462585034014,0.6156462585034014
BRD-A97739905-001-26-5,ketoprofen,cyclooxygenase inhibitor,broad repair/protective,0.9431602429291056,0.2995391705069124,0.0,1.0929298281825617,0.198460932044,0.7213114754098361,0.0018214936247723,0.5577505495303389,0.35,0.8775510204081632,0.6137755102040816
BRD-K97530723-001-20-9,melatonin,"melatonin receptor agonist, nitric oxide synthase inhibitor",broad repair/protective,,,,,0.0658190098253,0.5627177700348432,0.0156794425087108,0.3354183129611885,,0.6122448979591837,0.6122448979591837
BRD-K94353609-001-21-6,fluocinolone-acetonide,glucocorticoid receptor agonist,broad repair/protective,1.25909257087584,0.8109339407744874,0.0,1.6645595412630838,-0.0752986836815,0.437609841827768,0.0404217926186291,0.1131898927684121,0.85,0.3707482993197279,0.6103741496598639
BRD-A93683007-001-01-9,mabuprofen,cyclooxygenase inhibitor,broad repair/protective,,,,,0.05137498014975,0.5656934306569343,0.0,0.3342216954782172,,0.608843537414966,0.608843537414966
BRD-K66295376-001-13-1,ferulic-acid,antioxidant,strict repair/protective,,,,,0.04200771050035,0.5693430656934306,0.0018248175182481,0.3253106302083792,,0.6054421768707483,0.6054421768707483
BRD-K26901728-001-06-2,lumiracoxib,cyclooxygenase inhibitor,broad repair/protective,,,,,0.0503318091188,0.5586690017513135,0.010507880910683,0.3217853993114445,,0.6020408163265306,0.6020408163265306
BRD-K41524689-001-23-5,paracetamol,cyclooxygenase inhibitor,broad repair/protective,,,,,0.0432875499856,0.5673249551166966,0.0071813285457809,0.3215640311346125,,0.5986394557823129,0.5986394557823129
BRD-K36467523-001-02-8,bindarit,NFkB pathway inhibitor,broad repair/protective,1.106313029707405,0.7761194029850746,0.0,1.4943727311999424,-0.0196436180701,0.4866785079928952,0.0301953818827708,0.2010490995142694,0.725,0.4659863945578231,0.5954931972789116
BRD-K80076813-001-08-8,diftalone,cyclooxygenase inhibitor,broad repair/protective,,,,,0.0441136033901,0.5557586837294333,0.0018281535648994,0.320621830081142,,0.5918367346938775,0.5918367346938775
BRD-K26024145-001-01-9,desoxycorticosterone-pivalate,corticosteroid agonist,broad repair/protective,,,,,0.0390677732068499,0.5565693430656934,0.0,0.3173524447396967,,0.5884353741496599,0.5884353741496599
BRD-A23418262-001-01-5,floctafenine,cyclooxygenase inhibitor,broad repair/protective,,,,,0.03929913048415,0.5638686131386861,0.0072992700729927,0.3157589844987485,,0.5850340136054422,0.5850340136054422
BRD-A88138582-001-04-8,halcinonide,glucocorticoid receptor agonist,broad repair/protective,1.38450512112234,0.8934624697336562,0.0,1.831236355989168,-0.183792851423,0.3447037701974865,0.0610412926391382,-0.0572219358036104,0.95,0.2142857142857142,0.5821428571428571
BRD-A73385064-001-01-5,beclomethasone,glucocorticoid receptor agonist,broad repair/protective,,,,,0.0435931961414,0.5474452554744526,0.0054744525547445,0.3132099844625678,,0.5816326530612245,0.5816326530612245
BRD-K24452555-001-01-7,methylprednisolone-aceponate,"anti-inflammatory agent, glucocorticoid receptor agonist",broad repair/protective,,,,,0.0367819514328,0.5492700729927007,0.0072992700729927,0.3059425353744058,,0.5782312925170068,0.5782312925170068
BRD-K76812510-236-14-8,metamizole,"cyclooxygenase inhibitor, opioid receptor agonist",broad repair/protective,,,,,0.0308733799309,0.5595026642984015,0.0088809946714031,0.3039639660765483,,0.5748299319727891,0.5748299319727891
BRD-K30990140-003-02-4,FR-122047,cyclooxygenase inhibitor,broad repair/protective,1.21924124472568,0.9106699751861044,0.0,1.674576232318732,-0.1329947612895,0.3513986013986014,0.0332167832167832,0.0177919519972132,0.8625,0.282312925170068,0.572406462585034
BRD-K33141550-003-05-7,L-NAME,nitric oxide synthase inhibitor,broad repair/protective,,,,,0.03539551284555,0.5367132867132867,0.0087412587412587,0.2971962121462492,,0.5714285714285714,0.5714285714285714
BRD-K04923131-001-15-4,GSK-3-inhibitor-IX,"glycogen synthase kinase inhibitor, lipoxygenase inhibitor",broad repair/protective,0.95579775178163,0.3875278396436525,0.0,1.1495616716034562,0.186147969819,0.5861456483126111,0.1190053285968028,0.3899667975277034,0.4375,0.7040816326530612,0.5707908163265306
BRD-A12994259-001-02-1,pomalidomide,"angiogenesis inhibitor, tumor necrosis factor production inhibitor",broad repair/protective,1.41026523359895,0.9879227053140096,0.0,1.9042265862559549,-0.280189068896,0.2381818181818182,0.0618181818181818,-0.2074617961687273,1.0,0.1394557823129251,0.5697278911564626
BRD-K99199077-001-16-1,hydrocortisone-butyrate,glucocorticoid receptor agonist,broad repair/protective,,,,,0.034294722415,0.541970802919708,0.0145985401459854,0.294331218765365,,0.5680272108843537,0.5680272108843537
BRD-A93255169-001-28-3,thalidomide,tumor necrosis factor production inhibitor,broad repair/protective,,,,,0.0361685758663,0.5400696864111498,0.0174216027874564,0.2931372169812826,,0.564625850340136,0.564625850340136
BRD-K44471774-001-01-8,bay-w-9798,antioxidant,strict repair/protective,,,,,0.0294628629712,0.5474452554744526,0.0164233576642335,0.2908679724602511,,0.5578231292517006,0.5578231292517006
BRD-K59197931-001-04-5,naproxen,cyclooxygenase inhibitor,broad repair/protective,1.09812770208926,0.6883561643835616,0.0,1.4423057842810407,-0.03567403509595,0.4597902097902098,0.0017482517482517,0.192909880987966,0.6625,0.4523809523809524,0.5574404761904762
BRD-A10188456-001-04-9,dexamethasone,glucocorticoid receptor agonist,broad repair/protective,,,,,0.0240134854533,0.5364963503649635,0.0072992700729927,0.2867872080810372,,0.5544217687074829,0.5544217687074829
BRD-K35245662-001-01-2,ciclesonide,glucocorticoid receptor agonist,broad repair/protective,0.984952087835752,0.4742014742014742,0.0,1.222052824936489,0.0579828716555,0.5541958041958042,0.0192307692307692,0.3206576968303251,0.5125,0.5952380952380952,0.5538690476190475
BRD-K47635719-001-21-1,dexamethasone-acetate,glucocorticoid receptor agonist,broad repair/protective,1.311458709179935,0.882183908045977,0.0,1.7525506632029235,-0.215062938344,0.3129370629370629,0.0611888111888111,-0.1044860152670769,0.925,0.1802721088435374,0.5526360544217688
BRD-A78877355-001-03-0,nefopam,cyclooxygenase inhibitor,broad repair/protective,,,,,0.01800428693215,0.519163763066202,0.0121951219512195,0.2684398270018364,,0.5476190476190477,0.5476190476190477
BRD-K07359318-001-03-9,benfotiamine,antioxidant,strict repair/protective,1.36520543317908,0.9646464646464646,0.0,1.847528665502312,-0.3525553349715,0.2174721189591078,0.0910780669144981,-0.3121278256778197,0.975,0.119047619047619,0.5470238095238095
BRD-K16077845-001-06-1,fentiazac,cyclooxygenase inhibitor,broad repair/protective,,,,,0.01225796900895,0.5174825174825175,0.0069930069930069,0.2657544725054535,,0.54421768707483,0.54421768707483
BRD-K47492008-001-02-7,alclofenac,cyclooxygenase inhibitor,broad repair/protective,,,,,0.007705851824675,0.5145985401459854,0.0,0.2650051218976677,,0.5408163265306123,0.5408163265306123
BRD-K93568044-001-32-0,hydrocortisone,glucocorticoid receptor agonist,broad repair/protective,,,,,0.0338447727835,0.5186500888099467,0.039076376554174,0.2638625347728427,,0.5374149659863946,0.5374149659863946
BRD-A49358627-001-14-6,ciprofibrate,PPAR receptor agonist,broad repair/protective,0.899310576816677,0.1048780487804878,0.0,0.951749601206921,0.187817761817,0.6942003514938488,0.0175746924428822,0.5217369182317627,0.2375,0.8367346938775511,0.5371173469387756
BRD-K49372556-001-04-1,mofezolac,cyclooxygenase inhibitor,broad repair/protective,,,,,0.007988309460425,0.5091240875912408,0.0,0.2625503532560454,,0.5340136054421769,0.5340136054421769
BRD-K15426076-001-01-2,iguratimod,"cyclooxygenase inhibitor, NFkB pathway inhibitor",broad repair/protective,,,,,0.00930417636541,0.5109090909090909,0.0072727272727272,0.25930417636541,,0.5306122448979592,0.5306122448979592
BRD-K46585355-001-14-3,acetylsalicylsalicylic-acid,cyclooxygenase inhibitor,broad repair/protective,1.10030528645771,0.673469387755102,0.0,1.4370399803352611,-0.0552094411086,0.4325744308231173,0.021015761821366,0.1453159529369341,0.65,0.4081632653061224,0.5290816326530612
BRD-K69346723-001-04-8,glutathione,antioxidant,strict repair/protective,,,,,0.0103656873182049,0.5092936802973977,0.0092936802973977,0.2580422672438555,,0.5272108843537415,0.5272108843537415
BRD-K31627533-001-09-5,rimexolone,glucocorticoid receptor agonist,broad repair/protective,1.174035626198805,0.6928571428571428,0.0,1.5204641976273765,-0.105936073715,0.3943661971830985,0.0440140845070422,0.0582364614962676,0.7375,0.3163265306122449,0.5269132653061225
BRD-K61496577-001-19-4,flumethasone,glucocorticoid receptor agonist,broad repair/protective,,,,,0.00457961584112,0.5045703839122486,0.0,0.2568648077972443,,0.5238095238095238,0.5238095238095238
BRD-K53097745-001-01-5,pterostilbene,"cyclooxygenase inhibitor, PPAR receptor agonist",broad repair/protective,0.937856575388353,0.2552631578947368,0.0,1.0654881543357213,0.1024160123425,0.6045296167247387,0.019163763066202,0.3903079984052177,0.3375,0.7074829931972789,0.5224914965986395
BRD-K15691453-236-01-6,GSK2190915,lipoxygenase inhibitor,broad repair/protective,,,,,0.00332819388374,0.506398537477148,0.0018281535648994,0.2551563474486394,,0.5204081632653061,0.5204081632653061
BRD-A61850409-001-10-7,alpha-tochopheryl-acetate,antioxidant,strict repair/protective,,,,,0.00405672963658,0.5070175438596491,0.0070175438596491,0.2523023436716677,,0.5170068027210885,0.5170068027210885
BRD-A01643550-001-04-9,prednisolone-acetate,glucocorticoid receptor agonist,broad repair/protective,1.35079543886561,0.8793969849246231,0.0,1.7904939313279216,-0.410122878893,0.289090909090909,0.2127272727272727,-0.425122878893,0.9375,0.0952380952380952,0.5163690476190477
BRD-K51575138-001-13-2,TPCA-1,IKK inhibitor,broad repair/protective,0.904546586173918,0.0734341252699784,0.0,0.9412636488089072,0.227620589115,0.6533101045296167,0.0540069686411149,0.5137704148989721,0.2,0.8299319727891157,0.5149659863945578
BRD-K21528677-001-03-6,desonide,glucocorticoid receptor agonist,broad repair/protective,,,,,0.019547481183,0.5186500888099467,0.0373001776198934,0.2508973923730532,,0.5102040816326531,0.5102040816326531
BRD-K43647122-001-01-3,nerbacadol,cyclooxygenase inhibitor,broad repair/protective,,,,,-0.000728751840385,0.5,0.0018382352941176,0.2478925716890267,,0.5068027210884354,0.5068027210884354
BRD-K19515365-001-02-6,bendazac,cyclooxygenase inhibitor,broad repair/protective,,,,,-0.00359771134856,0.4862888482632541,0.0,0.239546712783067,,0.5034013605442177,0.5034013605442177
BRD-K86161929-001-11-7,cortisone-acetate,glucocorticoid receptor agonist,broad repair/protective,,,,,0.002543820485795,0.5018587360594795,0.0185873605947955,0.2395326680694381,,0.5,0.5
BRD-K54708045-001-02-1,nTZDpa,PPAR receptor agonist,broad repair/protective,,,,,-0.00664550912815,0.4956063268892794,0.0087873462214411,0.2345671446504088,,0.4965986394557823,0.4965986394557823
BRD-K93035859-001-07-6,butylated-hydroxyanisole,antioxidant,strict repair/protective,,,,,-0.00541069798937,0.4903339191564148,0.0070298769771528,0.2344838538559727,,0.4931972789115646,0.4931972789115646
BRD-K14965640-001-12-4,ibuprofen-(s),cyclooxygenase inhibitor,broad repair/protective,,,,,-0.00591548096793,0.4938704028021016,0.0087565674255691,0.2344522948639439,,0.4897959183673469,0.4897959183673469
BRD-K35240538-001-26-2,methylprednisolone,glucocorticoid receptor agonist,broad repair/protective,1.278869222408325,0.8467336683417085,0.0,1.7022360565791792,-0.378622100444,0.2076502732240437,0.1311475409836065,-0.3731576195696831,0.875,0.0986394557823129,0.4868197278911564
BRD-U48018661-000-01-9,tyloxapol,NFkB pathway inhibitor,broad repair/protective,,,,,-0.002957197290665,0.4947368421052631,0.0245614035087719,0.2259901711303876,,0.4863945578231292,0.4863945578231292
BRD-K60640630-001-11-0,mometasone-furoate,glucocorticoid receptor agonist,broad repair/protective,,,,,-0.006506100564855,0.4894736842105263,0.0333333333333333,0.2132307415404081,,0.4795918367346938,0.4795918367346938
BRD-K15327298-001-05-5,fmoc-l-leucine,PPAR receptor agonist,broad repair/protective,,,,,-0.0196926895079,0.4577205882352941,0.0018382352941176,0.2077889281391588,,0.4761904761904761,0.4761904761904761
BRD-K10799896-001-26-2,clobetasol-propionate,glucocorticoid receptor agonist,broad repair/protective,1.074070975920065,0.6273584905660378,0.0094339622641509,1.3806747495049707,-0.0798875811195,0.425569176882662,0.0385288966725043,0.1040003348174527,0.5875,0.3639455782312925,0.4757227891156462
BRD-A15415227-003-02-9,GW-1929,PPAR receptor agonist,broad repair/protective,,,,,-0.01881904634655,0.4651567944250871,0.0104529616724738,0.2059196296116381,,0.4727891156462585,0.4727891156462585
BRD-K73529671-001-02-9,troxerutin,antioxidant,strict repair/protective,,,,,-0.02653160633005,0.4757462686567164,0.0130597014925373,0.2015467518789052,,0.4693877551020408,0.4693877551020408
BRD-A17846016-001-13-9,trolox,antioxidant,strict repair/protective,1.27022838749867,0.918158567774936,0.0,1.729307671386138,-1.238453949,0.0087873462214411,0.6942003514938488,-1.754710539509666,0.9,0.0204081632653061,0.4602040816326531
BRD-K87386013-001-01-7,diroximel-fumarate,anti-inflammatory agent,broad repair/protective,,,,,-0.0336454822420499,0.4708029197080292,0.0072992700729927,0.19628152505722,,0.4591836734693877,0.4591836734693877
BRD-K04430056-236-02-1,7-nitroindazole,nitric oxide synthase inhibitor,broad repair/protective,1.25058325960608,0.9225181598062954,0.0,1.7118423395092277,-1.09347556275,0.0710479573712255,0.5346358792184724,-1.4589284934782416,0.8875,0.0306122448979591,0.4590561224489796
BRD-K50388907-001-30-4,fenofibrate,PPAR receptor agonist,broad repair/protective,1.22722918420361,0.8539325842696629,0.0,1.6541954763384414,-0.369786136458,0.2236363636363636,0.1109090909090909,-0.3411497728216364,0.8125,0.1054421768707483,0.4589710884353741
BRD-K57886322-001-16-6,fluocinonide,glucocorticoid receptor agonist,broad repair/protective,,,,,-0.0293691078466,0.469835466179159,0.0127970749542961,0.1959508190272574,,0.4557823129251701,0.4557823129251701
BRD-K11631773-001-10-8,sesamin,NFkB pathway inhibitor,broad repair/protective,,,,,-0.0383311359941,0.4702602230483271,0.0148698884758364,0.1856465591731862,,0.4489795918367347,0.4489795918367347
BRD-K46937689-001-15-0,phenazone,cyclooxygenase inhibitor,broad repair/protective,1.06869769070439,0.6564885496183206,0.0,1.3969419655135502,-0.137947115988,0.3189189189189189,0.0216216216216216,0.0052961272552432,0.625,0.272108843537415,0.4485544217687075
BRD-K25114078-003-08-1,aminoguanidine,nitric oxide synthase inhibitor,broad repair/protective,,,,,-0.0407961884491,0.4640980735551663,0.0175131348511383,0.1781179971901294,,0.445578231292517,0.445578231292517
BRD-K14767410-001-02-3,SC-560,cyclooxygenase inhibitor,broad repair/protective,,,,,-0.0473095261176,0.4378283712784588,0.0017513134851138,0.170291174407794,,0.4421768707482993,0.4421768707482993
BRD-K96206066-001-07-9,difenpiramide,"cyclooxygenase inhibitor, prostaglandin inhibitor",broad repair/protective,,,,,-0.0432021302735,0.4397810218978102,0.010948905109489,0.1684767018432883,,0.4387755102040816,0.4387755102040816
BRD-K66956375-001-11-3,oleoylethanolamide,"cannabinoid receptor agonist, glucose dependent insulinotropic receptor agonist, potassium channel blocker, PPAR receptor agonist",broad repair/protective,1.051295871341585,0.6225,0.0,1.362545871341585,-0.1105902462739999,0.3986013986013986,0.0489510489510489,0.0519971663134125,0.5625,0.3129251700680272,0.4377125850340136
BRD-K54907283-001-01-2,AKBA,lipoxygenase inhibitor,broad repair/protective,,,,,-0.0500042767071,0.4204753199268738,0.0036563071297989,0.1574911529089877,,0.4319727891156462,0.4319727891156462
BRD-K77554836-001-14-0,triamcinolone,glucocorticoid receptor agonist,broad repair/protective,,,,,-0.0467266988418,0.4524236983842011,0.0394973070017953,0.149862170098954,,0.4285714285714285,0.4285714285714285
BRD-K45252063-001-13-6,clofibrate,PPAR receptor agonist,broad repair/protective,1.21598948243868,0.8433048433048433,0.0,1.637641904091102,-0.53407372608,0.1367673179396092,0.1847246891651865,-0.6042335839840853,0.7875,0.0680272108843537,0.4277636054421768
BRD-K33720171-001-01-0,difluprednate,glucocorticoid receptor agonist,broad repair/protective,0.818125347811765,0.1339092872570194,0.0,0.8850799914402747,0.117468828179,0.5942549371633752,0.0215439856373429,0.3984383075326804,0.1375,0.7142857142857143,0.4258928571428572
BRD-K89714990-001-01-5,tepoxalin,"cyclooxygenase inhibitor, lipoxygenase inhibitor",broad repair/protective,0.974182351306895,0.3797327394209354,0.0,1.164048721017363,-0.0585391230098,0.4596491228070175,0.0561403508771929,0.129180175235814,0.4625,0.3877551020408163,0.4251275510204081
BRD-K61496577-001-20-2,flumethasone,glucocorticoid receptor agonist,broad repair/protective,0.920447545988185,0.397752808988764,0.0022471910112359,1.11763855722414,-0.0022713191362599,0.4982456140350877,0.0298245614035087,0.2244830668286522,0.3625,0.4829931972789115,0.4227465986394557
BRD-K59875992-001-01-8,FPL-62064,"cyclooxygenase inhibitor, lipoxygenase inhibitor",broad repair/protective,,,,,-0.0593290614011,0.4442508710801394,0.0174216027874564,0.1497301720483773,,0.4217687074829932,0.4217687074829932
BRD-A27887842-001-04-0,prednisolone,glucocorticoid receptor agonist,broad repair/protective,1.12795365814131,0.5805626598465473,0.0,1.4182349880645837,-0.1909878097215,0.32,0.0527272727272727,-0.0705332642669545,0.6375,0.2006802721088435,0.4190901360544217
BRD-A85242401-001-12-3,ascorbic-acid,antioxidant,strict repair/protective,,,,,-0.0573046808449,0.4192982456140351,0.0052631578947368,0.1483970735410649,,0.4183673469387755,0.4183673469387755
BRD-U25960968-000-01-9,tyloxapol,NFkB pathway inhibitor,broad repair/protective,1.11815334571006,0.6877076411960132,0.0,1.4620071663080667,-0.2485940574925,0.2735191637630662,0.0714285714285714,-0.1654059041823955,0.675,0.1598639455782313,0.4174319727891157
BRD-A57382968-001-29-0,piroxicam,cyclooxygenase inhibitor,broad repair/protective,1.20842283914704,0.8698795180722891,0.0,1.6433625981831843,-0.8219691345669999,0.0278745644599303,0.3310104529616725,-1.0562896920582892,0.8,0.0340136054421768,0.4170068027210885
BRD-K46018455-001-27-6,bezafibrate,PPAR receptor agonist,broad repair/protective,,,,,-0.0549362251963,0.4308797127468581,0.0161579892280071,0.1483851392561236,,0.4149659863945578,0.4149659863945578
BRD-K92758126-001-18-8,MD-920,NFkB pathway inhibitor,broad repair/protective,,,,,-0.0675456828118999,0.4423076923076923,0.0069930069930069,0.1483634080971909,,0.4115646258503401,0.4115646258503401
BRD-K09900591-001-26-7,caffeic-acid,"HIV integrase inhibitor, lipoxygenase inhibitor, nitric oxide production inhibitor, tumor necrosis factor production inhibitor",broad repair/protective,1.2207940242232,0.8198614318706697,0.0,1.630724740158535,-0.782975027331,0.0762081784386617,0.3382899628252788,-0.9985884102306284,0.775,0.0408163265306122,0.4079081632653061
BRD-K57853941-304-02-5,olsalazine,cyclooxygenase inhibitor,broad repair/protective,,,,,-0.0597642541071,0.4477351916376306,0.0261324041811846,0.1445040385758268,,0.4047619047619047,0.4047619047619047
BRD-K98548675-001-05-9,parthenolide,NFkB pathway inhibitor,broad repair/protective,0.848127564903508,0.0252525252525252,0.0,0.8607538275297707,0.1253043551205,0.5818815331010453,0.0383275261324041,0.3874994770717195,0.1125,0.6938775510204082,0.4031887755102041
BRD-A87479750-001-02-7,tenidap,cyclooxygenase inhibitor,broad repair/protective,,,,,-0.05864900664085,0.4228070175438596,0.0140350877192982,0.1422281863416061,,0.4013605442176871,0.4013605442176871
BRD-K77320845-001-01-2,secoisolariciresinol-diglucoside,antioxidant,strict repair/protective,,,,,-0.0643028187511,0.4233576642335766,0.0072992700729927,0.1419015608109438,,0.3979591836734694,0.3979591836734694
BRD-A17411484-001-11-9,carprofen,cyclooxygenase inhibitor,broad repair/protective,,,,,-0.0664807092844,0.4248251748251748,0.0087412587412587,0.1393759340722433,,0.3945578231292517,0.3945578231292517
BRD-K50398167-236-22-7,meclofenamic-acid,"cyclooxygenase inhibitor, prostanoid receptor antagonist",broad repair/protective,,,,,-0.0630717476937,0.4156305506216696,0.0159857904085257,0.1327541848107405,,0.391156462585034,0.391156462585034
BRD-A84174393-236-07-1,meloxicam,cyclooxygenase inhibitor,broad repair/protective,1.192039382367845,0.5944700460829493,0.0,1.4892744054093197,-0.5630110353665001,0.12,0.1763636363636363,-0.6352837626392274,0.7125,0.064625850340136,0.388562925170068
BRD-K96263742-001-14-8,GW-7647,PPAR receptor agonist,broad repair/protective,,,,,-0.0699847433666,0.4088495575221239,0.0106194690265486,0.1264754336245504,,0.3843537414965986,0.3843537414965986
BRD-K07954936-001-01-3,2-iminobiotin,nitric oxide synthase inhibitor,broad repair/protective,,,,,-0.07393608708525,0.4018181818181818,0.0054545454545454,0.1228820947329318,,0.3809523809523809,0.3809523809523809
BRD-K97810537-001-12-8,beclomethasone-dipropionate,glucocorticoid receptor agonist,broad repair/protective,,,,,-0.07211744659595,0.4479553903345725,0.0427509293680297,0.1197970515453139,,0.3775510204081632,0.3775510204081632
BRD-A24560335-300-01-2,efatutazone,PPAR receptor agonist,broad repair/protective,,,,,-0.0730441641127,0.4,0.0176991150442477,0.1136814996041142,,0.3741496598639456,0.3741496598639456
BRD-K77554836-001-11-6,triamcinolone,glucocorticoid receptor agonist,broad repair/protective,1.08890722193111,0.6009389671361502,0.0,1.3893767054991852,-0.3202557679105,0.2602230483271375,0.0892193308550185,-0.2570587418881952,0.6125,0.1292517006802721,0.3708758503401361
BRD-K97810537-001-13-6,beclomethasone-dipropionate,glucocorticoid receptor agonist,broad repair/protective,0.9363147092697284,0.245049504950495,0.0049504950495049,1.0551265904578473,-0.0515078911019,0.4490909090909091,0.0309090909090909,0.1498557452617363,0.3125,0.4251700680272108,0.3688350340136054
BRD-K85883481-001-25-7,prednisone,glucocorticoid receptor agonist,broad repair/protective,,,,,-0.087093425927,0.4129263913824057,0.0107719928186714,0.1112907751501992,,0.3673469387755102,0.3673469387755102
BRD-A50064262-001-04-7,flumethasone-pivalate,glucocorticoid receptor agonist,broad repair/protective,1.013148466837975,0.5216346153846154,0.0,1.2739657745302828,-0.209960885934,0.3181019332161687,0.0685413005272407,-0.1023158947213462,0.5375,0.1870748299319728,0.3622874149659864
BRD-K03165895-001-01-9,elafibranor,PPAR receptor agonist,broad repair/protective,,,,,-0.0822131661806,0.3759124087591241,0.0091240875912408,0.0988999725055313,,0.3571428571428571,0.3571428571428571
BRD-K73529671-001-04-5,troxerutin,antioxidant,strict repair/protective,,,,,-0.0938254016246,0.3929824561403509,0.0140350877192982,0.0921395106561017,,0.3537414965986394,0.3537414965986394
BRD-A85548292-001-01-8,piketoprofen,cyclooxygenase inhibitor,broad repair/protective,,,,,-0.09169632907205,0.3854545454545454,0.0127272727272727,0.0914854891097681,,0.3503401360544217,0.3503401360544217
BRD-K34851558-001-02-3,parthenolide-(-),NFkB pathway inhibitor,broad repair/protective,0.9312720108922076,0.087719298245614,0.0021929824561403,0.9734869231729092,-0.00370137736223,0.4973451327433628,0.111504424778761,0.1613428704253806,0.2625,0.4353741496598639,0.3489370748299319
BRD-K64614248-001-12-3,salicin,anti-inflammatory agent,broad repair/protective,,,,,-0.0903895215627,0.3929824561403509,0.0228070175438596,0.0889964433495807,,0.3469387755102041,0.3469387755102041
BRD-K62310379-001-10-5,fluticasone-propionate,glucocorticoid receptor agonist,broad repair/protective,0.886492554630882,0.1428571428571428,0.0105820105820105,0.9499846181229454,-0.0122252898194,0.4902309058614564,0.0479573712255772,0.1969221346921452,0.225,0.4625850340136054,0.3437925170068027
BRD-A75552914-001-15-0,isoxicam,cyclooxygenase inhibitor,broad repair/protective,,,,,-0.0963005334485,0.4,0.0247787610619469,0.0851153957550398,,0.3435374149659864,0.3435374149659864
BRD-K10670311-001-15-5,sulfasalazine,cyclooxygenase inhibitor,broad repair/protective,1.07289841513547,0.6318407960199005,0.0074626865671641,1.383221798220047,-0.4739230946935,0.1127272727272727,0.1072727272727272,-0.4980140037844091,0.6,0.0850340136054421,0.342517006802721
BRD-K65877271-001-01-8,halobetasol-propionate,glucocorticoid receptor agonist,broad repair/protective,0.960386161446259,0.4476614699331848,0.0,1.1842168964128514,-0.200752711246,0.3375224416517056,0.0700179533213644,-0.0845049554111705,0.4875,0.1938775510204081,0.340688775510204
BRD-K46133855-304-03-8,NXY-059,free radical scavenger,strict repair/protective,,,,,-0.0929478937802,0.3662477558348294,0.0107719928186714,0.0820969895232111,,0.3401360544217687,0.3401360544217687
BRD-K09090523-001-02-1,firocoxib,cyclooxygenase inhibitor,broad repair/protective,,,,,-0.0990645907758,0.3859649122807017,0.0210526315789473,0.0781283916803403,,0.336734693877551,0.336734693877551
BRD-K80267133-001-17-7,aminosalicylate,cyclooxygenase inhibitor,broad repair/protective,,,,,-0.1083416809034999,0.3872727272727272,0.0145454545454545,0.0743855918237727,,0.3333333333333333,0.3333333333333333
BRD-K78815826-001-14-6,suxibuzone,cyclooxygenase inhibitor,broad repair/protective,0.9414239341272894,0.3612334801762114,0.0,1.1220406742153952,-0.1375883766885,0.3245614035087719,0.0210526315789473,0.0089028513816754,0.3875,0.2755102040816326,0.3315051020408163
BRD-K57222227-001-30-1,indomethacin,cyclooxygenase inhibitor,broad repair/protective,,,,,-0.10086524831645,0.3828671328671328,0.0227272727272727,0.0735228635716618,,0.3299319727891156,0.3299319727891156
BRD-K76775527-001-30-2,nimesulide,cyclooxygenase inhibitor,broad repair/protective,,,,,-0.10012740999,0.3885017421602787,0.0296167247386759,0.0719109175361324,,0.3265306122448979,0.3265306122448979
BRD-K59013864-001-01-1,AM-24,lipoxygenase inhibitor,broad repair/protective,,,,,-0.1031299779519999,0.3728222996515679,0.0156794425087108,0.0715215899922508,,0.3231292517006803,0.3231292517006803
BRD-K95053546-001-03-5,tempol,free radical scavenger,strict repair/protective,,,,,-0.117017478206,0.3866171003717472,0.0148698884758364,0.0651386556229963,,0.3197278911564626,0.3197278911564626
BRD-K10673031-004-02-0,S-Isopropylisothiourea,nitric oxide synthase inhibitor,broad repair/protective,,,,,-0.10896933617,0.3450087565674256,0.0192644483362521,0.0490867058615236,,0.3095238095238095,0.3095238095238095
BRD-K24689407-001-06-3,3-bromo-7-nitroindazole,nitric oxide synthase inhibitor,broad repair/protective,,,,,-0.119788950454,0.3817863397548161,0.0297723292469352,0.0487749724882066,,0.3061224489795918,0.3061224489795918
BRD-K21733600-001-14-1,rofecoxib,cyclooxygenase inhibitor,broad repair/protective,,,,,-0.135256163705,0.3662477558348294,0.0107719928186714,0.0397887195984111,,0.3027210884353741,0.3027210884353741
BRD-K58810291-001-16-2,clobetasone-butyrate,corticosteroid agonist,broad repair/protective,,,,,-0.129223876829,0.364963503649635,0.0237226277372262,0.0354659041928978,,0.2993197278911564,0.2993197278911564
BRD-K94436377-001-10-2,diosmin,"aryl hydrocarbon receptor agonist, capillary stabilizing agent",strict repair/protective,,,,,-0.137618177037,0.3763066202090592,0.0296167247386759,0.0283225895135226,,0.2959183673469387,0.2959183673469387
BRD-K03384561-001-02-7,roquinimex,"angiogenesis inhibitor, tumor necrosis factor production inhibitor",broad repair/protective,1.0500567001541898,0.6544117647058824,0.0,1.377262582507131,-1.67538715657,0.0017574692442882,0.92091388400703,-2.3651938349531285,0.575,0.010204081632653,0.2926020408163265
BRD-K12994359-001-18-4,valdecoxib,cyclooxygenase inhibitor,broad repair/protective,,,,,-0.1374904585785,0.3509090909090909,0.0181818181818181,0.0243277232396818,,0.2925170068027211,0.2925170068027211
BRD-A49765801-001-04-1,fludroxycortide,glucocorticoid receptor agonist,broad repair/protective,0.923078930531205,0.271264367816092,0.0,1.0587111144392511,-0.146944220057,0.369449378330373,0.063943161634103,-0.0101769021173907,0.325,0.2551020408163265,0.2900510204081633
BRD-K29359156-001-30-1,ebselen,"cyclooxygenase inhibitor, glutathione peroxidase agonist, H+/K+-ATPase inhibitor, nitric oxide synthase inhibitor",broad repair/protective,,,,,-0.14597188484,0.3710801393728223,0.0278745644599303,0.0186622615014634,,0.2891156462585034,0.2891156462585034
BRD-K58148589-001-03-6,betamethasone-dipropionate,anti-inflammatory agent,broad repair/protective,0.9706794583733048,0.4601769911504424,0.0022123893805309,1.199108661913128,-0.542490596253,0.1370826010544815,0.1511423550087873,-0.5873060619823497,0.5,0.0748299319727891,0.2874149659863945
BRD-A90551241-001-10-8,lornoxicam,cyclooxygenase inhibitor,broad repair/protective,,,,,-0.1411799461915,0.3421052631578947,0.0157894736842105,0.0180305801242894,,0.2857142857142857,0.2857142857142857
BRD-K21528677-001-02-8,desonide,glucocorticoid receptor agonist,broad repair/protective,0.994715764509959,0.4888888888888889,0.0,1.2391602089544034,-0.698743717336,0.1282527881040892,0.3234200743494423,-0.8771823790460372,0.525,0.0442176870748299,0.284608843537415
BRD-A51571244-001-01-9,hypoestoxide,IKK inhibitor,broad repair/protective,0.873463774769559,0.0081081081081081,0.054054054054054,0.8369772882830725,0.0600639349488,0.5385996409335727,0.104129263913824,0.2512668074802183,0.05,0.5136054421768708,0.2818027210884354
BRD-A15909516-001-06-6,rebamipide,free radical scavenger,strict repair/protective,,,,,-0.143346092437,0.3286713286713286,0.0139860139860139,0.0105000614091538,,0.2789115646258503,0.2789115646258503
BRD-A15297126-001-04-3,fluocinolone-acetonide,glucocorticoid receptor agonist,broad repair/protective,,,,,-0.1514847543669999,0.3781818181818182,0.0545454545454545,-0.0033029361851818,,0.2653061224489796,0.2653061224489796
BRD-K67563174-001-17-6,acemetacin,cyclooxygenase inhibitor,broad repair/protective,,,,,-0.15645119313,0.3285457809694793,0.0233393177737881,-0.0096827909756014,,0.2619047619047619,0.2619047619047619
BRD-K49954789-001-02-9,mesna,antioxidant,strict repair/protective,0.920113558132301,0.4,0.0,1.120113558132301,-0.271448823608,0.2052631578947368,0.0491228070175438,-0.2056593499237895,0.375,0.1428571428571428,0.2589285714285714
BRD-K73771095-001-02-5,geniposidic-acid,cyclooxygenase inhibitor,broad repair/protective,,,,,-0.157975704211,0.3271375464684015,0.020446096654275,-0.0097415034675055,,0.2585034013605442,0.2585034013605442
BRD-K82983861-001-04-3,GW-0742,PPAR receptor agonist,broad repair/protective,,,,,-0.148209435154,0.3169877408056042,0.0332749562171628,-0.01467178191407,,0.2517006802721088,0.2517006802721088
BRD-K19111024-001-20-9,clofibric-acid,PPAR receptor agonist,broad repair/protective,,,,,-0.1582558773445,0.3127272727272727,0.0181818181818181,-0.0155286046172272,,0.2482993197278911,0.2482993197278911
BRD-K73541271-001-03-6,etofenamate,cyclooxygenase inhibitor,broad repair/protective,,,,,-0.169440474159,0.3179396092362344,0.0106571936056838,-0.0184635647451456,,0.2448979591836734,0.2448979591836734
BRD-K11433652-001-17-0,aspirin,cyclooxygenase inhibitor,broad repair/protective,0.9686509349486868,0.3834951456310679,0.0,1.160398507764221,-0.81751064839,0.0618181818181818,0.3381818181818182,-1.0402379211172728,0.45,0.0374149659863945,0.2437074829931972
BRD-A56359832-001-11-1,zileuton,"leukotriene synthesis inhibitor, lipoxygenase inhibitor",broad repair/protective,,,,,-0.1535887042655,0.3275261324041811,0.0383275261324041,-0.0185712826627125,,0.2414965986394557,0.2414965986394557
BRD-A93000692-001-08-1,ciglitazone,PPAR receptor agonist,broad repair/protective,,,,,-0.156355299397,0.3280977312390924,0.0383944153577661,-0.0211022452957783,,0.238095238095238,0.238095238095238
BRD-K20482099-001-09-4,rutin,"antioxidant, capillary stabilizing agent, nitric oxide scavenger",strict repair/protective,0.8609616129764079,0.2188841201716738,0.0,0.9704036730622448,-0.1794442544895,0.3587360594795539,0.0576208178438661,-0.0432918381326227,0.25,0.2244897959183673,0.2372448979591837
BRD-K10843433-001-22-7,phenylbutazone,"cyclooxygenase inhibitor, prostanoid receptor antagonist",broad repair/protective,0.958038022459767,0.3457711442786069,0.0,1.1309235945990703,-0.625695097356,0.0890909090909091,0.2254545454545454,-0.7502405519014546,0.425,0.0476190476190476,0.2363095238095238
BRD-K47114202-001-14-6,chlorogenic-acid,antioxidant,strict repair/protective,0.9348064249137716,0.3852813852813853,0.0,1.1274471175544645,-0.5266099842095,0.1635338345864661,0.1973684210526315,-0.5928693827057405,0.4,0.0714285714285714,0.2357142857142857
BRD-K96006502-001-02-6,deflazacort,glucocorticoid receptor agonist,broad repair/protective,0.891170541189692,0.273972602739726,0.002283105022831,1.0264445137924318,-0.210013629762,0.2778761061946903,0.0814159292035398,-0.1321375235673097,0.3,0.1700680272108843,0.2350340136054421
BRD-A87130939-001-07-9,masoprocol,lipoxygenase inhibitor,broad repair/protective,,,,,-0.1643358236925,0.3102189781021898,0.0237226277372262,-0.0270183054443248,,0.2346938775510204,0.2346938775510204
BRD-K80267133-001-19-3,aminosalicylate,cyclooxygenase inhibitor,broad repair/protective,,,,,-0.1530027579215,0.3159851301115242,0.0501858736059479,-0.0326495980701988,,0.2312925170068027,0.2312925170068027
BRD-K08252256-236-33-8,diclofenac,cyclooxygenase inhibitor,broad repair/protective,,,,,-0.1793143098919999,0.2909090909090909,0.0163636363636363,-0.0461324917101818,,0.2210884353741496,0.2210884353741496
BRD-K76973696-001-12-6,tryptanthrin,cyclooxygenase inhibitor,broad repair/protective,0.824978588429216,0.0590717299578059,0.0,0.8545144534081189,-0.0440806779345,0.479646017699115,0.1238938053097345,0.1028219769327566,0.075,0.3605442176870748,0.2177721088435374
BRD-A17655518-001-24-4,ibuprofen,cyclooxygenase inhibitor,broad repair/protective,,,,,-0.196602076578,0.2937062937062937,0.0139860139860139,-0.0602384402143636,,0.2108843537414966,0.2108843537414966
BRD-K36269323-300-02-6,asymmetrical-dimethylarginine,nitric oxide synthase inhibitor,broad repair/protective,0.8318126939746016,0.116591928251121,0.0,0.890108658100162,-0.149802799216,0.3108348134991119,0.0106571936056838,-0.0023782876707069,0.15,0.2687074829931973,0.2093537414965986
BRD-K15507868-001-03-7,tesaglitazar,"insulin sensitizer, PPAR receptor agonist",broad repair/protective,,,,,-0.1937233358059999,0.2814685314685314,0.0157342657342657,-0.0647897693724335,,0.2074829931972789,0.2074829931972789
BRD-K38350380-001-01-8,FK-3311,cyclooxygenase inhibitor,broad repair/protective,0.910889538564161,0.1934782608695652,0.0,1.0076286689989435,-0.339968187677,0.2495575221238938,0.127433628318584,-0.3107646478539911,0.2875,0.1224489795918367,0.2049744897959183
BRD-K86294588-001-01-9,schisandrin-b,antioxidant,strict repair/protective,,,,,-0.200584042347,0.3118466898954704,0.0331010452961672,-0.0694864813713902,,0.2040816326530612,0.2040816326530612
BRD-A44090213-001-25-6,indoprofen,"cyclooxygenase inhibitor, prostanoid receptor antagonist",broad repair/protective,0.8381229690768566,0.1375545851528384,0.0,0.9069002616532758,-0.177727523208,0.330188679245283,0.0377358490566037,-0.0409350703778113,0.1625,0.227891156462585,0.1951955782312925
BRD-K14618467-001-04-6,IKK-16,IKK inhibitor,broad repair/protective,0.912382038759043,0.0562770562770562,0.0,0.9405205668975712,-0.18398938111,0.337979094076655,0.078397212543554,-0.0737977434793379,0.1875,0.1972789115646258,0.1923894557823129
BRD-K16546375-001-01-4,bicyclol,NFkB pathway inhibitor,broad repair/protective,,,,,-0.194657879747,0.2248628884826325,0.0054844606946983,-0.0863397810267075,,0.1904761904761904,0.1904761904761904
BRD-K04112579-001-07-0,nepafenac,cyclooxygenase inhibitor,broad repair/protective,,,,,-0.220769785826,0.2565905096660808,0.0140597539543057,-0.1030193464586889,,0.1836734693877551,0.1836734693877551
BRD-K26373640-001-05-1,IKK-2-inhibitor,"IKK inhibitor, SYK inhibitor",broad repair/protective,,,,,-0.221261596471,0.2317073170731707,0.0261324041811846,-0.1250072410703031,,0.1768707482993197,0.1768707482993197
BRD-A34603619-001-01-9,tropesin,cyclooxygenase inhibitor,broad repair/protective,,,,,-0.234820477271,0.2427007299270073,0.0237226277372262,-0.131262083110416,,0.173469387755102,0.173469387755102
BRD-K13566078-001-02-3,BMS-345541,IKK inhibitor,broad repair/protective,0.85730515513543,0.168859649122807,0.0,0.9417349796968336,-0.29031942425,0.3607705779334501,0.1943957968476357,-0.2557309829190017,0.2125,0.1326530612244898,0.1725765306122449
BRD-K82122102-323-01-1,amfenac,cyclooxygenase inhibitor,broad repair/protective,0.9349410710321492,0.1172566371681416,0.0,0.99356938961622,-0.588506738877,0.0700179533213644,0.1364452423698384,-0.6558316939936966,0.275,0.0578231292517006,0.1664115646258503
BRD-K38003476-001-09-1,clocortolone-pivalate,steroid,broad repair/protective,,,,,-0.241404751679,0.3013937282229965,0.0923344947735191,-0.159958758647641,,0.1632653061224489,0.1632653061224489
BRD-A86871940-001-01-9,nicaraven,free radical scavenger,strict repair/protective,,,,,-0.269865973607,0.2778793418647166,0.0585009140767824,-0.1748019882322285,,0.1564625850340136,0.1564625850340136
BRD-K92778217-001-32-7,mefenamic-acid,cyclooxygenase inhibitor,broad repair/protective,,,,,-0.251648790069,0.2331511839708561,0.0710382513661202,-0.1883518866081621,,0.1530612244897959,0.1530612244897959
BRD-A13084692-001-17-3,troglitazone,"insulin sensitizer, PPAR receptor agonist",broad repair/protective,,,,,-0.2958378576354999,0.2340425531914893,0.0301418439716312,-0.2014229640184787,,0.1496598639455782,0.1496598639455782
BRD-K13800121-001-01-5,parecoxib,cyclooxygenase inhibitor,broad repair/protective,,,,,-0.281805384411,0.2141592920353982,0.0371681415929203,-0.2026018445879911,,0.1462585034013605,0.1462585034013605
BRD-A13133631-001-04-0,fluorometholone,glucocorticoid receptor agonist,broad repair/protective,0.818905452695424,0.1172413793103448,0.0,0.8775261423505964,-0.240968631849,0.35929203539823,0.127433628318584,-0.156897835388823,0.125,0.1666666666666666,0.1458333333333333
BRD-K65146499-001-27-9,nabumetone,cyclooxygenase inhibitor,broad repair/protective,,,,,-0.297629818489,0.2092592592592592,0.0666666666666666,-0.2430001888593703,,0.1360544217687075,0.1360544217687075
BRD-K69907333-001-10-6,flurbiprofen-(S)-(+),cyclooxygenase inhibitor,broad repair/protective,,,,,-0.349853770127,0.1858736059479553,0.0464684014869888,-0.291768268268264,,0.1258503401360544,0.1258503401360544
BRD-K68395654-001-03-1,EVP4593,NFkB pathway inhibitor,broad repair/protective,0.635633754266886,0.0129032258064516,0.0709677419354838,0.5888595607184989,-0.1559117034704999,0.4233449477351916,0.1358885017421602,-0.0461556059095243,0.025,0.2176870748299319,0.1213435374149659
BRD-A97437073-050-14-5,rosiglitazone,"insulin sensitizer, PPAR receptor agonist",broad repair/protective,,,,,-0.347439391958,0.1695804195804195,0.0909090909090909,-0.3308310003496084,,0.1088435374149659,0.1088435374149659
BRD-A00578795-001-04-3,zaltoprofen,cyclooxygenase inhibitor,broad repair/protective,,,,,-0.39059649106,0.2229965156794425,0.0905923344947735,-0.3470424840913589,,0.1020408163265306,0.1020408163265306
BRD-K07572174-001-39-4,curcumin,"cyclooxygenase inhibitor, histone acetyltransferase inhibitor, lipoxygenase inhibitor, NFkB pathway inhibitor",broad repair/protective,0.852958481673139,0.0131291028446389,0.0,0.8595230330954585,-0.2997314004895,0.4126394052044609,0.3011152416356877,-0.3192481291140353,0.0875,0.1122448979591836,0.0998724489795918
BRD-K15025317-001-15-1,BAY-11-7082,NFkB pathway inhibitor,broad repair/protective,0.912040263914635,0.0090293453724604,0.0,0.9165549366008652,-1.33723328461,0.0831858407079646,0.6371681415929203,-1.773516470450708,0.175,0.0170068027210884,0.0960034013605442
BRD-K45664306-001-19-6,prednisolone-acetate,glucocorticoid receptor agonist,broad repair/protective,,,,,-0.404939191191,0.1657355679702048,0.1527001862197393,-0.4365965468707021,,0.0918367346938775,0.0918367346938775
BRD-K20482099-001-11-0,rutin,"antioxidant, capillary stabilizing agent, nitric oxide scavenger",strict repair/protective,,,,,-0.457364072072,0.1411149825783972,0.1132404181184669,-0.4717368943716515,,0.0884353741496598,0.0884353741496598
BRD-K77345217-001-05-0,gallic-acid,"beta amyloid protein neurotoxicity inhibitor, PPAR receptor agonist",broad repair/protective,,,,,-0.476689355263,0.1023339317773788,0.104129263913824,-0.5036193373096787,,0.0816326530612244,0.0816326530612244
BRD-K12513978-001-24-1,fenbufen,cyclooxygenase inhibitor,broad repair/protective,,,,,-0.4966406731055,0.0963636363636363,0.1363636363636363,-0.550731582196409,,0.0782312925170068,0.0782312925170068
BRD-A53134341-001-03-2,Ro-106-9920,NFkB pathway inhibitor,broad repair/protective,0.771526139797712,0.0042735042735042,0.0,0.7736628919344641,-0.3285184770645,0.3553113553113553,0.2197802197802197,-0.3156979642439871,0.0375,0.1156462585034013,0.0765731292517006
BRD-K74305673-001-06-2,IKK-2-inhibitor-V,"IKK inhibitor, NFkB pathway inhibitor",broad repair/protective,0.820636504759045,0.08,0.0,0.8606365047590451,-1.201366456,0.1545293072824156,0.5754884547069272,-1.5557181433889875,0.1,0.0238095238095238,0.0619047619047619
BRD-K38323065-001-19-9,phenacetin,cyclooxygenase inhibitor,broad repair/protective,,,,,-0.581119576533,0.070298769771529,0.1247803163444639,-0.6395554289055835,,0.0612244897959183,0.0612244897959183
BRD-A98378129-001-02-2,talniflumate,cyclooxygenase inhibitor,broad repair/protective,,,,,-0.607258471964,0.052064631956912,0.1418312387791741,-0.6875995850699246,,0.0544217687074829,0.0544217687074829
BRD-K26168087-001-09-7,magnolol,PPAR receptor agonist,broad repair/protective,,,,,-0.598442037096,0.1433628318584071,0.231858407079646,-0.700654426476531,,0.0510204081632653,0.0510204081632653
BRD-K48684885-001-04-2,BAY-11-7085,NFkB pathway inhibitor,broad repair/protective,0.838916151434315,0.0262582056892779,0.0,0.852045254278954,-1.91304525463,0.0106194690265486,0.8495575221238938,-2.544903661709646,0.0625,0.0068027210884353,0.0346513605442176
BRD-K95053546-001-01-9,tempol,free radical scavenger,strict repair/protective,,,,,-1.08593384818,0.0296167247386759,0.5871080139372822,-1.5114564962636237,,0.0272108843537414,0.0272108843537414
BRD-K65814004-003-02-9,diphenyleneiodonium,nitric oxide synthase inhibitor,broad repair/protective,0.5475013992958685,0.0022321428571428,0.2901785714285714,0.3309835421530113,-1.67545906292,0.047787610619469,0.7168141592920354,-2.189175877079292,0.0125,0.0136054421768707,0.0130527210884353
BRD-K56211775-001-03-8,RTA-408,nitric oxide production inhibitor,broad repair/protective,,,,,-2.57159151103,0.0,0.9835466179159048,-3.309251474466929,,0.0034013605442176,0.0034013605442176
