comparison,gene,axis_membership,n_pos,n_neg,median_dep_pos,median_dep_neg,delta,mw_auc,p,FDR_within_comparison
RTR_high_removal_high_vs_other_all,AKT1,AKT_PI3K_survival,93,376,0.0813036998753017,0.040127244675245796,0.0411764552000559,0.5685769846716999,0.040497669503557605,0.5714506339358175
RTR_high_removal_high_vs_other_all,AKT2,AKT_PI3K_survival,93,376,0.0705025570915064,0.057562662302105855,0.012939894789400538,0.5356325783573553,0.28720839199166404,0.6974192115042702
RTR_high_removal_high_vs_other_all,AKT3,AKT_PI3K_survival,93,376,-0.0660309946939458,-0.08831933176537896,0.022288337071433156,0.551990391214825,0.12041522297206345,0.5714506339358175
RTR_high_removal_high_vs_other_all,ATIC,nucleotide_antifolate,93,376,0.2520778608751791,0.30735042079047625,-0.05527255991529717,0.4484671699839854,0.12371611662528008,0.5714506339358175
RTR_high_removal_high_vs_other_all,ATM,DDR_CHK_ATR;prior_DDR_checkpoint,93,376,0.0842662192260907,0.00194481640614875,0.08232140281994195,0.61238846945779,0.0007859012658171507,0.07623242278426362
RTR_high_removal_high_vs_other_all,ATR,DDR_CHK_ATR;prior_DDR_checkpoint,93,376,1.1066872834207544,1.1181199747650865,-0.011432691344332113,0.49256463051933197,0.8245164421571982,0.956322159282543
RTR_high_removal_high_vs_other_all,AURKA,mitotic_kinase_PLK_AUR,93,376,1.1926272570493437,1.1906082282967003,0.0020190287526433703,0.5138126286890872,0.6801263111816764,0.930666248064727
RTR_high_removal_high_vs_other_all,AURKB,mitotic_kinase_PLK_AUR,93,376,2.198163728116445,2.1076011879120795,0.0905625402043655,0.5578242964996568,0.08410503965149017,0.5714506339358175
RTR_high_removal_high_vs_other_all,AURKC,mitotic_kinase_PLK_AUR,93,376,-0.0030597430451796,-0.008421973987657799,0.005362230942478199,0.5331159917638985,0.32262859600352434,0.7273551106204974
RTR_high_removal_high_vs_other_all,BAK1,apoptosis_MCL1_BCL;prior_apoptosis_core,93,376,0.3092343891546913,0.3531864335024101,-0.043952044347718766,0.4473804621368108,0.11598954884113834,0.5714506339358175
RTR_high_removal_high_vs_other_all,BAX,apoptosis_MCL1_BCL;prior_apoptosis_core,93,376,-0.0605869396927753,-0.0628586834805955,0.0022717437878202046,0.49190688629604207,0.8092505042400862,0.956322159282543
RTR_high_removal_high_vs_other_all,BBC3,prior_p53_decision,93,376,0.0823262711300639,0.0976779822827481,-0.015351711152684203,0.45418668496911463,0.1711670178186654,0.5924476426894522
RTR_high_removal_high_vs_other_all,BCL2,apoptosis_MCL1_BCL;prior_apoptosis_core,93,376,-0.0118230951119804,-0.017540465448370797,0.005717370336390398,0.5396648364218715,0.23611689619632636,0.6362038591956571
RTR_high_removal_high_vs_other_all,BCL2L1,apoptosis_MCL1_BCL;prior_apoptosis_core,93,376,0.9905630665210684,1.0021664554857797,-0.011603388964711248,0.502259208419126,0.9465201183124734,0.9850408725331034
RTR_high_removal_high_vs_other_all,BCL2L11,apoptosis_MCL1_BCL,93,376,-0.0104231130668913,0.00115802173509235,-0.01158113480198365,0.4748341340654312,0.45233810510727723,0.8278640791586018
RTR_high_removal_high_vs_other_all,BIRC5,apoptosis_MCL1_BCL,93,376,2.015449506061384,1.9159445102069643,0.09950499585441985,0.5554506977808282,0.09763553009491585,0.5714506339358175
RTR_high_removal_high_vs_other_all,BRCA1,DDR_CHK_ATR;prior_DDR_checkpoint,93,376,0.5381582348286138,0.5055477851052625,0.032610449723351254,0.5589110043468314,0.07843843773830957,0.5714506339358175
RTR_high_removal_high_vs_other_all,BRCA2,DDR_CHK_ATR;prior_DDR_checkpoint,93,376,0.5379274358389042,0.5124738544467333,0.02545358139217091,0.5431823381377259,0.19710253065492622,0.6167401765654144
RTR_high_removal_high_vs_other_all,BUB1,microtubule_spindle,93,376,0.6477080460991725,0.6660553516994225,-0.018347305600249997,0.47083047357584074,0.383671614192284,0.7918329058862031
RTR_high_removal_high_vs_other_all,BUB1B,microtubule_spindle,93,376,1.2436458593737127,1.2249363987484112,0.018709460625301544,0.5015442690459849,0.9635372943340275,0.9850408725331034
RTR_high_removal_high_vs_other_all,CAD,nucleotide_antifolate,93,376,0.3211461925208575,0.34292275360998803,-0.02177656108913051,0.5051189659116908,0.8787719089427376,0.967318698717219
RTR_high_removal_high_vs_other_all,CASP3,apoptosis_MCL1_BCL;prior_apoptosis_core,93,376,-0.0747819099398286,-0.06816542546820835,-0.006616484471620249,0.48195493022191715,0.5900558539374028,0.9122598032215383
RTR_high_removal_high_vs_other_all,CASP8,apoptosis_MCL1_BCL;prior_apoptosis_core,93,376,-0.052314946981643,-0.06882586970558766,0.01651092272394466,0.5139556165637155,0.6769979195983007,0.930666248064727
RTR_high_removal_high_vs_other_all,CCNB1,microtubule_spindle,93,376,0.7115013389645557,0.7191628846511936,-0.007661545686637905,0.48967627545184167,0.7580494930149302,0.956322159282543
RTR_high_removal_high_vs_other_all,CCNB2,microtubule_spindle,93,376,0.0249271721967601,0.004333599531446949,0.02059357266531315,0.550045756119881,0.13493326275872286,0.5924476426894522
RTR_high_removal_high_vs_other_all,CCND1,prior_cell_cycle_checkpoint,93,376,1.2589613743660075,1.3692155368102195,-0.11025416244421193,0.4548158316174788,0.17712352204117643,0.5924476426894522
RTR_high_removal_high_vs_other_all,CDC20,microtubule_spindle,93,376,2.0850933161683374,2.120226103043004,-0.0351327868746667,0.48644474948524363,0.6857712830633319,0.930666248064727
RTR_high_removal_high_vs_other_all,CDK1,microtubule_spindle;mitotic_kinase_PLK_AUR,93,376,2.6487574497462805,2.6713045728357594,-0.022547123089478927,0.505576527110501,0.868001100284268,0.967318698717219
RTR_high_removal_high_vs_other_all,CDK4,prior_cell_cycle_checkpoint,93,376,0.6379788294898727,0.5920350064018958,0.045943823087976954,0.4909059711736445,0.7861601944416798,0.956322159282543
RTR_high_removal_high_vs_other_all,CDK6,prior_cell_cycle_checkpoint,93,376,0.5656065174620951,0.5071586830692454,0.05844783439284973,0.48307023564401735,0.6132568276790262,0.9151678813056239
RTR_high_removal_high_vs_other_all,CDKN1A,prior_p53_decision,93,376,-0.1985016818233732,-0.2073730693857621,0.008871387562388922,0.5397506291466483,0.23510458592423933,0.6362038591956571
RTR_high_removal_high_vs_other_all,CDKN2A,prior_cell_cycle_checkpoint,93,376,-0.1459639473750101,-0.14755827192357865,0.0015943245485685598,0.5193033630748114,0.5643768809049639,0.9122598032215383
RTR_high_removal_high_vs_other_all,CENPE,microtubule_spindle,93,376,0.6873272097898664,0.6608890832889821,0.026438126500884285,0.5265099519560741,0.4285451101697205,0.812477930741199
RTR_high_removal_high_vs_other_all,CHEK1,DDR_CHK_ATR;prior_DDR_checkpoint,93,376,1.6602892807258238,1.7432307268700808,-0.08294144614425702,0.4642530313429421,0.2856632742713171,0.6974192115042702
RTR_high_removal_high_vs_other_all,CHEK2,DDR_CHK_ATR;prior_DDR_checkpoint,93,376,-0.1983351884274724,-0.2154857676683446,0.01715057924087221,0.5356039807824295,0.2875955511357815,0.6974192115042702
RTR_high_removal_high_vs_other_all,DCK,nucleotide_antifolate,93,376,-0.0041863794468402,0.00330689674592965,-0.00749327619276985,0.5133264699153511,0.6908038129964984,0.930666248064727
RTR_high_removal_high_vs_other_all,DHFR,nucleotide_antifolate,88,349,0.6573981378692335,0.7179551646470186,-0.06055702677778507,0.4663974993487887,0.32993427698249367,0.7273551106204974
RTR_high_removal_high_vs_other_all,GART,nucleotide_antifolate,93,376,0.2618854470048552,0.2646895036023724,-0.0028040565975172016,0.5001143902997026,0.9976137620091987,0.9976137620091987
RTR_high_removal_high_vs_other_all,GCLC,oxidative_stress_NRF2;prior_oxidative_stress,93,376,0.0149975431755897,0.0110583881487421,0.0039391550268475985,0.5104667124227865,0.7548006849266029,0.956322159282543
RTR_high_removal_high_vs_other_all,GPX4,oxidative_stress_NRF2;prior_oxidative_stress,93,376,0.5801867787988184,0.4843231675494226,0.0958636112493958,0.5246225120109814,0.4621644306387851,0.8301842550363362
RTR_high_removal_high_vs_other_all,HSF1,HSP_proteostasis,93,376,0.4694446925297937,0.4864824819410857,-0.01703778941129197,0.47860901395561656,0.5229984210458191,0.8746697731283526
RTR_high_removal_high_vs_other_all,HSP90AA1,HSP_proteostasis,93,376,0.1639569473652119,0.1828033984346747,-0.018846451069462783,0.47686456188515214,0.4896572512673458,0.8481563102309384
RTR_high_removal_high_vs_other_all,HSP90AB1,HSP_proteostasis,93,376,0.23816358904363,0.17857389492796785,0.059589694115662145,0.5816174788377946,0.014757201331858674,0.4255030194141648
RTR_high_removal_high_vs_other_all,HSPA5,HSP_proteostasis,93,376,1.1023782709569558,1.1942076136625774,-0.0918293427056216,0.4527854037977579,0.158441227297204,0.5924476426894522
RTR_high_removal_high_vs_other_all,HSPA8,HSP_proteostasis,93,376,0.518910605161039,0.5017249939171554,0.017185611243883625,0.5137840311141615,0.6807526528738858,0.930666248064727
RTR_high_removal_high_vs_other_all,HSPB1,HSP_proteostasis,93,376,-0.0451146796712426,-0.02682422518902565,-0.01829045448221695,0.44595058339052845,0.10640681542589142,0.5714506339358175
RTR_high_removal_high_vs_other_all,HSPH1,HSP_proteostasis,93,376,0.0379201087343426,0.019976267772927797,0.017943840961414805,0.5627716769617936,0.06076860586414097,0.5714506339358175
RTR_high_removal_high_vs_other_all,IMPDH1,nucleotide_antifolate,93,376,0.1929997225224318,0.2118947930205406,-0.01889507049810879,0.4738904140928849,0.43555517936641597,0.812477930741199
RTR_high_removal_high_vs_other_all,IMPDH2,nucleotide_antifolate,93,376,0.4660052202792942,0.48574222109524007,-0.01973700081594587,0.45141272020132694,0.1466827121829257,0.5924476426894522
RTR_high_removal_high_vs_other_all,KEAP1,oxidative_stress_NRF2;prior_oxidative_stress,93,376,0.1219734006295363,0.1364839991353484,-0.0145105985058121,0.45390070921985815,0.1685096335296229,0.5924476426894522
RTR_high_removal_high_vs_other_all,KIF11,KIF11_control;microtubule_spindle,93,376,2.843346250149636,2.8862254383787813,-0.04287918822914527,0.49282200869366277,0.8305085292814331,0.956322159282543
RTR_high_removal_high_vs_other_all,KIF20A,microtubule_spindle,93,376,0.463095972764579,0.4861344828116657,-0.023038510047086735,0.4653683367650423,0.30096859399934106,0.7120476492179533
RTR_high_removal_high_vs_other_all,KIF2C,microtubule_spindle,93,376,0.3048079060199007,0.3118044326119539,-0.006996526592053187,0.5047471974376572,0.8875398369673452,0.967318698717219
RTR_high_removal_high_vs_other_all,KRAS,prior_oncogenic_context,93,376,0.5214706474418452,0.5427953878274732,-0.021324740385627927,0.4589052848318463,0.2196448853924804,0.6362038591956571
RTR_high_removal_high_vs_other_all,MAD2L1,microtubule_spindle,93,376,1.363529215780732,1.345611430792652,0.017917784988079832,0.5468428277282087,0.16174547378269954,0.5924476426894522
RTR_high_removal_high_vs_other_all,MCL1,apoptosis_MCL1_BCL;prior_apoptosis_core,93,376,0.645717683915111,0.5314959018691161,0.11422178204599487,0.5271390986044384,0.4176629290578645,0.8102660823722573
RTR_high_removal_high_vs_other_all,MDM2,prior_p53_decision,93,376,0.3825797627452051,0.429388664442663,-0.04680890169745788,0.4384294211850835,0.06587301141473731,0.5714506339358175
RTR_high_removal_high_vs_other_all,MDM4,prior_p53_decision,93,376,0.0595292732281166,0.0415398726066729,0.017989400621443705,0.5026881720430108,0.9363210142370532,0.9850408725331034
RTR_high_removal_high_vs_other_all,MTOR,AKT_PI3K_survival,93,376,1.3536919480705194,1.2592093327357574,0.09448261533476199,0.5414950812171129,0.215184156455679,0.6362038591956571
RTR_high_removal_high_vs_other_all,MYC,prior_oncogenic_context,93,376,2.0502126383489303,2.120781349094944,-0.07056871074601379,0.4380862502859758,0.0643797796749755,0.5714506339358175
RTR_high_removal_high_vs_other_all,MYCN,prior_oncogenic_context,93,376,0.0859583064424795,0.09052430263291195,-0.00456599619043245,0.5125543353923587,0.7078885964746642,0.9387607430645045
RTR_high_removal_high_vs_other_all,NFE2L2,oxidative_stress_NRF2;prior_oxidative_stress,93,376,0.2013127265099172,0.22474350631804574,-0.02343077980812855,0.47832303820636013,0.5174538810817565,0.8746697731283526
RTR_high_removal_high_vs_other_all,NQO1,oxidative_stress_NRF2;prior_oxidative_stress,93,376,0.0684239011835495,0.07237413612703865,-0.003950234943489145,0.48378517501715856,0.62833773910366,0.9234660711068942
RTR_high_removal_high_vs_other_all,PARP1,DDR_CHK_ATR;prior_DDR_checkpoint,93,376,0.1928400648783028,0.18846003877971235,0.0043800260985904504,0.5091512239762068,0.7848462027711813,0.956322159282543
RTR_high_removal_high_vs_other_all,PIK3CA,AKT_PI3K_survival;prior_oncogenic_context,93,376,0.5303135496640824,0.44816737242445975,0.08214617723962264,0.5515328300160146,0.12371611662528008,0.5714506339358175
RTR_high_removal_high_vs_other_all,PIK3CB,AKT_PI3K_survival,93,376,0.1114927005935395,0.0977775426170571,0.0137151579764824,0.5432967284374286,0.19591818766344038,0.6167401765654144
RTR_high_removal_high_vs_other_all,PIK3CD,AKT_PI3K_survival,93,376,0.1529574542847345,0.1563051166626352,-0.003347662377900684,0.5453843514070007,0.17521175210552553,0.5924476426894522
RTR_high_removal_high_vs_other_all,PLK1,mitotic_kinase_PLK_AUR,93,376,2.745728926133633,2.787009139586815,-0.04128021345318178,0.44329100892244333,0.09026077118810104,0.5714506339358175
RTR_high_removal_high_vs_other_all,PLK4,mitotic_kinase_PLK_AUR,93,376,1.0631007973409567,1.0640480584043945,-0.0009472610634377876,0.5098375657744223,0.7691271215520976,0.956322159282543
RTR_high_removal_high_vs_other_all,PMAIP1,prior_p53_decision,93,375,-0.1035966618503829,-0.1218722086833002,0.018275546832917308,0.5330179211469535,0.3241938285689072,0.7273551106204974
RTR_high_removal_high_vs_other_all,PSMA1,HSP_proteostasis;prior_proteasome,93,376,2.272471218609282,2.3322489809973903,-0.05977776238810817,0.4727465110958591,0.4157019903376932,0.8102660823722573
RTR_high_removal_high_vs_other_all,PSMA2,HSP_proteostasis;prior_proteasome,93,376,2.336373477461051,2.3509941395274754,-0.014620662066424206,0.5064344543582704,0.8478732546216361,0.956322159282543
RTR_high_removal_high_vs_other_all,PSMB5,HSP_proteostasis;prior_proteasome,93,376,2.0525477980748303,2.016368603826332,0.03617919424849836,0.5241077556623198,0.4715824513105229,0.8316999595840131
RTR_high_removal_high_vs_other_all,PSMB7,HSP_proteostasis;prior_proteasome,93,376,1.2113373448350957,1.2562525839403405,-0.04491523910524475,0.4596774193548388,0.2284343363625162,0.6362038591956571
RTR_high_removal_high_vs_other_all,PSMC1,HSP_proteostasis;prior_proteasome,93,376,0.9683721453225412,1.0206457844024752,-0.05227363907993399,0.42890642873484325,0.03368423312268086,0.5714506339358175
RTR_high_removal_high_vs_other_all,PSMD1,HSP_proteostasis;prior_proteasome,93,376,1.2103398284918463,1.3012166703624453,-0.09087684187059897,0.4204987417067033,0.01754651626450164,0.4255030194141648
RTR_high_removal_high_vs_other_all,PTEN,AKT_PI3K_survival;prior_oncogenic_context,93,376,-0.3359751230854132,-0.36219265681678975,0.02621753373137653,0.5174731182795699,0.6019033753214273,0.9122598032215383
RTR_high_removal_high_vs_other_all,RAD51,DDR_CHK_ATR;prior_DDR_checkpoint,93,376,1.1989890523776223,1.2284073454999338,-0.02941829312231148,0.4718313886982384,0.4002112143044996,0.8087601622403429
RTR_high_removal_high_vs_other_all,RB1,prior_cell_cycle_checkpoint,93,376,-0.1899082856679942,-0.1912696602564797,0.0013613745884855089,0.520533058796614,0.539813126239741,0.8874893770382183
RTR_high_removal_high_vs_other_all,RICTOR,AKT_PI3K_survival,93,376,0.4462550292032898,0.41999134914073405,0.02626368006255575,0.5637725920841913,0.056769355608914156,0.5714506339358175
RTR_high_removal_high_vs_other_all,RPTOR,AKT_PI3K_survival,93,376,0.8727019453929494,0.9004852551562517,-0.027783309763302233,0.49136353237245484,0.7966937654750085,0.956322159282543
RTR_high_removal_high_vs_other_all,RRM1,nucleotide_antifolate,93,376,3.2192572493137206,3.3403233637722347,-0.12106611445851412,0.4455502173415694,0.10383926485322982,0.5714506339358175
RTR_high_removal_high_vs_other_all,RRM2,nucleotide_antifolate,93,376,2.618881685837244,2.642546052841188,-0.023664367003944253,0.49296499656829107,0.833841753844488,0.956322159282543
RTR_high_removal_high_vs_other_all,SOD1,oxidative_stress_NRF2;prior_oxidative_stress,93,376,1.8885337507618136,1.8044886982796784,0.08404505248213523,0.5180164722031573,0.5906456715789299,0.9122598032215383
RTR_high_removal_high_vs_other_all,SOD2,oxidative_stress_NRF2;prior_oxidative_stress,93,376,0.8231358807940785,0.84557334774216,-0.022437466948081464,0.49899908487760236,0.9764818826693269,0.9866535689471323
RTR_high_removal_high_vs_other_all,TK1,nucleotide_antifolate,93,376,0.0863560302194835,0.08284046115341695,0.003515569066066551,0.5313143445435827,0.3496657493181837,0.7373386453013875
RTR_high_removal_high_vs_other_all,TP53,prior_p53_decision,93,376,-0.1973507626913632,-0.21700313717254682,0.01965237448118362,0.5382349576755892,0.2534440115218155,0.664434300476111
RTR_high_removal_high_vs_other_all,TTK,microtubule_spindle;mitotic_kinase_PLK_AUR,93,376,0.7973372914808414,0.7985827767773943,-0.001245485296552884,0.48781743308167463,0.7161679895543642,0.9387607430645045
RTR_high_removal_high_vs_other_all,TUBA1A,microtubule_spindle,93,374,0.1331277059444957,0.14673828813094053,-0.013610582186444842,0.5014950261629579,0.9647307514499466,0.9850408725331034
RTR_high_removal_high_vs_other_all,TUBA1B,microtubule_spindle,93,376,1.079168374349483,0.9633083583903796,0.11586001595910345,0.598318462594372,0.0033107860386084012,0.16057312287250747
RTR_high_removal_high_vs_other_all,TUBB,microtubule_spindle,93,376,2.0603458731874005,1.9494619491929925,0.11088392399440794,0.5315431251429878,0.3461548909410619,0.7373386453013875
RTR_high_removal_high_vs_other_all,TUBB3,microtubule_spindle,93,376,0.0131040633525302,0.02591228627783685,-0.01280822292530665,0.4934797529169527,0.8458656906788204,0.956322159282543
RTR_high_removal_high_vs_other_all,TUBB4B,microtubule_spindle,93,376,0.3420794202455637,0.35788879937430973,-0.015809379128746026,0.4844715168153741,0.6429629526486991,0.930666248064727
RTR_high_removal_high_vs_other_all,TXNRD1,oxidative_stress_NRF2,93,376,0.4870673479223028,0.5160133588896787,-0.028946010967375924,0.5030027453671929,0.9288482117130044,0.9850408725331034
RTR_high_removal_high_vs_other_all,TYMS,nucleotide_antifolate,93,376,0.5655282122190122,0.4763484900677065,0.08917972215130565,0.5176161061541982,0.5989314502384516,0.9122598032215383
RTR_high_removal_high_vs_other_all,WEE1,mitotic_kinase_PLK_AUR;DDR_CHK_ATR;prior_cell_cycle_checkpoint,93,376,2.637950248366331,2.6551401543811295,-0.017189906014798417,0.49794097460535347,0.9512828038647347,0.9850408725331034
RTR_high_removal_high_vs_other_all,XIAP,apoptosis_MCL1_BCL,93,376,0.0232261234428534,0.0043866539839884,0.018839469458865,0.5648021047815146,0.05288680626357868,0.5714506339358175
RTR_high_removal_high_vs_other_no_Bone_SoftTissue,AKT1,AKT_PI3K_survival,80,361,0.07808208391641475,0.0386615468016271,0.03942053711478764,0.5677285318559557,0.05795982447332434,0.5384631920027023
RTR_high_removal_high_vs_other_no_Bone_SoftTissue,AKT2,AKT_PI3K_survival,80,361,0.072060374814924,0.0573358203954084,0.014724554419515597,0.551073407202216,0.1528213331706613,0.5939252974049878
RTR_high_removal_high_vs_other_no_Bone_SoftTissue,AKT3,AKT_PI3K_survival,80,361,-0.08303162949058555,-0.0934502985944048,0.01041866910381925,0.5363919667590027,0.3084226699597189,0.8354169228829426
RTR_high_removal_high_vs_other_no_Bone_SoftTissue,ATIC,nucleotide_antifolate,80,361,0.27421762890585194,0.3091285855590914,-0.034910956653239456,0.4780470914127424,0.539066632740862,0.9000066587468719
RTR_high_removal_high_vs_other_no_Bone_SoftTissue,ATM,DDR_CHK_ATR;prior_DDR_checkpoint,80,361,0.09028636426766375,-0.0022042826494901,0.09249064691715385,0.6342797783933518,0.00017023789648108991,0.016513075958665722
RTR_high_removal_high_vs_other_no_Bone_SoftTissue,ATR,DDR_CHK_ATR;prior_DDR_checkpoint,80,361,1.1278467685071991,1.1178551660229916,0.009991602484207496,0.5142313019390581,0.6906227661797038,0.9901673242127602
RTR_high_removal_high_vs_other_no_Bone_SoftTissue,AURKA,mitotic_kinase_PLK_AUR,80,361,1.1789523718808357,1.18659613457297,-0.007643762692134404,0.48639196675900276,0.7035314471195353,0.9901673242127602
RTR_high_removal_high_vs_other_no_Bone_SoftTissue,AURKB,mitotic_kinase_PLK_AUR,80,361,2.1793477137336525,2.1013079972795308,0.07803971645412178,0.5490304709141274,0.16992906095255844,0.5939252974049878
RTR_high_removal_high_vs_other_no_Bone_SoftTissue,AURKC,mitotic_kinase_PLK_AUR,80,361,-0.01291114141090305,-0.0091331242790048,-0.003778017131898251,0.5115650969529086,0.7464280113141439,0.9901673242127602
RTR_high_removal_high_vs_other_no_Bone_SoftTissue,BAK1,apoptosis_MCL1_BCL;prior_apoptosis_core,80,361,0.30576224972122656,0.3607732075074363,-0.055010957786209735,0.43545706371191134,0.07079333303596559,0.5384631920027023
RTR_high_removal_high_vs_other_no_Bone_SoftTissue,BAX,apoptosis_MCL1_BCL;prior_apoptosis_core,80,361,-0.0513192657091609,-0.0627257205513179,0.011406454842157007,0.49806094182825483,0.9570854676756838,0.9941979910917492
RTR_high_removal_high_vs_other_no_Bone_SoftTissue,BBC3,prior_p53_decision,80,361,0.08862095497458866,0.0953296674886337,-0.006708712514045034,0.4778739612188366,0.5358683329798762,0.9000066587468719
RTR_high_removal_high_vs_other_no_Bone_SoftTissue,BCL2,apoptosis_MCL1_BCL;prior_apoptosis_core,80,361,-0.016430784143160702,-0.0174489573917557,0.001018173248594996,0.5228531855955679,0.522540666268035,0.9000066587468719
RTR_high_removal_high_vs_other_no_Bone_SoftTissue,BCL2L1,apoptosis_MCL1_BCL;prior_apoptosis_core,80,361,1.2119989294645819,1.011870070398753,0.20012885906582878,0.5059210526315789,0.8686981453804835,0.9941979910917492
RTR_high_removal_high_vs_other_no_Bone_SoftTissue,BCL2L11,apoptosis_MCL1_BCL,80,361,-0.008298975861681549,0.0011800101595033,-0.009478986021184849,0.48822714681440443,0.7420269535767597,0.9901673242127602
RTR_high_removal_high_vs_other_no_Bone_SoftTissue,BIRC5,apoptosis_MCL1_BCL,80,361,1.9944366774499882,1.9150404316933605,0.07939624575662774,0.5608725761772853,0.08837622216918993,0.5446238573836882
RTR_high_removal_high_vs_other_no_Bone_SoftTissue,BRCA1,DDR_CHK_ATR;prior_DDR_checkpoint,80,361,0.525480144592448,0.5044002060245116,0.02107993856793633,0.5513157894736842,0.15088182488774196,0.5939252974049878
RTR_high_removal_high_vs_other_no_Bone_SoftTissue,BRCA2,DDR_CHK_ATR;prior_DDR_checkpoint,80,361,0.5517258227554931,0.506843643290462,0.044882179465031036,0.5682825484764543,0.055938450825935446,0.5384631920027023
RTR_high_removal_high_vs_other_no_Bone_SoftTissue,BUB1,microtubule_spindle,80,361,0.6484085725777542,0.6702029835085237,-0.021794410930769503,0.48549168975069246,0.6849140604762259,0.9901673242127602
RTR_high_removal_high_vs_other_no_Bone_SoftTissue,BUB1B,microtubule_spindle,80,361,1.243559147033356,1.2253887581620984,0.01817038887125766,0.5048476454293629,0.8924098263452543,0.9941979910917492
RTR_high_removal_high_vs_other_no_Bone_SoftTissue,CAD,nucleotide_antifolate,80,361,0.3281543710377042,0.3466147722259947,-0.01846040118829051,0.5172783933518005,0.6288596216456663,0.9677683110516547
RTR_high_removal_high_vs_other_no_Bone_SoftTissue,CASP3,apoptosis_MCL1_BCL;prior_apoptosis_core,80,361,-0.07812754939708755,-0.0692214591699536,-0.008906090227133942,0.47849722991689747,0.5474267305779942,0.9000066587468719
RTR_high_removal_high_vs_other_no_Bone_SoftTissue,CASP8,apoptosis_MCL1_BCL;prior_apoptosis_core,80,361,-0.046599766214701605,-0.0695354087419547,0.022935642527253094,0.5274238227146814,0.4428332066826707,0.9000066587468719
RTR_high_removal_high_vs_other_no_Bone_SoftTissue,CCNB1,microtubule_spindle,80,361,0.7319047011038392,0.7194449697203323,0.012459731383506867,0.49508310249307486,0.8908769002369604,0.9941979910917492
RTR_high_removal_high_vs_other_no_Bone_SoftTissue,CCNB2,microtubule_spindle,80,361,0.0246599363948821,0.0036958493609334,0.0209640870339487,0.5463296398891967,0.19469828139254264,0.6476616163225754
RTR_high_removal_high_vs_other_no_Bone_SoftTissue,CCND1,prior_cell_cycle_checkpoint,80,361,1.2705494939675144,1.3260937252740177,-0.05554423130650332,0.4639196675900278,0.3125857699203335,0.8354169228829426
RTR_high_removal_high_vs_other_no_Bone_SoftTissue,CDC20,microtubule_spindle,80,361,2.0969579513882843,2.125345443044516,-0.028387491656231667,0.5005540166204986,0.9880095272605436,0.9941979910917492
RTR_high_removal_high_vs_other_no_Bone_SoftTissue,CDK1,microtubule_spindle;mitotic_kinase_PLK_AUR,80,361,2.6398795755231266,2.6724440654614288,-0.03256448993830219,0.506371191135734,0.8587883156573268,0.9941979910917492
RTR_high_removal_high_vs_other_no_Bone_SoftTissue,CDK4,prior_cell_cycle_checkpoint,80,361,0.5999163316607334,0.5845777919214796,0.01533853973925381,0.48026315789473684,0.5808303053093047,0.9390089935833759
RTR_high_removal_high_vs_other_no_Bone_SoftTissue,CDK6,prior_cell_cycle_checkpoint,80,361,0.5597819489041911,0.5272133019702517,0.03256864693393935,0.4744806094182825,0.4751708237986485,0.9000066587468719
RTR_high_removal_high_vs_other_no_Bone_SoftTissue,CDKN1A,prior_p53_decision,80,361,-0.18842518863186525,-0.207042682886302,0.01861749425443676,0.5432479224376731,0.22608212385703086,0.6853114379416249
RTR_high_removal_high_vs_other_no_Bone_SoftTissue,CDKN2A,prior_cell_cycle_checkpoint,80,361,-0.1504806773132697,-0.1473975624898015,-0.003083114823468208,0.5035318559556786,0.921605348156219,0.9941979910917492
RTR_high_removal_high_vs_other_no_Bone_SoftTissue,CENPE,microtubule_spindle,80,361,0.6823965549761464,0.6646699756800278,0.01772657929611854,0.5046052631578947,0.8977781971679968,0.9941979910917492
RTR_high_removal_high_vs_other_no_Bone_SoftTissue,CHEK1,DDR_CHK_ATR;prior_DDR_checkpoint,80,361,1.6602575216175848,1.7426566700312056,-0.08239914841362084,0.47337257617728534,0.4562006883449239,0.9000066587468719
RTR_high_removal_high_vs_other_no_Bone_SoftTissue,CHEK2,DDR_CHK_ATR;prior_DDR_checkpoint,80,361,-0.1900587388899636,-0.2149145783592192,0.024855839469255597,0.5513504155124654,0.1506062905129487,0.5939252974049878
RTR_high_removal_high_vs_other_no_Bone_SoftTissue,DCK,nucleotide_antifolate,80,361,-0.007613910473362399,0.0027653156263633,-0.0103792260997257,0.4971606648199446,0.9370165013058723,0.9941979910917492
RTR_high_removal_high_vs_other_no_Bone_SoftTissue,DHFR,nucleotide_antifolate,75,334,0.6645659470408487,0.7270606233916205,-0.06249467635077177,0.4674251497005988,0.37805112122091045,0.9000066587468719
RTR_high_removal_high_vs_other_no_Bone_SoftTissue,GART,nucleotide_antifolate,80,361,0.2610023811317036,0.2692591827819945,-0.008256801650290913,0.5110803324099722,0.7567291399229265,0.9901673242127602
RTR_high_removal_high_vs_other_no_Bone_SoftTissue,GCLC,oxidative_stress_NRF2;prior_oxidative_stress,80,361,0.028821088312030202,0.0103172252601718,0.018503863051858402,0.5311634349030471,0.3831365462015659,0.9000066587468719
RTR_high_removal_high_vs_other_no_Bone_SoftTissue,GPX4,oxidative_stress_NRF2;prior_oxidative_stress,80,361,0.4914917615879173,0.4764687447944229,0.015023016793494381,0.4984072022160665,0.9648122497696024,0.9941979910917492
RTR_high_removal_high_vs_other_no_Bone_SoftTissue,HSF1,HSP_proteostasis,80,361,0.49572808634846655,0.4929094964829019,0.002818589865564658,0.4958448753462604,0.9077602678026553,0.9941979910917492
RTR_high_removal_high_vs_other_no_Bone_SoftTissue,HSP90AA1,HSP_proteostasis,80,361,0.16914335732122146,0.1859178653902384,-0.016774508069016952,0.47693905817174514,0.5187642835518954,0.9000066587468719
RTR_high_removal_high_vs_other_no_Bone_SoftTissue,HSP90AB1,HSP_proteostasis,80,361,0.22058207327749055,0.1774829347147828,0.04309913856270775,0.5664127423822715,0.0630047662468357,0.5384631920027023
RTR_high_removal_high_vs_other_no_Bone_SoftTissue,HSPA5,HSP_proteostasis,80,361,1.1164682601304414,1.202182037881442,-0.08571377775100064,0.46132271468144037,0.2790174460570838,0.7960203608099156
RTR_high_removal_high_vs_other_no_Bone_SoftTissue,HSPA8,HSP_proteostasis,80,361,0.49033080751682623,0.4930845007188782,-0.0027536932020519878,0.5002770083102492,0.9941979910917492,0.9941979910917492
RTR_high_removal_high_vs_other_no_Bone_SoftTissue,HSPB1,HSP_proteostasis,80,361,-0.047677129677661995,-0.0245239104922307,-0.023153219185431295,0.43268698060941824,0.05951538038354442,0.5384631920027023
RTR_high_removal_high_vs_other_no_Bone_SoftTissue,HSPH1,HSP_proteostasis,80,361,0.03382243859735345,0.019454958764093,0.01436747983326045,0.5525623268698061,0.14120234866813336,0.5939252974049878
RTR_high_removal_high_vs_other_no_Bone_SoftTissue,IMPDH1,nucleotide_antifolate,80,361,0.2015576704749227,0.2110400644268908,-0.009482393951968093,0.5003462603878116,0.9926508278656095,0.9941979910917492
RTR_high_removal_high_vs_other_no_Bone_SoftTissue,IMPDH2,nucleotide_antifolate,80,361,0.47958163698396133,0.4981926659913873,-0.01861102900742595,0.44605263157894737,0.13101503380635007,0.5939252974049878
RTR_high_removal_high_vs_other_no_Bone_SoftTissue,KEAP1,oxidative_stress_NRF2;prior_oxidative_stress,80,361,0.12055758094423319,0.1448128367911666,-0.024255255846933416,0.44650277008310246,0.13426143450209616,0.5939252974049878
RTR_high_removal_high_vs_other_no_Bone_SoftTissue,KIF11,KIF11_control;microtubule_spindle,80,361,2.9087533696354333,2.875925418470119,0.03282795116531423,0.5242036011080332,0.49824903977447776,0.9000066587468719
RTR_high_removal_high_vs_other_no_Bone_SoftTissue,KIF20A,microtubule_spindle,80,361,0.4533961823913814,0.4914979845543548,-0.038101802162973375,0.45114265927977837,0.17144235389009954,0.5939252974049878
RTR_high_removal_high_vs_other_no_Bone_SoftTissue,KIF2C,microtubule_spindle,80,361,0.3012875834817448,0.3113462433692651,-0.010058659887520305,0.5006578947368422,0.9856890193021134,0.9941979910917492
RTR_high_removal_high_vs_other_no_Bone_SoftTissue,KRAS,prior_oncogenic_context,80,361,0.490440476679046,0.5476513184941317,-0.05721084181508573,0.4357686980609419,0.07216517006221783,0.5384631920027023
RTR_high_removal_high_vs_other_no_Bone_SoftTissue,MAD2L1,microtubule_spindle,80,361,1.3666322762222696,1.3459397691152355,0.020692507107034075,0.5488573407202216,0.17144235389009954,0.5939252974049878
RTR_high_removal_high_vs_other_no_Bone_SoftTissue,MCL1,apoptosis_MCL1_BCL;prior_apoptosis_core,80,361,0.617545114261019,0.5211564001823838,0.09638871407863514,0.5223337950138505,0.532043028573613,0.9000066587468719
RTR_high_removal_high_vs_other_no_Bone_SoftTissue,MDM2,prior_p53_decision,80,361,0.3790651633189579,0.4294117376814893,-0.05034657436253143,0.42382271468144045,0.03295938561261806,0.5384631920027023
RTR_high_removal_high_vs_other_no_Bone_SoftTissue,MDM4,prior_p53_decision,80,361,0.0533034272751556,0.0413240745759651,0.011979352699190503,0.493005540166205,0.8451039809805548,0.9941979910917492
RTR_high_removal_high_vs_other_no_Bone_SoftTissue,MTOR,AKT_PI3K_survival,80,361,1.3288377454868558,1.2560580102201324,0.07277973526672343,0.5273891966759003,0.4434097048888137,0.9000066587468719
RTR_high_removal_high_vs_other_no_Bone_SoftTissue,MYC,prior_oncogenic_context,80,361,2.0056317867162123,2.1328300621641545,-0.12719827544794216,0.4393351800554016,0.08946839822189233,0.5446238573836882
RTR_high_removal_high_vs_other_no_Bone_SoftTissue,MYCN,prior_oncogenic_context,80,361,0.08217755771589061,0.0902900097173743,-0.008112452001483694,0.5026315789473684,0.94164471784503,0.9941979910917492
RTR_high_removal_high_vs_other_no_Bone_SoftTissue,NFE2L2,oxidative_stress_NRF2;prior_oxidative_stress,80,361,0.2050109461627937,0.2341390027219615,-0.02912805655916781,0.48185595567867034,0.6117535937959215,0.9677683110516547
RTR_high_removal_high_vs_other_no_Bone_SoftTissue,NQO1,oxidative_stress_NRF2;prior_oxidative_stress,80,361,0.07355416698624764,0.0722028418744673,0.0013513251117803493,0.48265235457063715,0.6274836188189776,0.9677683110516547
RTR_high_removal_high_vs_other_no_Bone_SoftTissue,PARP1,DDR_CHK_ATR;prior_DDR_checkpoint,80,361,0.19343970031806135,0.1869665514748268,0.00647314884323455,0.5304362880886426,0.3943414118435792,0.9000066587468719
RTR_high_removal_high_vs_other_no_Bone_SoftTissue,PIK3CA,AKT_PI3K_survival;prior_oncogenic_context,80,361,0.5009994962452609,0.4442199686826139,0.05677952756264698,0.5344529085872576,0.334925015899148,0.8549401721636147
RTR_high_removal_high_vs_other_no_Bone_SoftTissue,PIK3CB,AKT_PI3K_survival,80,361,0.11097128939403514,0.0993703531601406,0.011600936233894535,0.5570290858725762,0.11039876994183213,0.5939252974049878
RTR_high_removal_high_vs_other_no_Bone_SoftTissue,PIK3CD,AKT_PI3K_survival,80,361,0.14652322686111868,0.1538819059030211,-0.007358679041902405,0.5314058171745153,0.3794453612250963,0.9000066587468719
RTR_high_removal_high_vs_other_no_Bone_SoftTissue,PLK1,mitotic_kinase_PLK_AUR,80,361,2.7870513974635402,2.7895288359387864,-0.0024774384752461742,0.4495152354570638,0.157610481812975,0.5939252974049878
RTR_high_removal_high_vs_other_no_Bone_SoftTissue,PLK4,mitotic_kinase_PLK_AUR,80,361,1.0589752908944656,1.05876990813676,0.00020538275770554115,0.5108379501385041,0.7618960892195537,0.9901673242127602
RTR_high_removal_high_vs_other_no_Bone_SoftTissue,PMAIP1,prior_p53_decision,80,360,-0.10323063162755484,-0.12172264047129645,0.01849200884374161,0.5455902777777778,0.2020347464503962,0.6476616163225754
RTR_high_removal_high_vs_other_no_Bone_SoftTissue,PSMA1,HSP_proteostasis;prior_proteasome,80,361,2.270106662149665,2.323661247084132,-0.05355458493446674,0.4643698060941828,0.3186641870790605,0.8354169228829426
RTR_high_removal_high_vs_other_no_Bone_SoftTissue,PSMA2,HSP_proteostasis;prior_proteasome,80,361,2.3202603106570905,2.3473426619030158,-0.027082351245925285,0.48933518005540166,0.7655932919170827,0.9901673242127602
RTR_high_removal_high_vs_other_no_Bone_SoftTissue,PSMB5,HSP_proteostasis;prior_proteasome,80,361,2.0258913305102393,2.0122347459428203,0.013656584567419028,0.4955678670360111,0.9016156289718648,0.9941979910917492
RTR_high_removal_high_vs_other_no_Bone_SoftTissue,PSMB7,HSP_proteostasis;prior_proteasome,80,361,1.2195038993449687,1.2609348442504142,-0.04143094490544552,0.4606648199445984,0.2709179372176592,0.7960203608099156
RTR_high_removal_high_vs_other_no_Bone_SoftTissue,PSMC1,HSP_proteostasis;prior_proteasome,80,361,0.9680326015273188,1.0214495690926566,-0.05341696756533776,0.4219529085872576,0.028893636903012485,0.5384631920027023
RTR_high_removal_high_vs_other_no_Bone_SoftTissue,PSMD1,HSP_proteostasis;prior_proteasome,80,361,1.2426804707318204,1.3026172444673358,-0.059936773735515425,0.43545706371191134,0.07079333303596559,0.5384631920027023
RTR_high_removal_high_vs_other_no_Bone_SoftTissue,PTEN,AKT_PI3K_survival;prior_oncogenic_context,80,361,-0.31722072367231935,-0.3578394722059693,0.04061874853364994,0.5289473684210526,0.41789480056662676,0.9000066587468719
RTR_high_removal_high_vs_other_no_Bone_SoftTissue,RAD51,DDR_CHK_ATR;prior_DDR_checkpoint,80,361,1.22139157107645,1.2313120895909369,-0.009920518514486831,0.48718836565096957,0.7201505919762716,0.9901673242127602
RTR_high_removal_high_vs_other_no_Bone_SoftTissue,RB1,prior_cell_cycle_checkpoint,80,361,-0.1908372729384823,-0.1913943331709186,0.0005570602324363183,0.513157894736842,0.7129080739625341,0.9901673242127602
RTR_high_removal_high_vs_other_no_Bone_SoftTissue,RICTOR,AKT_PI3K_survival,80,361,0.44676539171485125,0.4151791988345891,0.031586192880262154,0.5686980609418282,0.054461248165326354,0.5384631920027023
RTR_high_removal_high_vs_other_no_Bone_SoftTissue,RPTOR,AKT_PI3K_survival,80,361,0.8766547800151632,0.8905519597907177,-0.013897179775554491,0.4960872576177285,0.91314137124273,0.9941979910917492
RTR_high_removal_high_vs_other_no_Bone_SoftTissue,RRM1,nucleotide_antifolate,80,361,3.198744983127369,3.3393489546493846,-0.14060397152201576,0.439404432132964,0.08983486307359806,0.5446238573836882
RTR_high_removal_high_vs_other_no_Bone_SoftTissue,RRM2,nucleotide_antifolate,80,361,2.6109199761587547,2.6394366501461906,-0.028516673987435848,0.48601108033241,0.6956323729785909,0.9901673242127602
RTR_high_removal_high_vs_other_no_Bone_SoftTissue,SOD1,oxidative_stress_NRF2;prior_oxidative_stress,80,361,1.8935751564488954,1.7969199243167011,0.09665523213219429,0.5244459833795014,0.4939534745210147,0.9000066587468719
RTR_high_removal_high_vs_other_no_Bone_SoftTissue,SOD2,oxidative_stress_NRF2;prior_oxidative_stress,80,361,0.8125571558777515,0.8445228270892586,-0.031965671211507174,0.5019736842105263,0.9563129991855681,0.9941979910917492
RTR_high_removal_high_vs_other_no_Bone_SoftTissue,TK1,nucleotide_antifolate,80,361,0.08718303115765641,0.0809667671142396,0.006216264043416811,0.5450831024930748,0.20698464026803953,0.6476616163225754
RTR_high_removal_high_vs_other_no_Bone_SoftTissue,TP53,prior_p53_decision,80,361,-0.1799790809677653,-0.2230954268678837,0.0431163459001184,0.5587257617728532,0.10019428539309334,0.5716968048900032
RTR_high_removal_high_vs_other_no_Bone_SoftTissue,TTK,microtubule_spindle;mitotic_kinase_PLK_AUR,80,361,0.8028778852734098,0.7962076584328287,0.0066702268405810505,0.5030817174515235,0.9316196146552453,0.9941979910917492
RTR_high_removal_high_vs_other_no_Bone_SoftTissue,TUBA1A,microtubule_spindle,80,359,0.1312246340825532,0.1494301559998384,-0.018205521917285195,0.4732242339832869,0.45392568316660864,0.9000066587468719
RTR_high_removal_high_vs_other_no_Bone_SoftTissue,TUBA1B,microtubule_spindle,80,361,1.0653055621025251,0.9605797148368312,0.1047258472656939,0.584106648199446,0.01854215006710309,0.5384631920027023
RTR_high_removal_high_vs_other_no_Bone_SoftTissue,TUBB,microtubule_spindle,80,361,2.057877709469479,1.896943398547076,0.16093431092240307,0.5266274238227147,0.4562006883449239,0.9000066587468719
RTR_high_removal_high_vs_other_no_Bone_SoftTissue,TUBB3,microtubule_spindle,80,361,0.01466828023342755,0.0263660751610435,-0.01169779492761595,0.47714681440443213,0.522540666268035,0.9000066587468719
RTR_high_removal_high_vs_other_no_Bone_SoftTissue,TUBB4B,microtubule_spindle,80,361,0.34315862720683116,0.3727008918670826,-0.02954226466025145,0.4832063711911357,0.6385275454361433,0.9677683110516547
RTR_high_removal_high_vs_other_no_Bone_SoftTissue,TXNRD1,oxidative_stress_NRF2,80,361,0.4295178752509432,0.49893712260825,-0.06941924735730681,0.491308864265928,0.8080997155337081,0.9941979910917492
RTR_high_removal_high_vs_other_no_Bone_SoftTissue,TYMS,nucleotide_antifolate,80,361,0.5951965747601113,0.4743769548496381,0.12081961991047324,0.5237534626038781,0.506278939696701,0.9000066587468719
RTR_high_removal_high_vs_other_no_Bone_SoftTissue,WEE1,mitotic_kinase_PLK_AUR;DDR_CHK_ATR;prior_cell_cycle_checkpoint,80,361,2.651792484022067,2.653710272768226,-0.0019177887461592213,0.4984418282548477,0.9655851217564224,0.9941979910917492
RTR_high_removal_high_vs_other_no_Bone_SoftTissue,XIAP,apoptosis_MCL1_BCL,80,361,0.021196167679230098,0.0032192314000211,0.017976936279209,0.5670706371191134,0.06043867658328971,0.5384631920027023
RTR_top20_vs_bottom20_all,AKT1,AKT_PI3K_survival,95,92,0.0593787679292902,0.034109326513478755,0.025269441415811444,0.5276887871853547,0.513988944970195,0.7466583817028561
RTR_top20_vs_bottom20_all,AKT2,AKT_PI3K_survival,95,92,0.0649440254906776,0.05658592055685625,0.008358104933821345,0.5153318077803204,0.7182671484719174,0.8196695694326587
RTR_top20_vs_bottom20_all,AKT3,AKT_PI3K_survival,95,92,-0.0646127676156234,-0.1000235580665893,0.0354107904509659,0.561441647597254,0.14709789890950933,0.4139752008460387
RTR_top20_vs_bottom20_all,ATIC,nucleotide_antifolate,95,92,0.2466190657971004,0.39541397950674173,-0.14879491370964132,0.37299771167048057,0.0027143982772206755,0.04388277214840092
RTR_top20_vs_bottom20_all,ATM,DDR_CHK_ATR;prior_DDR_checkpoint,95,92,0.0418938779837865,-0.0054684102462095,0.047362288229996,0.5590389016018307,0.1635872647479938,0.44077679668209435
RTR_top20_vs_bottom20_all,ATR,DDR_CHK_ATR;prior_DDR_checkpoint,95,92,1.113224379441201,1.1252425379423356,-0.012018158501134746,0.4939359267734554,0.8871763132038737,0.9123961443979938
RTR_top20_vs_bottom20_all,AURKA,mitotic_kinase_PLK_AUR,95,92,1.245189924760278,1.177553691750881,0.06763623300939692,0.5540045766590389,0.20259246372101003,0.47930412148629203
RTR_top20_vs_bottom20_all,AURKB,mitotic_kinase_PLK_AUR,95,92,2.137711702247692,2.0947266798330926,0.04298502241459934,0.5475972540045766,0.261495421551042,0.5139542397982597
RTR_top20_vs_bottom20_all,AURKC,mitotic_kinase_PLK_AUR,95,92,0.0029743644235045,-0.0044462770145038,0.0074206414380083,0.4988558352402746,0.9795180197593266,0.9897213324651529
RTR_top20_vs_bottom20_all,BAK1,apoptosis_MCL1_BCL;prior_apoptosis_core,95,92,0.3186387892178999,0.3719232131567243,-0.05328442393882438,0.4287185354691076,0.09251676774858897,0.33237505450418997
RTR_top20_vs_bottom20_all,BAX,apoptosis_MCL1_BCL;prior_apoptosis_core,95,92,-0.0531395536417182,-0.05555807838408565,0.0024185247423674505,0.48249427917620136,0.6802499855095703,0.8140786899715072
RTR_top20_vs_bottom20_all,BBC3,prior_p53_decision,95,92,0.0859026213671437,0.09367470571470149,-0.007772084347557787,0.4471395881006865,0.21233303143682813,0.4903881916517221
RTR_top20_vs_bottom20_all,BCL2,apoptosis_MCL1_BCL;prior_apoptosis_core,95,92,-0.0096690555535302,-0.017540465448370797,0.007871409894840597,0.5236842105263158,0.5768076749497204,0.788033020705956
RTR_top20_vs_bottom20_all,BCL2L1,apoptosis_MCL1_BCL;prior_apoptosis_core,95,92,0.9577273954978353,1.0827495021686429,-0.1250221066708076,0.4811212814645309,0.6566440482789406,0.8134673362845316
RTR_top20_vs_bottom20_all,BCL2L11,apoptosis_MCL1_BCL,95,92,-0.0118455813494983,-0.007913950343585,-0.003931631005913299,0.5003432494279176,0.9946094541001635,0.9946094541001635
RTR_top20_vs_bottom20_all,BIRC5,apoptosis_MCL1_BCL,95,92,2.031766918622734,1.9216074762702373,0.11015944235249675,0.5409610983981693,0.3339830743095509,0.5399393034671073
RTR_top20_vs_bottom20_all,BRCA1,DDR_CHK_ATR;prior_DDR_checkpoint,95,92,0.5365485289765084,0.4698964466257713,0.06665208235073711,0.6018306636155607,0.016224762345373445,0.10492012983341495
RTR_top20_vs_bottom20_all,BRCA2,DDR_CHK_ATR;prior_DDR_checkpoint,95,92,0.51220792059792,0.4832944457039689,0.028913474893951074,0.5423340961098397,0.3180120533148464,0.5318477443368983
RTR_top20_vs_bottom20_all,BUB1,microtubule_spindle,95,92,0.6377193210731067,0.6857569187486353,-0.04803759767552862,0.4197940503432494,0.05835003994358915,0.25727063066037037
RTR_top20_vs_bottom20_all,BUB1B,microtubule_spindle,95,92,1.2049757620716268,1.2695533451318184,-0.06457758306019157,0.41899313501144164,0.05587927824604395,0.25727063066037037
RTR_top20_vs_bottom20_all,CAD,nucleotide_antifolate,95,92,0.2972580244998541,0.32490700012880874,-0.02764897562895463,0.47048054919908466,0.4865051267396492,0.7260153429807072
RTR_top20_vs_bottom20_all,CASP3,apoptosis_MCL1_BCL;prior_apoptosis_core,95,92,-0.0885566625549827,-0.0803871612881468,-0.00816950126683591,0.4829519450800915,0.6881902327594185,0.8140786899715072
RTR_top20_vs_bottom20_all,CASP8,apoptosis_MCL1_BCL;prior_apoptosis_core,95,92,-0.0687078249487096,-0.052097223530083045,-0.016610601418626553,0.48787185354691076,0.7755618849582808,0.8650311004250287
RTR_top20_vs_bottom20_all,CCNB1,microtubule_spindle,95,92,0.7115013389645557,0.72905745481938,-0.017556115854824306,0.48409610983981693,0.708190153848463,0.8177910109916774
RTR_top20_vs_bottom20_all,CCNB2,microtubule_spindle,95,92,-0.0035422068253306,0.0090270033985121,-0.0125692102238427,0.494279176201373,0.8935838527609217,0.9123961443979938
RTR_top20_vs_bottom20_all,CCND1,prior_cell_cycle_checkpoint,95,92,1.2460256352663568,1.5376897825084725,-0.29166414724211576,0.42265446224256287,0.06792592922801394,0.2864702232659718
RTR_top20_vs_bottom20_all,CDC20,microtubule_spindle,95,92,2.0143721183093373,2.1554153703692,-0.14104325205986257,0.39702517162471396,0.015063684606735026,0.10492012983341495
RTR_top20_vs_bottom20_all,CDK1,microtubule_spindle;mitotic_kinase_PLK_AUR,95,92,2.7071440203037223,2.6645405274488274,0.04260349285489484,0.5367276887871854,0.38641785325193245,0.6144677338596303
RTR_top20_vs_bottom20_all,CDK4,prior_cell_cycle_checkpoint,95,92,0.6380006232867712,0.6135923820640752,0.024408241222696025,0.4814645308924485,0.6625146347059587,0.8134673362845316
RTR_top20_vs_bottom20_all,CDK6,prior_cell_cycle_checkpoint,95,92,0.4182907893684119,0.5750383808707027,-0.15674759150229078,0.40983981693363847,0.03332289871307098,0.17012216711409922
RTR_top20_vs_bottom20_all,CDKN1A,prior_p53_decision,95,92,-0.2068022478883325,-0.2072493807459847,0.00044713285765218824,0.5236842105263158,0.5768076749497204,0.788033020705956
RTR_top20_vs_bottom20_all,CDKN2A,prior_cell_cycle_checkpoint,95,92,-0.1549275476213742,-0.11243131611535034,-0.04249623150602386,0.44519450800915333,0.1959704902938727,0.47522843896264133
RTR_top20_vs_bottom20_all,CENPE,microtubule_spindle,95,92,0.6620614493555771,0.7226120760146589,-0.06055062665908184,0.4389016018306637,0.14937249515063253,0.4139752008460387
RTR_top20_vs_bottom20_all,CHEK1,DDR_CHK_ATR;prior_DDR_checkpoint,95,92,1.6969901025706329,1.7526272274351395,-0.05563712486450667,0.4505720823798627,0.24357294555906783,0.5101054769578993
RTR_top20_vs_bottom20_all,CHEK2,DDR_CHK_ATR;prior_DDR_checkpoint,95,92,-0.2027217349774755,-0.2050666951244391,0.0023449601469635872,0.5069794050343249,0.8701266701352558,0.9075514731518259
RTR_top20_vs_bottom20_all,DCK,nucleotide_antifolate,95,92,-0.0023002190782913,0.0027318511283105,-0.0050320702066017995,0.5347826086956521,0.41210757837708234,0.6447489532673708
RTR_top20_vs_bottom20_all,DHFR,nucleotide_antifolate,87,87,0.6312379016183363,0.7600371953251963,-0.12879929370686005,0.3853877658871714,0.009065212797583273,0.09770284904061972
RTR_top20_vs_bottom20_all,GART,nucleotide_antifolate,95,92,0.247278593694443,0.3389034851077535,-0.09162489141331048,0.39679633867276887,0.014840455859268827,0.10492012983341495
RTR_top20_vs_bottom20_all,GCLC,oxidative_stress_NRF2;prior_oxidative_stress,95,92,0.011062550418303,0.0039603414009766,0.007102209017326401,0.48993135011441646,0.8130730601324828,0.8666822728884707
RTR_top20_vs_bottom20_all,GPX4,oxidative_stress_NRF2;prior_oxidative_stress,95,92,0.4607520782831249,0.3775454805429166,0.08320659774020833,0.5712814645308923,0.09251676774858897,0.33237505450418997
RTR_top20_vs_bottom20_all,HSF1,HSP_proteostasis,95,92,0.4558683285023627,0.5022905883150816,-0.04642225981271886,0.45583524027459954,0.2975088511042764,0.5269107280062851
RTR_top20_vs_bottom20_all,HSP90AA1,HSP_proteostasis,95,92,0.1666425634190539,0.2084023138345848,-0.0417597504155309,0.43318077803203653,0.11482464547031557,0.36516570428500633
RTR_top20_vs_bottom20_all,HSP90AB1,HSP_proteostasis,95,92,0.2227396844523026,0.15575350819731892,0.06698617625498368,0.5988558352402745,0.019618955613772766,0.11194345261976225
RTR_top20_vs_bottom20_all,HSPA5,HSP_proteostasis,95,92,1.1308970045836606,1.260812228783321,-0.1299152241996604,0.434553775743707,0.12248076384358339,0.3712698154008622
RTR_top20_vs_bottom20_all,HSPA8,HSP_proteostasis,95,92,0.518910605161039,0.4734607807871904,0.045449824373848646,0.548512585812357,0.25242332880390894,0.5101054769578993
RTR_top20_vs_bottom20_all,HSPB1,HSP_proteostasis,95,92,-0.0451146796712426,-0.0045966261565174495,-0.04051805351472515,0.44782608695652176,0.21833737704092415,0.49252850169696843
RTR_top20_vs_bottom20_all,HSPH1,HSP_proteostasis,95,92,0.0480716756364735,0.01392482085230825,0.03414685478416525,0.5859267734553776,0.04254179323135158,0.20632769717205515
RTR_top20_vs_bottom20_all,IMPDH1,nucleotide_antifolate,95,92,0.211778507972292,0.19277377480395425,0.019004733168337756,0.5248283752860411,0.558495167048429,0.7851308870101104
RTR_top20_vs_bottom20_all,IMPDH2,nucleotide_antifolate,95,92,0.3806915712929947,0.5559688093444557,-0.175277238051461,0.33787185354691074,0.0001291858341403124,0.004711109507651692
RTR_top20_vs_bottom20_all,KEAP1,oxidative_stress_NRF2;prior_oxidative_stress,95,92,0.0800356995001198,0.13046480398461524,-0.050429104484495446,0.4512585812356979,0.25018999883485993,0.5101054769578993
RTR_top20_vs_bottom20_all,KIF11,KIF11_control;microtubule_spindle,95,92,2.796466573651979,2.918479055595232,-0.12201248194325309,0.45377574370709384,0.2755218605104073,0.5139542397982597
RTR_top20_vs_bottom20_all,KIF20A,microtubule_spindle,95,92,0.450769461167555,0.520546184737346,-0.06977672356979103,0.4335240274599542,0.11670244157562057,0.36516570428500633
RTR_top20_vs_bottom20_all,KIF2C,microtubule_spindle,95,92,0.3222955393978902,0.28454690494623547,0.03774863445165472,0.5296338672768879,0.4848141624275518,0.7260153429807072
RTR_top20_vs_bottom20_all,KRAS,prior_oncogenic_context,95,92,0.4879937486175172,0.553962127725353,-0.06596837910783582,0.4311212814645309,0.10405236647470625,0.34803722579470714
RTR_top20_vs_bottom20_all,MAD2L1,microtubule_spindle,95,92,1.3348011443171288,1.3718624125834327,-0.03706126826630385,0.480091533180778,0.6391602340145215,0.8100491128370308
RTR_top20_vs_bottom20_all,MCL1,apoptosis_MCL1_BCL;prior_apoptosis_core,95,92,0.6769422443308989,0.45758944008120794,0.21935280424969095,0.6280320366132722,0.0025054819211659217,0.04388277214840092
RTR_top20_vs_bottom20_all,MDM2,prior_p53_decision,95,92,0.3984457098227893,0.4452736998311183,-0.04682799000832899,0.44382151029748274,0.18498993053032542,0.47522843896264133
RTR_top20_vs_bottom20_all,MDM4,prior_p53_decision,95,92,0.0506458202720616,0.039272299793251655,0.011373520478809941,0.5312356979405034,0.461478320506427,0.7105301125257686
RTR_top20_vs_bottom20_all,MTOR,AKT_PI3K_survival,95,92,1.3395094609595817,1.2630640139047817,0.07644544705479994,0.5440503432494279,0.29876381484892456,0.5269107280062851
RTR_top20_vs_bottom20_all,MYC,prior_oncogenic_context,95,92,2.0634609552840337,2.2427250976600814,-0.1792641423760477,0.4010297482837528,0.019477749150868192,0.11194345261976225
RTR_top20_vs_bottom20_all,MYCN,prior_oncogenic_context,95,92,0.0617195744964064,0.1008137852282865,-0.0390942107318801,0.3836384439359268,0.006013767663657593,0.07291693292184831
RTR_top20_vs_bottom20_all,NFE2L2,oxidative_stress_NRF2;prior_oxidative_stress,95,92,0.2028671762743294,0.20216985402329746,0.0006973222510319455,0.5223112128146453,0.5991491409597016,0.7961296804533021
RTR_top20_vs_bottom20_all,NQO1,oxidative_stress_NRF2;prior_oxidative_stress,95,92,0.0880789996992867,0.06935960837376705,0.018719391325519655,0.5423340961098397,0.3180120533148464,0.5318477443368983
RTR_top20_vs_bottom20_all,PARP1,DDR_CHK_ATR;prior_DDR_checkpoint,95,92,0.1773039456065067,0.15575444626992285,0.021549499336583844,0.5462242562929062,0.2755218605104073,0.5139542397982597
RTR_top20_vs_bottom20_all,PIK3CA,AKT_PI3K_survival;prior_oncogenic_context,95,92,0.453551402848574,0.5188650091678351,-0.06531360631926109,0.4553775743707094,0.2925242700564574,0.5269107280062851
RTR_top20_vs_bottom20_all,PIK3CB,AKT_PI3K_survival,95,92,0.0883699279419115,0.09269072791373735,-0.004320799971825856,0.5556064073226545,0.18950853365860132,0.47522843896264133
RTR_top20_vs_bottom20_all,PIK3CD,AKT_PI3K_survival,95,92,0.1460780593264266,0.14954767683562503,-0.0034696175091984416,0.54279176201373,0.31280145947355364,0.5318477443368983
RTR_top20_vs_bottom20_all,PLK1,mitotic_kinase_PLK_AUR,95,92,2.7644432607270155,2.781795469418746,-0.017352208691730375,0.48832951945080094,0.7838559206689196,0.8650311004250287
RTR_top20_vs_bottom20_all,PLK4,mitotic_kinase_PLK_AUR,95,92,1.0920084721892818,1.0494188209294315,0.04258965125985026,0.5501144164759725,0.23707982897083146,0.5101054769578993
RTR_top20_vs_bottom20_all,PMAIP1,prior_p53_decision,95,92,-0.1190196508599349,-0.1157084724718698,-0.0033111783880651058,0.4772311212814645,0.5916584704963457,0.7961296804533021
RTR_top20_vs_bottom20_all,PSMA1,HSP_proteostasis;prior_proteasome,95,92,2.272471218609282,2.4077380903108683,-0.13526687170158613,0.43752860411899314,0.14043293035253487,0.4127877043695722
RTR_top20_vs_bottom20_all,PSMA2,HSP_proteostasis;prior_proteasome,95,92,2.308150136570183,2.400343014385029,-0.09219287781484597,0.4302059496567505,0.0995299136031459,0.34480005783946976
RTR_top20_vs_bottom20_all,PSMB5,HSP_proteostasis;prior_proteasome,95,92,2.029394984028776,2.0541061266161105,-0.02471114258733431,0.49279176201373,0.8658733567149515,0.9075514731518259
RTR_top20_vs_bottom20_all,PSMB7,HSP_proteostasis;prior_proteasome,95,92,1.2085454102030908,1.276380410578889,-0.06783500037579815,0.39805491990846686,0.016105216958965333,0.10492012983341495
RTR_top20_vs_bottom20_all,PSMC1,HSP_proteostasis;prior_proteasome,95,92,0.926649435659338,1.1202032504363177,-0.19355381477697975,0.31086956521739134,7.977707561575813e-06,0.0007738376334728538
RTR_top20_vs_bottom20_all,PSMD1,HSP_proteostasis;prior_proteasome,95,92,1.2047622240877407,1.321217357208205,-0.1164551331204644,0.39816933638443935,0.016224762345373445,0.10492012983341495
RTR_top20_vs_bottom20_all,PTEN,AKT_PI3K_survival;prior_oncogenic_context,95,92,-0.3359751230854132,-0.434304464269898,0.09832934118448478,0.5725400457665903,0.08689751046663206,0.33237505450418997
RTR_top20_vs_bottom20_all,RAD51,DDR_CHK_ATR;prior_DDR_checkpoint,95,92,1.215754451178272,1.2110360401492024,0.004718411029069669,0.5109839816933639,0.7963428718113517,0.8650311004250287
RTR_top20_vs_bottom20_all,RB1,prior_cell_cycle_checkpoint,95,92,-0.1813287598781688,-0.1988546307179591,0.01752587083979032,0.5208237986270023,0.6237852436565428,0.8100491128370308
RTR_top20_vs_bottom20_all,RICTOR,AKT_PI3K_survival,95,92,0.4498811439550825,0.41116608100440294,0.03871506295067956,0.5550343249427917,0.19410795776649747,0.47522843896264133
RTR_top20_vs_bottom20_all,RPTOR,AKT_PI3K_survival,95,92,0.860368512105756,0.9564076898483479,-0.09603917774259185,0.45045766590389014,0.2424821695504239,0.5101054769578993
RTR_top20_vs_bottom20_all,RRM1,nucleotide_antifolate,95,92,3.2062567222298126,3.3403233637722347,-0.1340666415424221,0.4528604118993135,0.2661149936965348,0.5139542397982597
RTR_top20_vs_bottom20_all,RRM2,nucleotide_antifolate,95,92,2.632372830998471,2.6227936656305464,0.009579165367924691,0.4803203661327231,0.6430286772005296,0.8100491128370308
RTR_top20_vs_bottom20_all,SOD1,oxidative_stress_NRF2;prior_oxidative_stress,95,92,1.9124155687768567,1.6136590023670832,0.29875656640977355,0.6403890160183066,0.0009179336848956888,0.022259891858720453
RTR_top20_vs_bottom20_all,SOD2,oxidative_stress_NRF2;prior_oxidative_stress,95,92,0.8405272373292714,0.8351977311426729,0.005329506186598443,0.5114416475972541,0.7880122304976066,0.8650311004250287
RTR_top20_vs_bottom20_all,TK1,nucleotide_antifolate,95,92,0.0979852192872785,0.09212735061178176,0.005857868675496744,0.5106407322654463,0.8026061756520886,0.8650311004250287
RTR_top20_vs_bottom20_all,TP53,prior_p53_decision,95,92,-0.1964695588311348,-0.257609407528038,0.061139848696903226,0.5413043478260869,0.3299426280893024,0.5399393034671073
RTR_top20_vs_bottom20_all,TTK,microtubule_spindle;mitotic_kinase_PLK_AUR,95,92,0.7875948966684625,0.7897186301969678,-0.002123733528505256,0.4802059496567506,0.641093237243763,0.8100491128370308
RTR_top20_vs_bottom20_all,TUBA1A,microtubule_spindle,94,92,0.14071981295378985,0.15686855868646532,-0.016148745732675468,0.483695652173913,0.7019227141483164,0.8177910109916774
RTR_top20_vs_bottom20_all,TUBA1B,microtubule_spindle,95,92,1.0667438334634465,0.8787491543872026,0.1879946790762439,0.6232265446224255,0.0036238263287751704,0.05021587912731308
RTR_top20_vs_bottom20_all,TUBB,microtubule_spindle,95,92,2.0938484672608078,1.890738711471469,0.20310975578933865,0.5727688787185354,0.08590605506819013,0.33237505450418997
RTR_top20_vs_bottom20_all,TUBB3,microtubule_spindle,95,92,0.0171293471172579,0.0044322389083998,0.012697108208858101,0.5275743707093821,0.5157331090112511,0.7466583817028561
RTR_top20_vs_bottom20_all,TUBB4B,microtubule_spindle,95,92,0.3529377369334098,0.4259489830238024,-0.07301124609039261,0.4078947368421053,0.029696680860719492,0.16003211352721058
RTR_top20_vs_bottom20_all,TXNRD1,oxidative_stress_NRF2,95,92,0.6099173888336338,0.4179830733266724,0.19193431550696138,0.6070938215102974,0.011467117634563548,0.10492012983341495
RTR_top20_vs_bottom20_all,TYMS,nucleotide_antifolate,95,92,0.5194666783926973,0.5886042494502453,-0.06913757105754792,0.4750572082379862,0.5566795713354147,0.7851308870101104
RTR_top20_vs_bottom20_all,WEE1,mitotic_kinase_PLK_AUR;DDR_CHK_ATR;prior_cell_cycle_checkpoint,95,92,2.7213976492656973,2.679627530608358,0.04177011865733915,0.5170480549199085,0.6881902327594185,0.8140786899715072
RTR_top20_vs_bottom20_all,XIAP,apoptosis_MCL1_BCL,95,92,0.0342921437374245,-0.013545538463955849,0.04783768220138035,0.6608695652173913,0.00014570441776242348,0.004711109507651692
RTR_top20_vs_bottom20_no_Bone_SoftTissue,AKT1,AKT_PI3K_survival,79,90,0.0530122360058218,0.029070523660354,0.023941712345467797,0.5270042194092828,0.5462473955014842,0.7792058435829995
RTR_top20_vs_bottom20_no_Bone_SoftTissue,AKT2,AKT_PI3K_survival,79,90,0.0636076221681536,0.055527020386652,0.008080601781501606,0.5172995780590717,0.6995097373906415,0.8481555565861528
RTR_top20_vs_bottom20_no_Bone_SoftTissue,AKT3,AKT_PI3K_survival,79,90,-0.0828251865006424,-0.10198839770300434,0.019163211202361946,0.5551336146272856,0.21736388777881577,0.5720148594974517
RTR_top20_vs_bottom20_no_Bone_SoftTissue,ATIC,nucleotide_antifolate,79,90,0.2671602085663365,0.39541397950674173,-0.12825377094040524,0.39746835443037976,0.021709442484627597,0.2105815921008877
RTR_top20_vs_bottom20_no_Bone_SoftTissue,ATM,DDR_CHK_ATR;prior_DDR_checkpoint,79,90,0.0414117644970513,-0.0054684102462095,0.0468801747432608,0.5540084388185653,0.22690840178559724,0.5720148594974517
RTR_top20_vs_bottom20_no_Bone_SoftTissue,ATR,DDR_CHK_ATR;prior_DDR_checkpoint,79,90,1.1183847835071814,1.1236626552758369,-0.005277871768655462,0.4990154711673699,0.983659910931858,0.991201053747712
RTR_top20_vs_bottom20_no_Bone_SoftTissue,AURKA,mitotic_kinase_PLK_AUR,79,90,1.192177353905535,1.177553691750881,0.014623662154653827,0.5306610407876231,0.49314478446826115,0.7474225639597083
RTR_top20_vs_bottom20_no_Bone_SoftTissue,AURKB,mitotic_kinase_PLK_AUR,79,90,2.1159636782425557,2.0947266798330926,0.021236998409463137,0.5212376933895921,0.6353523789215362,0.813779883701299
RTR_top20_vs_bottom20_no_Bone_SoftTissue,AURKC,mitotic_kinase_PLK_AUR,79,90,-0.0160588279643275,-0.0044462770145038,-0.011612550949823702,0.4710267229254571,0.5173050999219992,0.7602817377641504
RTR_top20_vs_bottom20_no_Bone_SoftTissue,BAK1,apoptosis_MCL1_BCL;prior_apoptosis_core,79,90,0.3234857665276086,0.36985190798387324,-0.046366141456264665,0.43909985935302387,0.17296004466677872,0.5428140487781703
RTR_top20_vs_bottom20_no_Bone_SoftTissue,BAX,apoptosis_MCL1_BCL;prior_apoptosis_core,79,90,-0.0473236241468478,-0.05555807838408565,0.00823445423723785,0.4942334739803094,0.8984572271197717,0.9683372336735317
RTR_top20_vs_bottom20_no_Bone_SoftTissue,BBC3,prior_p53_decision,79,90,0.0913392885820336,0.0911244407954821,0.0002148477865515086,0.46343178621659636,0.413555688675568,0.6946499311005413
RTR_top20_vs_bottom20_no_Bone_SoftTissue,BCL2,apoptosis_MCL1_BCL;prior_apoptosis_core,79,90,-0.016775058052044,-0.01829046827646915,0.0015154102244251504,0.509845288326301,0.826661025863207,0.9216795345831158
RTR_top20_vs_bottom20_no_Bone_SoftTissue,BCL2L1,apoptosis_MCL1_BCL;prior_apoptosis_core,79,90,0.977022935023375,1.0827495021686429,-0.10572656714526785,0.4973277074542898,0.953516666883123,0.991201053747712
RTR_top20_vs_bottom20_no_Bone_SoftTissue,BCL2L11,apoptosis_MCL1_BCL,79,90,-0.0180706993966064,-0.007913950343585,-0.0101567490530214,0.5019690576652602,0.9660707515185591,0.991201053747712
RTR_top20_vs_bottom20_no_Bone_SoftTissue,BIRC5,apoptosis_MCL1_BCL,79,90,2.0638679069558004,1.9216074762702373,0.14226043068556304,0.5445850914205344,0.31864202751727977,0.6174945092028302
RTR_top20_vs_bottom20_no_Bone_SoftTissue,BRCA1,DDR_CHK_ATR;prior_DDR_checkpoint,79,90,0.5248803119371529,0.4698964466257713,0.05498386531138161,0.5745428973277075,0.09523852391531307,0.38492236749105696
RTR_top20_vs_bottom20_no_Bone_SoftTissue,BRCA2,DDR_CHK_ATR;prior_DDR_checkpoint,79,90,0.51220792059792,0.4751179619580656,0.03708995863985437,0.5535864978902953,0.23056354363084985,0.5720148594974517
RTR_top20_vs_bottom20_no_Bone_SoftTissue,BUB1,microtubule_spindle,79,90,0.6346007649914909,0.6899246306885842,-0.055323865697093355,0.42419127988748245,0.08974451780837851,0.38492236749105696
RTR_top20_vs_bottom20_no_Bone_SoftTissue,BUB1B,microtubule_spindle,79,90,1.1933752764566563,1.2695533451318184,-0.07617806867516208,0.40689170182841067,0.037132458947906226,0.2393770847538298
RTR_top20_vs_bottom20_no_Bone_SoftTissue,CAD,nucleotide_antifolate,79,90,0.3238631317128222,0.32490700012880874,-0.0010438684159865264,0.4827004219409283,0.6995097373906415,0.8481555565861528
RTR_top20_vs_bottom20_no_Bone_SoftTissue,CASP3,apoptosis_MCL1_BCL;prior_apoptosis_core,79,90,-0.0939280018138587,-0.08311364925306935,-0.010814352560789345,0.46990154711673704,0.5011304662208982,0.7478408495911866
RTR_top20_vs_bottom20_no_Bone_SoftTissue,CASP8,apoptosis_MCL1_BCL;prior_apoptosis_core,79,90,-0.0566875514201678,-0.0538372285742629,-0.002850322845904897,0.5165963431786216,0.7112126360912483,0.8516990827265566
RTR_top20_vs_bottom20_no_Bone_SoftTissue,CCNB1,microtubule_spindle,79,90,0.7218419289492936,0.72905745481938,-0.007215525870086448,0.4852320675105486,0.7419542024981474,0.8671031041243409
RTR_top20_vs_bottom20_no_Bone_SoftTissue,CCNB2,microtubule_spindle,79,90,0.0069367919971573,0.0066186262437529005,0.0003181657534043992,0.5040787623066105,0.9284461670369091,0.9896623978305514
RTR_top20_vs_bottom20_no_Bone_SoftTissue,CCND1,prior_cell_cycle_checkpoint,79,90,1.1607383076128213,1.5255769307270446,-0.3648386231142233,0.4080168776371308,0.039484879959394606,0.2393770847538298
RTR_top20_vs_bottom20_no_Bone_SoftTissue,CDC20,microtubule_spindle,79,90,2.055608567954701,2.1554153703692,-0.09980680241449891,0.420253164556962,0.07426594653765263,0.36267569951333567
RTR_top20_vs_bottom20_no_Bone_SoftTissue,CDK1,microtubule_spindle;mitotic_kinase_PLK_AUR,79,90,2.7071440203037223,2.6645405274488274,0.04260349285489484,0.5438818565400845,0.32634722689111695,0.6174945092028302
RTR_top20_vs_bottom20_no_Bone_SoftTissue,CDK4,prior_cell_cycle_checkpoint,79,90,0.5811325802801012,0.609452930396549,-0.028320350116447846,0.4514767932489452,0.2777104865353238,0.5986203820872535
RTR_top20_vs_bottom20_no_Bone_SoftTissue,CDK6,prior_cell_cycle_checkpoint,79,90,0.5075460137376386,0.5750383808707027,-0.06749236713306406,0.4329113924050633,0.1332540503790063,0.46163010309870045
RTR_top20_vs_bottom20_no_Bone_SoftTissue,CDKN1A,prior_p53_decision,79,90,-0.2068022478883325,-0.2072493807459847,0.00044713285765218824,0.5248945147679325,0.5781222082573878,0.7898289324079806
RTR_top20_vs_bottom20_no_Bone_SoftTissue,CDKN2A,prior_cell_cycle_checkpoint,79,90,-0.1715446399823409,-0.1105138062014927,-0.0610308337808482,0.4278481012658228,0.1063487849962375,0.3967627747936553
RTR_top20_vs_bottom20_no_Bone_SoftTissue,CENPE,microtubule_spindle,79,90,0.6694294684629836,0.7156230978562286,-0.046193629393245006,0.45035161744022506,0.26670442725270727,0.5879620328071047
RTR_top20_vs_bottom20_no_Bone_SoftTissue,CHEK1,DDR_CHK_ATR;prior_DDR_checkpoint,79,90,1.6688052792971042,1.7526272274351395,-0.08382194813803534,0.44683544303797473,0.23426034390061856,0.5720148594974517
RTR_top20_vs_bottom20_no_Bone_SoftTissue,CHEK2,DDR_CHK_ATR;prior_DDR_checkpoint,79,90,-0.1983351884274724,-0.2050666951244391,0.006731506696966705,0.5116736990154712,0.7949044250765196,0.8965782468886326
RTR_top20_vs_bottom20_no_Bone_SoftTissue,DCK,nucleotide_antifolate,79,90,-0.0023002190782913,-0.00011704563141954998,-0.00218317344687175,0.5437412095639943,0.3279026772982665,0.6174945092028302
RTR_top20_vs_bottom20_no_Bone_SoftTissue,DHFR,nucleotide_antifolate,71,85,0.6312379016183363,0.7762155445582547,-0.14497764293991844,0.38823529411764707,0.0164568329036136,0.17736808796116882
RTR_top20_vs_bottom20_no_Bone_SoftTissue,GART,nucleotide_antifolate,79,90,0.2518267773922768,0.3389034851077535,-0.08707670771547665,0.40745428973277076,0.03829331469092829,0.2393770847538298
RTR_top20_vs_bottom20_no_Bone_SoftTissue,GCLC,oxidative_stress_NRF2;prior_oxidative_stress,79,90,0.0103172252601718,0.0039603414009766,0.0063568838591952,0.5022503516174402,0.9610479335860086,0.991201053747712
RTR_top20_vs_bottom20_no_Bone_SoftTissue,GPX4,oxidative_stress_NRF2;prior_oxidative_stress,79,90,0.4381894159191991,0.36967417199397323,0.06851524392522584,0.5323488045007032,0.46960240026585687,0.7320098828526812
RTR_top20_vs_bottom20_no_Bone_SoftTissue,HSF1,HSP_proteostasis,79,90,0.4636154304213383,0.5063134865190534,-0.0426980560977151,0.4680731364275668,0.47542909917236,0.7320098828526812
RTR_top20_vs_bottom20_no_Bone_SoftTissue,HSP90AA1,HSP_proteostasis,79,90,0.1803844335432742,0.2084023138345848,-0.02801788029131061,0.4386779184247539,0.16999911422324188,0.5428140487781703
RTR_top20_vs_bottom20_no_Bone_SoftTissue,HSP90AB1,HSP_proteostasis,79,90,0.215582815951608,0.15575350819731892,0.059829307754289074,0.5781997187060478,0.0800645226818932,0.36982184286398284
RTR_top20_vs_bottom20_no_Bone_SoftTissue,HSPA5,HSP_proteostasis,79,90,1.1560448345218055,1.260812228783321,-0.10476739426151549,0.45597749648382563,0.32479657940242324,0.6174945092028302
RTR_top20_vs_bottom20_no_Bone_SoftTissue,HSPA8,HSP_proteostasis,79,90,0.4985243793379967,0.4668044746133767,0.031719904724619996,0.5414908579465542,0.353442279409069,0.6348870574570313
RTR_top20_vs_bottom20_no_Bone_SoftTissue,HSPB1,HSP_proteostasis,79,90,-0.0451146796712426,-0.0045966261565174495,-0.04051805351472515,0.45471167369901544,0.3110569367854942,0.6174945092028302
RTR_top20_vs_bottom20_no_Bone_SoftTissue,HSPH1,HSP_proteostasis,79,90,0.0410530273358191,0.01392482085230825,0.02712820648351085,0.5735583684950774,0.09969523977975167,0.38681753034543653
RTR_top20_vs_bottom20_no_Bone_SoftTissue,IMPDH1,nucleotide_antifolate,79,90,0.216743435671997,0.19168113248296204,0.025062303189034962,0.5419127988748241,0.34856018507510933,0.6348870574570313
RTR_top20_vs_bottom20_no_Bone_SoftTissue,IMPDH2,nucleotide_antifolate,79,90,0.4092383838953631,0.5617339786030184,-0.15249559470765534,0.35752461322081575,0.0014214371041017316,0.045959799699289317
RTR_top20_vs_bottom20_no_Bone_SoftTissue,KEAP1,oxidative_stress_NRF2;prior_oxidative_stress,79,90,0.0793583059944043,0.1356994640891268,-0.05634115809472251,0.4416315049226442,0.1915395497503165,0.5428140487781703
RTR_top20_vs_bottom20_no_Bone_SoftTissue,KIF11,KIF11_control;microtubule_spindle,79,90,2.831737357933024,2.918479055595232,-0.08674169766220796,0.4648382559774965,0.431783333159381,0.7098810731603383
RTR_top20_vs_bottom20_no_Bone_SoftTissue,KIF20A,microtubule_spindle,79,90,0.463095972764579,0.520546184737346,-0.05745021197276706,0.44767932489451473,0.24177947669479916,0.5720148594974517
RTR_top20_vs_bottom20_no_Bone_SoftTissue,KIF2C,microtubule_spindle,79,90,0.3222955393978902,0.2860897794835232,0.036205759914366975,0.5210970464135021,0.6376007336216363,0.813779883701299
RTR_top20_vs_bottom20_no_Bone_SoftTissue,KRAS,prior_oncogenic_context,79,90,0.4708637013883281,0.5609235785819819,-0.09005987719365383,0.42545710267229253,0.09523852391531307,0.38492236749105696
RTR_top20_vs_bottom20_no_Bone_SoftTissue,MAD2L1,microtubule_spindle,79,90,1.312156214066229,1.3718624125834327,-0.0597061985172036,0.4662447257383966,0.4504680841210772,0.7193288140124326
RTR_top20_vs_bottom20_no_Bone_SoftTissue,MCL1,apoptosis_MCL1_BCL;prior_apoptosis_core,79,90,0.6700344813390762,0.4506273269460241,0.21940715439305208,0.6078762306610408,0.01572887197998419,0.17736808796116882
RTR_top20_vs_bottom20_no_Bone_SoftTissue,MDM2,prior_p53_decision,79,90,0.3981844168384943,0.44431359023790357,-0.04612917339940925,0.4471167369901548,0.23674809071948344,0.5720148594974517
RTR_top20_vs_bottom20_no_Bone_SoftTissue,MDM4,prior_p53_decision,79,90,0.0501416032466207,0.038819818171411946,0.011321785075208757,0.5381153305203938,0.3940409166210944,0.6825351591472529
RTR_top20_vs_bottom20_no_Bone_SoftTissue,MTOR,AKT_PI3K_survival,79,90,1.311401301781642,1.2630640139047817,0.0483372878768602,0.5188466947960619,0.6740165239324631,0.8481555565861528
RTR_top20_vs_bottom20_no_Bone_SoftTissue,MYC,prior_oncogenic_context,79,90,1.965994395251868,2.25494391805388,-0.288949522802012,0.38073136427566806,0.007576822015978714,0.12249195592498921
RTR_top20_vs_bottom20_no_Bone_SoftTissue,MYCN,prior_oncogenic_context,79,90,0.0574736497987627,0.1008137852282865,-0.0433401354295238,0.3628691983122363,0.0021367992441087905,0.05181738166963817
RTR_top20_vs_bottom20_no_Bone_SoftTissue,NFE2L2,oxidative_stress_NRF2;prior_oxidative_stress,79,90,0.2029640718988527,0.20431810952837537,-0.0013540376295226586,0.5220815752461323,0.6219333460080263,0.813779883701299
RTR_top20_vs_bottom20_no_Bone_SoftTissue,NQO1,oxidative_stress_NRF2;prior_oxidative_stress,79,90,0.0824157025183365,0.07233750179922785,0.010078200719108657,0.5226441631504922,0.6130562760649261,0.813779883701299
RTR_top20_vs_bottom20_no_Bone_SoftTissue,PARP1,DDR_CHK_ATR;prior_DDR_checkpoint,79,90,0.1773039456065067,0.15008782653554564,0.027216119070961053,0.5596343178621659,0.182074064791243,0.5428140487781703
RTR_top20_vs_bottom20_no_Bone_SoftTissue,PIK3CA,AKT_PI3K_survival;prior_oncogenic_context,79,90,0.4357310207319079,0.5150624669860828,-0.07933144625417493,0.440225035161744,0.1810441463985989,0.5428140487781703
RTR_top20_vs_bottom20_no_Bone_SoftTissue,PIK3CB,AKT_PI3K_survival,79,90,0.1067009102802217,0.09770136830728335,0.008999541972938355,0.5578059071729957,0.19586073924985525,0.5428140487781703
RTR_top20_vs_bottom20_no_Bone_SoftTissue,PIK3CD,AKT_PI3K_survival,79,90,0.1353332083316706,0.14954767683562503,-0.014214468503954442,0.5060478199718706,0.8934719671239629,0.9683372336735317
RTR_top20_vs_bottom20_no_Bone_SoftTissue,PLK1,mitotic_kinase_PLK_AUR,79,90,2.777924791411149,2.76383859670624,0.014086194704908905,0.5005625879043601,0.991201053747712,0.991201053747712
RTR_top20_vs_bottom20_no_Bone_SoftTissue,PLK4,mitotic_kinase_PLK_AUR,79,90,1.0841526819139438,1.0494188209294315,0.034733860984512255,0.540646976090014,0.3633354357010633,0.6407915866000571
RTR_top20_vs_bottom20_no_Bone_SoftTissue,PMAIP1,prior_p53_decision,79,90,-0.1154905261369559,-0.11456391723038326,-0.0009266089065726457,0.48466947960618845,0.7324486632617633,0.866433174834037
RTR_top20_vs_bottom20_no_Bone_SoftTissue,PSMA1,HSP_proteostasis;prior_proteasome,79,90,2.267742105690048,2.4077380903108683,-0.1399959846208203,0.43052039381153306,0.11995619533637814,0.4309537388010622
RTR_top20_vs_bottom20_no_Bone_SoftTissue,PSMA2,HSP_proteostasis;prior_proteasome,79,90,2.305351742548221,2.400343014385029,-0.094991271836808,0.4203938115330521,0.07477849474501766,0.36267569951333567
RTR_top20_vs_bottom20_no_Bone_SoftTissue,PSMB5,HSP_proteostasis;prior_proteasome,79,90,1.989553262042259,2.05590867639399,-0.06635541435173131,0.45218002812939523,0.2847442244784085,0.6004389081392528
RTR_top20_vs_bottom20_no_Bone_SoftTissue,PSMB7,HSP_proteostasis;prior_proteasome,79,90,1.224078201201077,1.276380410578889,-0.05230220937781205,0.41673699015471166,0.06235775210896923,0.355805997327648
RTR_top20_vs_bottom20_no_Bone_SoftTissue,PSMC1,HSP_proteostasis;prior_proteasome,79,90,0.8881804981890873,1.1202032504363177,-0.23202275224723046,0.31547116736990155,3.59035048892981e-05,0.0034826399742619155
RTR_top20_vs_bottom20_no_Bone_SoftTissue,PSMD1,HSP_proteostasis;prior_proteasome,79,90,1.1816107596513623,1.321217357208205,-0.1396065975568428,0.4029535864978903,0.0298157657873018,0.2393770847538298
RTR_top20_vs_bottom20_no_Bone_SoftTissue,PTEN,AKT_PI3K_survival;prior_oncogenic_context,79,90,-0.3153534830366568,-0.4310342516408008,0.115680768604144,0.5995780590717299,0.02579760622627047,0.2274879821771123
RTR_top20_vs_bottom20_no_Bone_SoftTissue,RAD51,DDR_CHK_ATR;prior_DDR_checkpoint,79,90,1.2503448800094297,1.2003949946109618,0.0499498853984679,0.5364275668073136,0.41535769076114837,0.6946499311005413
RTR_top20_vs_bottom20_no_Bone_SoftTissue,RB1,prior_cell_cycle_checkpoint,79,90,-0.1813287598781688,-0.1988546307179591,0.01752587083979032,0.5261603375527426,0.5588923290489896,0.7856892161993041
RTR_top20_vs_bottom20_no_Bone_SoftTissue,RICTOR,AKT_PI3K_survival,79,90,0.4355179374614191,0.41116608100440294,0.024351856457016152,0.5274261603375527,0.5399785339276975,0.7792058435829995
RTR_top20_vs_bottom20_no_Bone_SoftTissue,RPTOR,AKT_PI3K_survival,79,90,0.8584783283724573,0.9472335944566338,-0.0887552660841765,0.4413502109704641,0.18940544007269133,0.5428140487781703
RTR_top20_vs_bottom20_no_Bone_SoftTissue,RRM1,nucleotide_antifolate,79,90,3.1702130991955646,3.3403233637722347,-0.1701102645766701,0.449929676511955,0.2626555789282633,0.5879620328071047
RTR_top20_vs_bottom20_no_Bone_SoftTissue,RRM2,nucleotide_antifolate,79,90,2.618881685837244,2.585818871832748,0.033062814004495955,0.4877637130801688,0.78519853229821,0.8960500897991338
RTR_top20_vs_bottom20_no_Bone_SoftTissue,SOD1,oxidative_stress_NRF2;prior_oxidative_stress,79,90,1.8986165621359772,1.6136590023670832,0.28495755976889403,0.6219409282700422,0.006328931436787742,0.12249195592498921
RTR_top20_vs_bottom20_no_Bone_SoftTissue,SOD2,oxidative_stress_NRF2;prior_oxidative_stress,79,90,0.8352437768283463,0.8351977311426729,4.604568567334599e-05,0.4985935302390999,0.9761202279021215,0.991201053747712
RTR_top20_vs_bottom20_no_Bone_SoftTissue,TK1,nucleotide_antifolate,79,90,0.0979852192872785,0.09212735061178176,0.005857868675496744,0.5250351617440226,0.5759702645403456,0.7898289324079806
RTR_top20_vs_bottom20_no_Bone_SoftTissue,TP53,prior_p53_decision,79,90,-0.1868975384144025,-0.257609407528038,0.07071186911363553,0.5434599156118144,0.3310279843149193,0.6174945092028302
RTR_top20_vs_bottom20_no_Bone_SoftTissue,TTK,microtubule_spindle;mitotic_kinase_PLK_AUR,79,90,0.7875948966684625,0.7897186301969678,-0.002123733528505256,0.47777777777777786,0.6197088484940821,0.813779883701299
RTR_top20_vs_bottom20_no_Bone_SoftTissue,TUBA1A,microtubule_spindle,78,90,0.1506613773917204,0.1582276950275712,-0.0075663176358508055,0.4914529914529915,0.8499106124049499,0.936833288673638
RTR_top20_vs_bottom20_no_Bone_SoftTissue,TUBA1B,microtubule_spindle,79,90,1.065995413890699,0.889748113451234,0.17624730043946513,0.6075949367088609,0.016003093899020698,0.17736808796116882
RTR_top20_vs_bottom20_no_Bone_SoftTissue,TUBB,microtubule_spindle,79,90,2.042471775249678,1.8897281738257807,0.15274360142389742,0.550070323488045,0.2626555789282633,0.5879620328071047
RTR_top20_vs_bottom20_no_Bone_SoftTissue,TUBB3,microtubule_spindle,79,90,0.0194135410883044,0.0044322389083998,0.014981302179904602,0.5336146272855132,0.4523614191212205,0.7193288140124326
RTR_top20_vs_bottom20_no_Bone_SoftTissue,TUBB4B,microtubule_spindle,79,90,0.3480043120859628,0.42645844635758867,-0.0784541342716259,0.40703234880450073,0.03741982743387608,0.2393770847538298
RTR_top20_vs_bottom20_no_Bone_SoftTissue,TXNRD1,oxidative_stress_NRF2,79,90,0.5181896135516677,0.41036486667863376,0.10782474687303395,0.579606188466948,0.07477849474501766,0.36267569951333567
RTR_top20_vs_bottom20_no_Bone_SoftTissue,TYMS,nucleotide_antifolate,79,90,0.5492258141778152,0.6083710810438034,-0.0591452668659882,0.4817158931082982,0.6832454180940615,0.8481555565861528
RTR_top20_vs_bottom20_no_Bone_SoftTissue,WEE1,mitotic_kinase_PLK_AUR;DDR_CHK_ATR;prior_cell_cycle_checkpoint,79,90,2.7213976492656973,2.664488121156725,0.05690952810897221,0.5130801687763713,0.7707025422265033,0.8899779356663192
RTR_top20_vs_bottom20_no_Bone_SoftTissue,XIAP,apoptosis_MCL1_BCL,79,90,0.0500384535127991,-0.01231505355336135,0.06235350706616045,0.6594936708860759,0.0003549176690114369,0.01721350694705469
