depmap_id,strict_repair_median_auc,broad_repair_median_auc,any_repair_median_auc,cytotoxic_median_auc,repair_minus_removal_delta,repair_preservation_rank,removal_vulnerability,removal_vulnerability_rank
ACH-000007,1.00838093017885,0.9631368569142991,0.964778022183098,0.7877092895191138,0.17706873266398426,0.4479166666666667,0.2122907104808862,0.6875
ACH-000008,0.932103199974992,1.04512324453655,1.02076479085803,0.816377030837788,0.20438776002024195,0.6770833333333334,0.183622969162212,0.425
ACH-000011,0.968914881936789,0.9496772282204715,0.950461103512021,0.812857842967768,0.13760326054425298,0.3229166666666667,0.18714215703223203,0.46875
ACH-000012,1.1394065241289248,0.9176319975276634,0.928232135312621,0.7755586709453763,0.15267346436724472,0.17708333333333334,0.22444132905462366,0.7833333333333333
ACH-000013,1.197720058736925,1.15020730861595,1.15020730861595,0.751403651592004,0.39880365702394616,0.9041666666666667,0.24859634840799605,0.8875
ACH-000014,1.183854390113304,0.982695480092231,0.982695480092231,0.769982687523828,0.21271279256840292,0.5416666666666666,0.23001731247617196,0.83125
ACH-000015,1.17885024078344,0.926126242271627,0.939883866690436,0.745149325023186,0.19473454166725002,0.22916666666666666,0.254850674976814,0.9166666666666666
ACH-000018,0.978661279928897,0.948917265914388,0.949628285219352,0.843421294255317,0.10620699096403508,0.3104166666666667,0.15657870574468302,0.19375
ACH-000019,1.091762460857036,0.940546165952542,0.950444273665239,0.7839806800349705,0.16646359363026852,0.32083333333333336,0.21601931996502954,0.7291666666666666
ACH-000021,1.005207176231347,1.01016430775115,1.01016430775115,0.8011324573157774,0.20903185043537253,0.6354166666666666,0.19886754268422258,0.5604166666666667
ACH-000022,1.38700516832149,1.063825170989455,1.0834795871496,0.891213073981453,0.1922665131681469,0.80625,0.108786926018547,0.058333333333333334
ACH-000023,1.0388218630730255,0.94825062041306,0.94825062041306,0.7997034464305914,0.14854717398246853,0.3020833333333333,0.20029655356940856,0.5729166666666666
ACH-000026,1.007429716623885,0.956011899468407,0.961125450396634,0.827334652592569,0.133790797804065,0.42291666666666666,0.172665347407431,0.3
ACH-000027,1.2744004890741398,1.0874540925107699,1.1124783116193,0.859020846614148,0.253457465005152,0.85,0.14097915338585199,0.12083333333333333
ACH-000030,1.18872712994485,0.946964606486677,0.948635133568939,0.7966482315520915,0.1519869020168475,0.30416666666666664,0.20335176844790848,0.6020833333333333
ACH-000035,1.25151809534731,1.049195173919485,1.134440388058585,0.8124836004692519,0.321956787589333,0.8916666666666667,0.18751639953074806,0.475
ACH-000037,1.3636176064042,0.9576354223712265,1.05892073922559,0.7496052102251445,0.30931552900044545,0.7708333333333334,0.2503947897748555,0.89375
ACH-000040,1.0648660891585084,1.12031541500129,1.12031541500129,0.8061125053603915,0.3142029096408985,0.8666666666666667,0.19388749463960853,0.525
ACH-000042,1.287008975079595,1.0448575748416151,1.061939849302765,0.845488744350266,0.21645110495249897,0.7729166666666667,0.154511255649734,0.18333333333333332
ACH-000046,0.980504142090854,0.945082720530107,0.945082720530107,0.8061306224799905,0.13895209805011655,0.26458333333333334,0.19386937752000954,0.5229166666666667
ACH-000047,1.14794820764139,0.919795596529292,0.9468523501491425,0.772189800909173,0.1746625492399695,0.28125,0.227810199090827,0.8145833333333333
ACH-000048,1.043485657568133,0.918181313837873,0.924779827694719,0.731467285741762,0.193312541952957,0.15416666666666667,0.268532714258238,0.9520833333333333
ACH-000052,1.23903370385203,1.056430184036175,1.05885584079091,0.759677356341929,0.2991784844489811,0.76875,0.240322643658071,0.8625
ACH-000054,1.0794203910619211,1.05381828377032,1.05381828377032,0.772364434158982,0.281453849611338,0.75625,0.22763556584101796,0.8104166666666667
ACH-000060,0.888115486422403,1.08280272322514,1.045988979615795,0.7965560720813754,0.2494329075344197,0.7395833333333334,0.20344392791862465,0.6041666666666666
ACH-000062,1.22456259937552,0.9473942452969605,0.947512962879982,0.696550855753945,0.25096210712603695,0.2916666666666667,0.30344914424605496,0.99375
ACH-000066,0.979109306159763,0.9428551373306825,0.954160295846614,0.817615763119052,0.13654453272756195,0.35625,0.18238423688094796,0.4041666666666667
ACH-000082,1.0204056003646156,1.10638578540408,1.07900556847671,0.857984383671755,0.22102118480495492,0.7979166666666667,0.142015616328245,0.12916666666666668
ACH-000086,0.8975375002843855,0.887204829251828,0.887204829251828,0.8605396347399435,0.026665194511884427,0.0375,0.13946036526005645,0.10833333333333334
ACH-000087,1.2516857819999099,0.875512044664896,0.882237414443815,0.736394906015345,0.14584250842847002,0.03333333333333333,0.26360509398465504,0.9375
ACH-000090,1.060943334167627,0.951789180289845,0.952810275824444,0.816299895502919,0.13651038032152496,0.3458333333333333,0.18370010449708096,0.4270833333333333
ACH-000091,0.981416073195271,0.952214810123454,0.9562098184683234,0.7547206660223095,0.20148915244601395,0.37083333333333335,0.24527933397769053,0.8708333333333333
ACH-000092,1.1873380074586,0.939768358933416,0.95052106004569,0.802297975641463,0.14822308440422705,0.325,0.197702024358537,0.5541666666666667
ACH-000096,1.271818239535555,0.902344829487152,0.92579164621634,0.7181779710200704,0.2076136751962696,0.16458333333333333,0.2818220289799296,0.9729166666666667
ACH-000097,1.127538409303415,0.9175817157497155,0.9257029066462805,0.7805901918681213,0.14511271477815924,0.1625,0.21940980813187871,0.75
ACH-000098,1.1847693285565,1.003037596238115,1.01851138302171,0.818695716002209,0.19981566701950104,0.6666666666666666,0.18130428399779097,0.4
ACH-000099,1.0746171226611034,1.07375158595876,1.07375158595876,0.7992681206002885,0.27448346535847157,0.7916666666666666,0.2007318793997115,0.575
ACH-000102,1.194484678691331,1.044627465534,1.044627465534,0.9041586119236824,0.14046885361031758,0.7333333333333333,0.09584138807631759,0.0375
ACH-000107,1.27345227923368,1.05656838541186,1.0645176563144298,0.872870342540281,0.1916473137741489,0.7791666666666667,0.12712965745971905,0.08541666666666667
ACH-000108,0.9781199983722945,0.944648846413915,0.947566707731195,0.8416365911936354,0.10593011653755957,0.29375,0.15836340880636457,0.20625
ACH-000117,1.16282358415524,1.03605215014605,1.03771868994807,0.875104084549836,0.1626146053982339,0.7229166666666667,0.12489591545016399,0.08333333333333333
ACH-000118,1.2067809682627,1.00925266975344,1.01298941600831,0.8248369491711509,0.18815246683715903,0.6458333333333334,0.1751630508288491,0.32083333333333336
ACH-000123,1.2918932316342,0.895176454411635,0.9196036021555201,0.7078663592701709,0.21173724288534912,0.12083333333333333,0.29213364072982906,0.9833333333333333
ACH-000132,1.1925716276485652,0.9590390959278745,0.9761010156890331,0.834073316096893,0.14202769959214012,0.5041666666666667,0.16592668390310705,0.2520833333333333
ACH-000133,1.2170996697824101,1.0560230021179,1.087279415545615,0.790370131932227,0.29690928361338786,0.8125,0.20962986806777295,0.6666666666666666
ACH-000137,0.8900039063174955,0.9761800413909315,0.9549531258526425,0.7962109262447975,0.15874219960784497,0.3645833333333333,0.2037890737552025,0.6104166666666667
ACH-000138,1.0607367193860966,0.9030939219511,0.916728272436543,0.8138772579623248,0.10285101447421818,0.11041666666666666,0.1861227420376752,0.45416666666666666
ACH-000139,0.9848952683868005,1.0350294486429998,1.0350294486429998,0.7425754523686983,0.2924539962743016,0.7145833333333333,0.25742454763130174,0.925
ACH-000141,1.42204763683647,1.07711964992873,1.110040499472595,0.8556896968325055,0.25435080264008947,0.8479166666666667,0.1443103031674945,0.1375
ACH-000142,1.04488876591374,0.9562658678545355,0.9562658678545355,0.791822242190704,0.16444362566383153,0.3770833333333333,0.20817775780929604,0.6541666666666667
ACH-000147,1.192779649136475,1.06182384460445,1.12332705230241,0.797323467702913,0.32600358459949696,0.8729166666666667,0.20267653229708704,0.5979166666666667
ACH-000153,1.043188867509,0.905449556685508,0.906737167645744,0.784749021454043,0.12198814619170095,0.07916666666666666,0.21525097854595698,0.7208333333333333
ACH-000155,1.189209964491365,1.005604412827625,1.01178830705907,0.841873516898648,0.1699147901604221,0.6416666666666667,0.15812648310135202,0.20416666666666666
ACH-000159,0.97881583720535,1.03589456216467,1.03589456216467,0.81736815688048,0.21852640528418998,0.71875,0.18263184311951997,0.41458333333333336
ACH-000161,1.15146465269172,0.901376444206496,0.907566544919279,0.834567709916077,0.07299883500320203,0.08125,0.16543229008392302,0.24375
ACH-000163,1.1825602293627,1.07117514212633,1.08792181296277,0.6893633213255754,0.3985584916371945,0.8145833333333333,0.31063667867442457,0.9979166666666667
ACH-000164,1.2426759297663001,1.08910068792383,1.1034044376758,0.851346834930231,0.2520576027455691,0.8375,0.148653165069769,0.15
ACH-000169,1.14216380321747,1.05203254036516,1.0569759385852802,0.715434185768728,0.3415417528165522,0.7666666666666667,0.28456581423127203,0.9770833333333333
ACH-000171,1.12172787648866,0.979524639697149,0.98962752870538,0.806008826181009,0.18361870252437096,0.56875,0.193991173818991,0.5270833333333333
ACH-000172,1.40687968613239,0.971714904722598,0.992124130750235,0.758231427969268,0.23389270278096697,0.5791666666666667,0.241768572030732,0.86875
ACH-000174,0.905951930232423,0.9461449532587015,0.943982685170312,0.803029677158742,0.14095300801157007,0.25833333333333336,0.19697032284125804,0.54375
ACH-000176,1.3230050210555,0.991103702177209,1.0224962154830202,0.83866468497464,0.1838315305083802,0.6895833333333333,0.16133531502536003,0.21875
ACH-000178,1.1625629986219899,1.03863985354494,1.05583377549408,0.871222927242527,0.18461084825155305,0.7625,0.12877707275747297,0.08958333333333333
ACH-000182,1.10228973301158,1.07876760292887,1.07904809042061,0.8374855508742056,0.24156253954640428,0.8,0.16251444912579438,0.22916666666666666
ACH-000186,0.921452457418615,1.18827495370715,1.18290505657229,0.7840553876097585,0.3988496689625316,0.9354166666666667,0.21594461239024154,0.7270833333333333
ACH-000188,0.8893681042865935,0.9798325376803,0.9691125831196805,0.771056839174149,0.1980557439455315,0.47708333333333336,0.22894316082585098,0.81875
ACH-000189,1.072252509772425,0.905445102728641,0.910834738638669,0.82323781151206,0.08759692712660905,0.0875,0.17676218848794,0.3375
ACH-000191,0.9610228347786726,0.9972396328428346,0.9972396328428346,0.822897752082629,0.17434188076020551,0.6,0.17710224791737095,0.3416666666666667
ACH-000192,1.063980429653694,0.8945941515889595,0.8960428560400215,0.782296634931417,0.11374622110860455,0.05625,0.217703365068583,0.74375
ACH-000201,0.979610027799731,0.88652624318435,0.888172106072615,0.7394235601753288,0.14874854589728614,0.03958333333333333,0.26057643982467116,0.9333333333333333
ACH-000205,1.25250548008635,0.881832220374572,0.8864629005373159,0.8109751435789547,0.07548775695836119,0.035416666666666666,0.18902485642104527,0.4895833333333333
ACH-000207,0.933036071286686,0.957195971938916,0.957195971938916,0.809999433154151,0.14719653878476502,0.3854166666666667,0.19000056684584898,0.49583333333333335
ACH-000209,1.11700306189966,0.943172757991679,0.958982503072909,0.79467436905432,0.164308134018589,0.4041666666666667,0.20532563094568002,0.6270833333333333
ACH-000210,1.32099202071346,1.004000249112697,1.00863926302538,0.8057876805819619,0.20285158244341805,0.63125,0.19421231941803807,0.5291666666666667
ACH-000211,1.05876893435054,0.93639973325427,0.947310693681714,0.7227238681627285,0.22458682551898546,0.28958333333333336,0.2772761318372715,0.9645833333333333
ACH-000212,1.01458814320831,0.892717376156042,0.919130231347528,0.826433298120337,0.09269693322719108,0.11666666666666667,0.17356670187966305,0.30625
ACH-000217,1.15199233964811,1.02719299125311,1.037635915262395,0.838784648229177,0.1988512670332181,0.7208333333333333,0.16121535177082302,0.21666666666666667
ACH-000219,1.12822814276818,0.9951082585157436,1.01969502185359,0.806894608712366,0.2128004131412241,0.6708333333333333,0.19310539128763404,0.5145833333333333
ACH-000221,1.2114472501855902,0.973045086732153,0.97914003361368,0.7789250876020646,0.20021494601161538,0.5229166666666667,0.22107491239793542,0.7604166666666666
ACH-000222,0.954548689561158,0.8626563104522584,0.869291844369629,0.824564643221819,0.044727201147810036,0.025,0.175435356778181,0.325
ACH-000223,1.15836580533939,0.982879475779956,0.9963532332439764,0.896084771988909,0.10026846125506739,0.59375,0.10391522801109099,0.052083333333333336
ACH-000228,0.9405300952426745,1.040960857658485,1.013949526846235,0.789030873801121,0.22491865304511405,0.6479166666666667,0.21096912619887898,0.6833333333333333
ACH-000231,0.9691418846088555,0.959471018307519,0.959471018307519,0.814803511237772,0.14466750706974707,0.41041666666666665,0.18519648876222805,0.4354166666666667
ACH-000232,0.886907886593121,0.98183653610182,0.9720769457553224,0.832655156694132,0.1394217890611904,0.49166666666666664,0.16734484330586796,0.26666666666666666
ACH-000235,1.133862139334924,0.933371548560733,0.933371548560733,0.8870023453566669,0.04636920320406612,0.20625,0.11299765464333311,0.0625
ACH-000237,1.26180972048751,0.972800141285339,0.972980230825319,0.7766327889488285,0.19634744187649056,0.4979166666666667,0.22336721105117152,0.7791666666666667
ACH-000242,1.51107279552652,1.0358896047872,1.0494356071706399,0.7820329286704335,0.2674026785002064,0.7416666666666667,0.2179670713295665,0.7458333333333333
ACH-000243,1.35707233422986,0.925992287128261,0.9286024825121035,0.7706540289532819,0.1579484535588216,0.17916666666666667,0.22934597104671806,0.825
ACH-000244,1.1273149647423502,1.04440117079571,1.04946711250536,0.8233419790241175,0.22612513348124252,0.74375,0.17665802097588246,0.33541666666666664
ACH-000250,1.14651469823031,0.914148823260392,0.9191433214702021,0.858176359167177,0.06096696230302501,0.11875,0.14182364083282295,0.12708333333333333
ACH-000252,1.0955827993976701,1.141452962330095,1.1331336529241551,0.8521854401383505,0.2809482127858046,0.8854166666666666,0.14781455986164949,0.14583333333333334
ACH-000255,1.19495623204946,0.98121608503586,0.982098786292542,0.748337778198678,0.23376100809386402,0.5395833333333333,0.25166222180132203,0.8958333333333334
ACH-000259,0.9735592105162341,1.057267554901805,1.037965531869185,0.791746692429342,0.2462188394398429,0.725,0.20825330757065796,0.65625
ACH-000260,1.0587983062622386,1.00436311811871,1.00436311811871,0.798121179085714,0.20624193903299604,0.625,0.201878820914286,0.5895833333333333
ACH-000261,1.4112869971042,0.942926425606303,0.9582359932648494,0.789982170672901,0.16825382259194843,0.39375,0.210017829327099,0.6708333333333333
ACH-000264,1.07540308754127,0.951875418217903,0.9646197377278729,0.730794910068801,0.23382482765907187,0.44583333333333336,0.26920508993119896,0.9541666666666667
ACH-000265,0.960242768187252,0.9530292772007976,0.956508976293138,0.8275004242593375,0.12900855203380057,0.37916666666666665,0.17249957574066255,0.29791666666666666
ACH-000266,0.981101277555161,1.0346625999223,1.025911401880115,0.896660042617743,0.12925135926237197,0.6979166666666666,0.10333995738225699,0.05
ACH-000268,1.71717475368561,1.0788040102381,1.09192858729301,0.9076041820967522,0.1843244051962578,0.825,0.0923958179032478,0.03333333333333333
ACH-000270,1.14546749918301,0.9560594840845624,0.9769316727666004,0.9630075786706035,0.01392409409599693,0.5083333333333333,0.03699242132939651,0.010416666666666666
ACH-000273,1.146262910226772,1.02706493103682,1.02706493103682,0.7859668130695272,0.24109811796729286,0.7020833333333333,0.2140331869304728,0.7041666666666667
ACH-000274,1.1788235924324924,1.30571420143681,1.30571420143681,1.0,0.30571420143680994,0.9916666666666667,0.0,0.003125
ACH-000276,1.394821057217785,1.07587727803591,1.14672663924944,0.791854281216788,0.35487235803265194,0.9,0.20814571878321197,0.6520833333333333
ACH-000277,1.25978794727661,0.899756115648721,0.908176951027819,0.875506972381435,0.03266997864638399,0.08541666666666667,0.12449302761856496,0.07916666666666666
ACH-000278,1.313253150488105,0.9479563187608026,0.9562178565957491,0.813974231459595,0.14224362513615407,0.375,0.18602576854040498,0.4479166666666667
ACH-000279,0.8968389772477505,0.932862282061538,0.9275146497772725,0.732289753707454,0.19522489606981852,0.17291666666666666,0.26771024629254603,0.95
ACH-000280,0.8626955056370049,0.868784162564618,0.868784162564618,0.7896446688311671,0.07913949373345086,0.022916666666666665,0.21035533116883287,0.675
ACH-000281,1.21215600793047,1.03406702812353,1.035735206098175,0.843000587105082,0.19273461899309308,0.7166666666666667,0.15699941289491803,0.19791666666666666
ACH-000288,0.9843074396011819,0.8872605741917166,0.890985545280799,0.7637967628347135,0.12718878244608545,0.04791666666666667,0.23620323716528646,0.8479166666666667
ACH-000289,1.35301188751153,0.978530479877802,0.9837826896308131,0.9012557899972615,0.08252689963355153,0.5541666666666667,0.09874421000273848,0.041666666666666664
ACH-000292,1.19782481606689,0.939800736987076,0.9448728827672015,0.7497308916195364,0.19514199114766506,0.2625,0.25026910838046357,0.8916666666666667
ACH-000296,1.23900324683247,1.07382888607902,1.0742327393584001,0.812172114226809,0.2620606251315911,0.79375,0.18782788577319098,0.4791666666666667
ACH-000302,1.481029807831785,1.15586925290601,1.17128928779994,0.872757227715727,0.29853206008421296,0.9270833333333334,0.12724277228427305,0.0875
ACH-000305,0.9995916161425895,0.914183838847302,0.9186373506522314,0.826290081802282,0.09234726884994937,0.11458333333333333,0.17370991819771797,0.30833333333333335
ACH-000307,1.1233372319618646,0.915452606550914,0.92559845694581,0.819041931474968,0.10655652547084205,0.16041666666666668,0.18095806852503205,0.3958333333333333
ACH-000308,0.919810363684548,0.9569962497422555,0.956761758531878,0.8483051486680205,0.10845660986385741,0.38125,0.15169485133197946,0.1625
ACH-000309,1.10808618601283,0.979154084417428,0.988729576052182,0.783546021084909,0.20518355496727303,0.5666666666666667,0.216453978915091,0.7333333333333333
ACH-000311,1.0116685046314249,0.845456999145995,0.848981621238285,0.7001945834099917,0.14878703782829328,0.004166666666666667,0.29980541659000826,0.9875
ACH-000312,0.951845133492487,0.9480171466523425,0.949719998519073,0.7933001545357113,0.15641984398336162,0.3125,0.20669984546428866,0.64375
ACH-000313,0.936723724621365,0.928974692567854,0.9328492085946095,0.8174744364389865,0.11537477215562297,0.19583333333333333,0.18252556356101346,0.41041666666666665
ACH-000316,1.14398276943358,0.9403308165469251,0.95011097885506,0.793603462690773,0.15650751616428704,0.31666666666666665,0.20639653730922702,0.6375
ACH-000318,1.198677599303565,1.0123930252443045,1.0501750165605501,0.8600350489892161,0.190139967571334,0.7458333333333333,0.13996495101078388,0.11458333333333333
ACH-000319,1.36683789341778,1.2419928702694598,1.24203098390027,0.882949143621812,0.3590818402784579,0.9770833333333333,0.11705085637818802,0.06875
ACH-000320,0.930796148117449,1.0595679023082,1.01674227448815,0.7463448832403181,0.2703973912478319,0.6645833333333333,0.2536551167596819,0.9083333333333333
ACH-000322,1.17494497636091,0.9161180553649075,0.925817779689034,0.800525639209078,0.12529214047995596,0.16666666666666666,0.19947436079092196,0.56875
ACH-000323,0.9035847477527095,0.95062455029275,0.9393535300035205,0.802567728802487,0.13678580120103356,0.225,0.19743227119751305,0.5479166666666667
ACH-000324,1.229169537315065,0.9109006181529491,0.9222465625701775,0.7831330360465225,0.13911352652365494,0.13958333333333334,0.2168669639534775,0.7395833333333334
ACH-000329,1.106491288805705,1.152117742025255,1.152117742025255,0.8500321844253336,0.3020855575999215,0.9083333333333333,0.14996781557466643,0.15416666666666667
ACH-000331,1.168009891304885,1.0810254207918049,1.089434624039785,0.848293286788509,0.24114133725127596,0.81875,0.15170671321149098,0.16458333333333333
ACH-000332,1.0920196107328415,0.931395741231606,0.931395741231606,0.823469813195882,0.10792592803572398,0.18333333333333332,0.17653018680411803,0.33125
ACH-000335,0.9874645582474655,0.861026348787067,0.86197904872319,0.746803722528533,0.11517532619465698,0.014583333333333334,0.253196277471467,0.9041666666666667
ACH-000343,1.428115736445065,1.19054935457465,1.20254378483648,0.82469775293339,0.37784603190308996,0.9541666666666667,0.17530224706661002,0.3229166666666667
ACH-000344,1.0432390423597415,0.916926490792558,0.922615377899842,0.837561675217434,0.08505370268240808,0.14166666666666666,0.16243832478256603,0.22708333333333333
ACH-000347,1.263576438198595,1.231458468921315,1.24201175615057,0.888088457846857,0.35392329830371294,0.975,0.11191154215314303,0.06041666666666667
ACH-000351,1.164066616814735,0.9883140985834116,0.9988791748285575,0.811299895320089,0.18757927950846853,0.60625,0.18870010467991105,0.48541666666666666
ACH-000352,1.20310203546673,0.945550951639551,0.954226447103967,0.8556773145768499,0.09854913252711706,0.35833333333333334,0.14432268542315008,0.13958333333333334
ACH-000356,0.909795549636274,0.986459573539148,0.984539649965299,0.725296127454953,0.259243522510346,0.55625,0.274703872545047,0.9625
ACH-000359,0.809789589298011,0.833329186994923,0.832378662172653,0.7446188228176855,0.08775983935496745,0.0020833333333333333,0.25538117718231446,0.91875
ACH-000361,0.8900310273598084,0.93155648248747,0.920304482763124,0.7669032895213255,0.15340119324179857,0.125,0.23309671047867453,0.8375
ACH-000364,1.361859555339395,1.10938296187349,1.2048291123774,0.785809788421844,0.41901932395555597,0.9604166666666667,0.214190211578156,0.70625
ACH-000367,1.20649466011161,0.942264080142481,0.943075552151759,0.8173427182985725,0.12573283385318645,0.24791666666666667,0.18265728170142748,0.41875
ACH-000368,1.420055629040545,0.9658305907978866,0.9813196497994261,0.7912136368386051,0.19010601296082097,0.5375,0.20878636316139487,0.6645833333333333
ACH-000374,1.43497321549631,1.098261352173965,1.1146831767131848,0.847556539930024,0.26712663678316084,0.85625,0.152443460069976,0.16875
ACH-000375,0.90100029720554,0.8925608214037515,0.8925608214037515,0.733629002538192,0.15893181886555952,0.052083333333333336,0.26637099746180803,0.9479166666666666
ACH-000376,1.17323064171707,1.282743298997925,1.25593218299401,0.859435304724141,0.396496878269869,0.9833333333333333,0.14056469527585902,0.11875
ACH-000383,0.925773746779593,0.933154918560722,0.933154918560722,0.8561801488830381,0.07697476967768391,0.19791666666666666,0.14381985111696194,0.13333333333333333
ACH-000384,1.39796757960436,1.0391789564569751,1.05495518909027,0.833297999517562,0.22165718957270797,0.7583333333333333,0.166702000482438,0.2604166666666667
ACH-000389,1.4320363976513648,1.29842053777243,1.32080579824196,0.7871038086226395,0.5337019896193206,0.99375,0.2128961913773605,0.69375
ACH-000390,1.2503373968983351,0.951285352593465,0.9544146142473785,0.802330062178327,0.15208455206905147,0.3625,0.19766993782167297,0.5520833333333334
ACH-000391,1.31099277636254,1.047981226913345,1.0660608864228451,0.733637673287862,0.33242321313498313,0.78125,0.266362326712138,0.9458333333333333
ACH-000393,1.674330481462915,1.10255031029396,1.134034715841305,0.799128722707944,0.3349059931333611,0.8875,0.200871277292056,0.5770833333333333
ACH-000395,1.26028285632025,1.0172445987726149,1.0504451200217448,0.866844111646237,0.18360100837550786,0.7479166666666667,0.13315588835376302,0.1
ACH-000396,1.0718643186111694,0.961628224238736,0.961628224238736,0.8123606512372161,0.14926757300151983,0.42916666666666664,0.18763934876278388,0.47708333333333336
ACH-000397,1.32645847645975,1.10619551405919,1.10674495075825,0.829278892480574,0.2774660582776761,0.84375,0.17072110751942604,0.28125
ACH-000401,1.205944947380055,0.9523730579809815,0.9523730579809815,0.7875784772378049,0.16479458074317654,0.33958333333333335,0.21242152276219506,0.6895833333333333
ACH-000403,1.2973817172437951,1.159855255395025,1.1779896252102802,0.870558333630332,0.3074312915799482,0.93125,0.12944166636966803,0.09166666666666666
ACH-000404,1.10150603412393,1.10850363831035,1.10599941903031,0.82072151799482,0.28527790103549,0.8416666666666667,0.17927848200518004,0.3770833333333333
ACH-000407,1.35451675912746,0.996307854001805,1.016003538090585,0.762981517151114,0.253022020939471,0.65625,0.23701848284888605,0.85
ACH-000408,1.0364109516710815,0.964389711025506,0.964389711025506,0.855943939020063,0.10844577200544292,0.44375,0.14405606097993695,0.13541666666666666
ACH-000411,1.175344476722215,0.939568168806303,0.957936668362816,0.813554564445813,0.144382103917003,0.39166666666666666,0.18644543555418702,0.45625
ACH-000414,0.9037969772472705,0.936716168619615,0.936716168619615,0.7641317020741274,0.17258446654548765,0.21041666666666667,0.2358682979258726,0.8458333333333333
ACH-000415,1.1114465003449698,0.986743369123397,0.990506694299726,0.7395972633347581,0.250909430964968,0.575,0.26040273666524194,0.93125
ACH-000416,1.181213721680165,0.973062510618095,0.9808443866740979,0.826793860198392,0.15405052647570594,0.5333333333333333,0.17320613980160804,0.30416666666666664
ACH-000417,1.112919571700388,0.962186823981804,0.962186823981804,0.845715001281679,0.11647182270012502,0.4354166666666667,0.15428499871832102,0.18125
ACH-000418,1.38914676793555,1.1570372691445199,1.18293569099781,0.790117513389114,0.392818177608696,0.9375,0.20988248661088604,0.66875
ACH-000420,1.25304682639867,0.998326461605466,1.00773077749261,0.89279938520915,0.11493139228346005,0.6291666666666667,0.10720061479084997,0.05416666666666667
ACH-000421,1.39439612442655,1.0020313123808176,1.071003542364305,0.834121365947677,0.2368821764166279,0.7875,0.16587863405232295,0.24791666666666667
ACH-000423,1.0356385642067174,1.033997474581645,1.033997474581645,0.869652764791991,0.16434470978965388,0.7104166666666667,0.13034723520800895,0.09583333333333334
ACH-000425,0.838757386256377,0.966989019091141,0.966551656624767,0.7775447045865921,0.18900695203817497,0.4625,0.22245529541340792,0.775
ACH-000427,1.35967410917034,1.240314451845665,1.28073865820482,0.8453559245876,0.4353827336172199,0.9875,0.1546440754124,0.18541666666666667
ACH-000428,1.143254458883755,0.906188505712964,0.922078795080245,0.846628846106181,0.07544994897406399,0.1375,0.15337115389381895,0.17708333333333334
ACH-000429,1.3225511410513051,0.971022506115217,0.983145308732212,0.997334637034,-0.014189328301788096,0.5479166666666667,0.002665362965999951,0.00625
ACH-000433,1.1113686478577551,0.9959448761360565,1.014139021505895,0.827905539088546,0.18623348241734894,0.6520833333333333,0.17209446091145397,0.29375
ACH-000434,1.1136341287227725,0.957641245722382,0.957641245722382,0.821383670480913,0.13625757524146898,0.38958333333333334,0.178616329519087,0.36875
ACH-000437,1.001032751680022,0.960596160683162,0.960596160683162,0.795413362599263,0.16518279808389902,0.4166666666666667,0.20458663740073701,0.6166666666666667
ACH-000441,0.871313730111537,0.949636995492546,0.933180549507341,0.848861048856817,0.08431950065052396,0.2,0.151138951143183,0.15625
ACH-000444,1.3434335617912398,0.98230175742871,0.98288696192936,0.7726438133367445,0.2102431485926155,0.5458333333333333,0.22735618666325552,0.80625
ACH-000445,1.36125145337544,1.02200043908869,1.022102925050595,0.8162795570863646,0.2058233679642305,0.6854166666666667,0.18372044291363543,0.42916666666666664
ACH-000447,1.1314142684234252,0.930134981993,0.9372112399780235,0.7951921008662735,0.14201913911175001,0.2125,0.20480789913372655,0.6208333333333333
ACH-000449,1.152245230495625,0.919307182591121,0.922693247576488,0.7452365094213015,0.17745673815518648,0.14375,0.2547634905786985,0.9145833333333333
ACH-000450,0.867315680436654,0.91109973512905,0.903506589160723,0.7913037081232039,0.11220288103751908,0.0625,0.20869629187679606,0.6625
ACH-000452,1.25601912854827,1.02673734147934,1.05519179252919,0.8384891618040651,0.21670263072512497,0.7604166666666666,0.16151083819593492,0.22291666666666668
ACH-000454,1.1067819289308614,0.9796916971395391,0.9796916971395391,0.8233441371878474,0.1563475599516917,0.525,0.17665586281215262,0.3333333333333333
ACH-000456,1.01059069184181,0.9753683286041386,0.980515125204382,0.7360970818804069,0.2444180433239751,0.5270833333333333,0.2639029181195931,0.9395833333333333
ACH-000457,0.981097031376926,0.9459992549418735,0.9459992549418735,0.8519615619641725,0.09403769297770104,0.275,0.1480384380358275,0.14791666666666667
ACH-000458,1.18687346628873,0.996390180421211,1.016116777291305,0.802381586780198,0.2137351905111069,0.6583333333333333,0.197618413219802,0.55
ACH-000461,1.2520058407754902,1.00209547500782,1.00623196268345,0.833074395125568,0.17315756755788192,0.6270833333333333,0.16692560487443198,0.2625
ACH-000463,0.954351582914106,0.93782372575016,0.9421369619736065,0.7844037791957095,0.15773318277789705,0.24166666666666667,0.21559622080429053,0.7229166666666667
ACH-000467,0.9584082764429365,1.09836546057783,1.0964470135224,0.869979876255462,0.226467137266938,0.8291666666666667,0.13002012374453797,0.09375
ACH-000468,1.09887865175785,1.0598057461207548,1.07313100722112,0.838527542989662,0.23460346423145795,0.7895833333333333,0.16147245701033797,0.22083333333333333
ACH-000469,1.21935019651886,1.18687290956762,1.20311155304324,0.811373707908442,0.3917378451347979,0.95625,0.188626292091558,0.48333333333333334
ACH-000471,1.09757700481329,1.1314409300142398,1.1314409300142398,0.8132201168028395,0.3182208132114004,0.8791666666666667,0.18677988319716055,0.4583333333333333
ACH-000472,1.24926149219074,0.966133127254132,0.972734803592482,0.818851775832866,0.15388302775961604,0.49583333333333335,0.18114822416713405,0.39791666666666664
ACH-000473,0.767059130302949,0.913398596420413,0.9117593898965499,0.773205275860129,0.13855411403642093,0.09166666666666666,0.226794724139871,0.8041666666666667
ACH-000476,1.1512785533796301,0.8371066936575879,0.8618860205769561,0.866881828999362,-0.0049958084224058785,0.0125,0.13311817100063805,0.09791666666666667
ACH-000477,1.1122744739922799,1.22152825995944,1.196684649023195,0.899122276374139,0.29756237264905605,0.9458333333333333,0.100877723625861,0.04375
ACH-000479,1.15716316287675,0.980860906968657,0.9911924103518486,0.829654535948323,0.16153787440352563,0.5770833333333333,0.17034546405167705,0.27708333333333335
ACH-000480,1.5569732422707498,0.96546624709682,0.999732787690832,0.9354766837297515,0.0642561039610805,0.6104166666666667,0.06452331627024854,0.022916666666666665
ACH-000481,0.888239248912899,1.02803463852584,1.026590766903945,0.7793315415955018,0.24725922530844313,0.7,0.22066845840449822,0.75625
ACH-000482,0.982366516956849,1.005533431342104,0.9882996432353025,0.813912761590542,0.17438688164476046,0.5645833333333333,0.18608723840945796,0.45208333333333334
ACH-000484,1.29251522181202,1.06603993539686,1.10408139926351,0.9093049426831079,0.194776456580402,0.8395833333333333,0.09069505731689209,0.03125
ACH-000486,0.9944865667560641,0.865482577820209,0.865482577820209,0.752674229048553,0.11280834877165602,0.01875,0.24732577095144703,0.8770833333333333
ACH-000488,1.35400358946843,0.90157975163354,0.90643497333654,0.822313395650789,0.08412157768575101,0.07708333333333334,0.17768660434921102,0.34791666666666665
ACH-000493,1.207661807931605,1.00724263716943,1.01413815481022,0.792749530672232,0.221388624137988,0.65,0.20725046932776803,0.6479166666666667
ACH-000495,0.9897244911182814,0.936865946746029,0.937547650398843,0.7705412845874859,0.16700636581135708,0.21666666666666667,0.22945871541251406,0.8270833333333333
ACH-000496,1.01731880947686,1.03835426894216,1.03136519368486,0.7219531582260705,0.3094120354587895,0.7083333333333334,0.27804684177392947,0.9666666666666667
ACH-000500,0.881090268621064,0.905720053121304,0.904908490825246,0.793497199640171,0.11141129118507509,0.07083333333333333,0.20650280035982904,0.6416666666666667
ACH-000502,1.04409969149785,0.932715775853661,0.949587988883089,0.858428904001626,0.09115908488146307,0.30833333333333335,0.14157109599837403,0.12291666666666666
ACH-000503,1.1949340830202049,1.02387656064947,1.04589829146763,0.798770699500398,0.247127591967232,0.7375,0.20122930049960197,0.5791666666666667
ACH-000504,1.286403573916705,1.06869769070439,1.06869769070439,0.8242527791415445,0.24444491156284542,0.7833333333333333,0.1757472208584555,0.32708333333333334
ACH-000505,1.47836634993072,1.2784414608103,1.28040746184988,0.8014955636999874,0.47891189814989255,0.9854166666666667,0.19850443630001258,0.5583333333333333
ACH-000510,0.839515984089111,0.937002613513586,0.9131140439110585,0.877750954309723,0.035363089601335496,0.09791666666666667,0.12224904569027695,0.07708333333333334
ACH-000516,1.27181364062061,1.10517378672682,1.16459637378585,0.821432995090484,0.34316337869536606,0.925,0.17856700490951605,0.36666666666666664
ACH-000517,1.135405258327131,1.18376756353585,1.18376756353585,0.904339143637066,0.279428419898784,0.9395833333333333,0.09566085636293398,0.035416666666666666
ACH-000521,1.1314206807107505,0.968076951195081,0.968435027938869,0.8145770997936386,0.15385792814523047,0.475,0.18542290020636143,0.4395833333333333
ACH-000524,1.21618871354036,1.1708553915813,1.189464952311405,0.835762789210473,0.35370216310093194,0.94375,0.16423721078952702,0.23333333333333334
ACH-000527,1.212565984619435,1.15762871509694,1.15762871509694,0.8046002476513728,0.35302846744556715,0.9145833333333333,0.19539975234862716,0.5333333333333333
ACH-000528,1.11590824233417,0.978776332902805,0.9969119222245959,0.794621731857127,0.20229019036746887,0.5958333333333333,0.20537826814287297,0.63125
ACH-000532,1.4672222568556652,0.975076285158979,0.980748020063961,0.778464440145573,0.20228357991838797,0.53125,0.22153555985442697,0.76875
ACH-000535,1.74203038132192,1.38944213565948,1.4017254765299,0.960888939797348,0.4408365367325521,1.0,0.03911106020265198,0.0125
ACH-000537,1.23224234717336,0.9999501078336015,0.999999860355222,1.0,-1.3964477796335473e-07,0.6125,0.0,0.003125
ACH-000542,0.882718144760743,0.924297165237251,0.924094146753333,0.821177351714696,0.10291679503863704,0.15,0.17882264828530403,0.37083333333333335
ACH-000544,1.19783367789882,0.908115952040612,0.913452473195231,0.7785879684944494,0.1348645047007816,0.1,0.22141203150555056,0.7625
ACH-000545,0.995763733807337,1.0011170617533955,0.999367817852571,0.785336322459603,0.21403149539296795,0.6083333333333333,0.21466367754039695,0.7104166666666667
ACH-000549,0.909378252080417,0.906918083403173,0.9081481677417951,0.8259941466474165,0.08215402109437853,0.08333333333333333,0.17400585335258345,0.3125
ACH-000552,0.864968722752137,0.9234204728560125,0.923124897312266,0.8103020911113485,0.11282280620091745,0.14583333333333334,0.18969790888865146,0.49375
ACH-000553,1.316914742004705,0.978875043400578,0.999999974940165,0.8063585154370608,0.19364145950310419,0.6145833333333334,0.19364148456293917,0.5166666666666667
ACH-000558,1.705638883784655,1.31406009401031,1.33835051155439,0.8388140401134689,0.49953647144092117,0.9958333333333333,0.16118595988653106,0.21458333333333332
ACH-000561,1.20594308929403,0.917350198566007,0.925392602373525,0.7584560373672816,0.16693656500624343,0.15833333333333333,0.24154396263271838,0.8666666666666667
ACH-000562,0.928302878256251,0.9506198249467885,0.941026254592537,0.817024148581729,0.12400210601080797,0.23541666666666666,0.182975851418271,0.42083333333333334
ACH-000563,1.186142729073165,0.984924867941142,1.00276302763227,0.785088244015659,0.21767478361661108,0.6229166666666667,0.21491175598434098,0.71875
ACH-000565,1.241582181525825,0.955189884727651,0.958677076656371,0.776231055963035,0.18244602069333604,0.4,0.223768944036965,0.78125
ACH-000566,1.0859619031329775,0.936763652847182,0.9457470563967254,0.8047702025141605,0.14097685388256487,0.26875,0.19522979748583946,0.53125
ACH-000569,0.850468228972054,0.9121403311328116,0.911900447668184,0.819954291025191,0.091946156642993,0.09375,0.18004570897480898,0.38333333333333336
ACH-000570,0.9548634797294184,1.0133617578725849,1.01032657013061,0.796266892757163,0.2140596773734469,0.6375,0.203733107242837,0.6083333333333333
ACH-000571,1.152363329688745,0.943571851116653,0.946963435326831,0.8125529011725989,0.1344105341542321,0.2833333333333333,0.18744709882740107,0.47291666666666665
ACH-000572,1.2656955233332599,0.9538065343492426,0.967204952914807,0.820340882365362,0.14686407054944506,0.46875,0.17965911763463804,0.37916666666666665
ACH-000573,1.12437055149379,1.13310031982033,1.13310031982033,0.792867316998364,0.340233002821966,0.8833333333333333,0.207132683001636,0.6458333333333334
ACH-000579,1.079378298415905,0.9916294996900575,1.0166797074110732,0.8568314127740504,0.15984829463702277,0.6625,0.1431685872259496,0.13125
ACH-000582,1.097921472977025,0.969684102267155,0.969684102267155,0.8140235791826596,0.1556605230844954,0.48333333333333334,0.18597642081734045,0.44583333333333336
ACH-000587,1.15006243582413,0.9158113497881271,0.9244859589322401,0.773740253804803,0.150745705127437,0.15208333333333332,0.22625974619519695,0.7958333333333333
ACH-000589,0.9168359244700721,0.953494187164288,0.952895263393529,0.774698970536072,0.17819629285745708,0.34791666666666665,0.22530102946392805,0.7875
ACH-000592,1.156380429124615,1.1274569107713601,1.1274569107713601,0.840533806942487,0.2869231038288731,0.875,0.15946619305751297,0.20833333333333334
ACH-000593,1.13530916911704,0.974307548280579,0.9811936479366334,0.859777591242928,0.12141605669370548,0.5354166666666667,0.14022240875707204,0.11666666666666667
ACH-000595,1.24732912165534,0.996358353129936,0.99821277921238,0.8987436166292375,0.09946916258314253,0.6041666666666666,0.10125638337076248,0.04583333333333333
ACH-000599,1.07352978522811,0.91260742835183,0.9164661358734361,0.834451295368166,0.08201484050527008,0.10833333333333334,0.16554870463183402,0.24583333333333332
ACH-000601,0.878178095582069,0.9208077335354,0.9168511998717935,0.783290975574432,0.13356022429736158,0.1125,0.21670902442556805,0.7375
ACH-000603,1.1634829082943798,0.958159356199788,0.962123032805288,0.8145032342202434,0.1476197985850446,0.43333333333333335,0.1854967657797566,0.44166666666666665
ACH-000605,0.931345010485809,0.9199202924754255,0.9199202924754255,0.745860233396195,0.1740600590792305,0.12291666666666666,0.254139766603805,0.9125
ACH-000609,0.835996831957123,0.882298448614568,0.880311441624181,0.7541129727504141,0.12619846887376684,0.03125,0.2458870272495859,0.8729166666666667
ACH-000613,1.18484179195184,0.95022032612773,0.966752482205296,0.741445150365539,0.22530733183975693,0.46458333333333335,0.25855484963446096,0.9270833333333334
ACH-000614,1.14331381273142,0.9879583954869755,0.9900824204483025,0.7735591139693321,0.21652330647897045,0.5708333333333333,0.22644088603066792,0.8
ACH-000618,1.0958776915990815,0.967878680095024,0.967878680095024,0.8439797588337414,0.12389892126128255,0.4708333333333333,0.15602024116625857,0.19166666666666668
ACH-000619,0.935161158270791,0.950639082202669,0.9455976933110355,0.7783317490666954,0.16726594424434005,0.26666666666666666,0.22166825093330456,0.7708333333333334
ACH-000620,0.923071230514318,0.969805483131915,0.9691876950328785,0.844138915257137,0.12504877977574147,0.4791666666666667,0.15586108474286298,0.18958333333333333
ACH-000622,1.139345694893119,1.1099491412846,1.1099491412846,0.89259823587876,0.21735090540584012,0.8458333333333333,0.10740176412124003,0.05625
ACH-000624,1.23878811801632,1.1229905683797101,1.15501918161058,0.822206399366601,0.3328127822439789,0.9125,0.177793600633399,0.35
ACH-000625,0.952572453679138,1.0601442710904951,1.05185921217556,0.8227541256829615,0.22910508649259864,0.75,0.17724587431703853,0.34375
ACH-000627,1.0904180769961065,0.9467725882549245,0.9531936560801355,0.785476889226673,0.16771676685346248,0.35,0.21452311077332697,0.7083333333333334
ACH-000628,0.926604625127676,0.980360521000173,0.978783154767003,0.8335954922036836,0.1451876625633194,0.5208333333333334,0.16640450779631644,0.25833333333333336
ACH-000630,0.961007799834728,1.09274285117795,1.0630640447302402,0.88459294147246,0.17847110325778015,0.775,0.11540705852753996,0.06666666666666667
ACH-000632,0.924762240160634,1.15995704234038,1.11594812902597,0.8291701920630921,0.286777936962878,0.8604166666666667,0.17082980793690794,0.2833333333333333
ACH-000637,1.19226425338595,1.0030918764371615,1.04303820594197,0.814084064836097,0.2289541411058731,0.7291666666666666,0.18591593516390303,0.44375
ACH-000643,0.9533877463812055,0.904210205904877,0.904210205904877,0.829103362324065,0.07510684358081199,0.06666666666666667,0.170896637675935,0.28541666666666665
ACH-000647,1.2572825862439099,0.945349602224556,0.950167883042387,0.8008106994072051,0.1493571836351819,0.31875,0.19918930059279494,0.5645833333333333
ACH-000648,1.08320875574217,1.0113015528103,1.01490683857418,0.7936990852732095,0.22120775330097042,0.6541666666666667,0.20630091472679046,0.6354166666666666
ACH-000649,1.186264467127025,1.09327926601798,1.1141544994504349,0.844389355345725,0.26976514410470986,0.8541666666666666,0.155610644654275,0.1875
ACH-000650,1.112590949000374,0.943847179222511,0.943847179222511,0.798144781267757,0.14570239795475404,0.25625,0.201855218732243,0.5875
ACH-000651,0.855493350420832,0.966648668443387,0.9471443474671646,0.7875407095839662,0.15960363788319842,0.28541666666666665,0.21245929041603384,0.6916666666666667
ACH-000652,0.957163815155911,0.952647796568366,0.9527101310841,0.848418449606242,0.10429168147785794,0.3416666666666667,0.15158155039375798,0.16041666666666668
ACH-000657,0.846981935343331,0.870855978822768,0.8672640578725455,0.770206955980297,0.09705710189224848,0.020833333333333332,0.22979304401970302,0.8291666666666667
ACH-000661,0.840695614667829,0.889588246906809,0.889588246906809,0.794635541949824,0.09495270495698505,0.041666666666666664,0.205364458050176,0.6291666666666667
ACH-000662,0.896956726572937,0.985211599514484,0.977856575844367,0.7853266207965397,0.19252995504782733,0.5125,0.2146733792034603,0.7125
ACH-000663,1.2661957233305299,0.890656432766565,0.921087111214671,0.7789654912809205,0.1421216199337505,0.13125,0.22103450871907948,0.7583333333333333
ACH-000665,1.0758551770971474,1.019485568425753,1.019485568425753,0.8305743481606835,0.18891122026506957,0.66875,0.16942565183931646,0.2708333333333333
ACH-000666,1.09298953537166,1.31053689592723,1.24374984305852,0.829329629126732,0.4144202139317881,0.9791666666666666,0.17067037087326797,0.2791666666666667
ACH-000667,1.059929641419148,0.9862476399030855,0.9862476399030855,0.7896529962224365,0.19659464368064905,0.5604166666666667,0.21034700377756355,0.6729166666666667
ACH-000669,1.30270631461492,1.203835327656515,1.23047977349896,0.835889957663922,0.39458981583503805,0.9666666666666667,0.16411004233607795,0.23125
ACH-000670,0.937350312620141,0.900355021667559,0.920684324924621,0.771322159951319,0.14936216497330201,0.12916666666666668,0.22867784004868097,0.8166666666666667
ACH-000671,0.966035408121726,0.939426382228729,0.9487877745315281,0.7649565684946855,0.18383120603684255,0.30625,0.23504343150531448,0.84375
ACH-000672,1.31669598698791,1.021579760105545,1.04315952021109,0.820772019219271,0.22238750099181892,0.73125,0.179227980780729,0.3729166666666667
ACH-000674,0.882433992859564,0.8904122872738395,0.890000654300151,0.7776027675403044,0.11239788675984652,0.04375,0.22239723245969556,0.7729166666666667
ACH-000677,0.899024557224354,0.979934228797612,0.977054561018609,0.7985116692299901,0.17854289178861893,0.5104166666666666,0.20148833077000994,0.5833333333333334
ACH-000678,1.112390592032844,0.9403940280233525,0.9537084166554339,0.8475754022787385,0.10613301437669542,0.35208333333333336,0.1524245977212615,0.16666666666666666
ACH-000679,1.29336287119817,0.9623930741212214,0.965480077498342,0.84661143671442,0.11886864078392201,0.4583333333333333,0.15338856328558004,0.17916666666666667
ACH-000680,1.7873112000874,1.02539150345153,1.11852090635744,0.843205626412323,0.27531527994511695,0.8645833333333334,0.156794373587677,0.19583333333333333
ACH-000681,1.0635745707270852,1.09058888389673,1.08904518322669,0.835363354687886,0.25368182853880406,0.8166666666666667,0.16463664531211397,0.23541666666666666
ACH-000682,0.918272690242111,0.860994953769773,0.864320124535664,0.7610122388118614,0.10330788572380256,0.016666666666666666,0.23898776118813858,0.8583333333333333
ACH-000684,0.897672743954623,0.980022307204188,0.9701550093859326,0.7658641430064608,0.2042908663794718,0.48541666666666666,0.23413585699353923,0.8416666666666667
ACH-000685,1.13584376668595,1.00000913313792,1.079365808568315,0.7587565304091319,0.32060927815918316,0.8020833333333334,0.24124346959086806,0.8645833333333334
ACH-000688,1.0373893351229349,1.05662714880444,1.05662714880444,0.839590260647151,0.21703688815728905,0.7645833333333333,0.16040973935284897,0.21041666666666667
ACH-000693,1.105298526365031,0.985762266121223,0.994204681616862,0.817547753016566,0.17665692860029603,0.5854166666666667,0.18245224698343399,0.40625
ACH-000694,1.499826255585895,0.973797538648811,1.0000068529578,0.746394470465417,0.25361238249238294,0.6166666666666667,0.25360552953458304,0.90625
ACH-000696,1.20123527197316,0.998635584847606,1.01269871262167,0.817432041323453,0.19526667129821695,0.64375,0.18256795867654696,0.4125
ACH-000701,1.31144834856766,1.272510344315355,1.28597707281302,0.860409403964003,0.425567668849017,0.9895833333333334,0.139590596035997,0.1125
ACH-000704,1.04385565483299,0.984228296965672,0.9870486917632706,0.783826708667329,0.20322198309594164,0.5625,0.21617329133267105,0.73125
ACH-000711,0.909650365695885,0.96543493445261,0.946223299278864,0.8173469849178188,0.12887631436104519,0.27708333333333335,0.18265301508218124,0.4166666666666667
ACH-000713,1.253489955624985,1.15930075568335,1.16357610391397,0.7894694737478503,0.3741066301661198,0.9229166666666667,0.21053052625214974,0.6791666666666667
ACH-000715,1.16410910630559,1.119872826567955,1.13016504429665,0.8340855248255268,0.2960795194711232,0.8770833333333333,0.16591447517447322,0.25
ACH-000716,1.13373521986627,0.8860230257841345,0.890341448716556,0.803822023378502,0.08651942533805401,0.04583333333333333,0.19617797662149805,0.5375
ACH-000717,1.21181160275991,0.9780530204783544,0.978482283387658,0.829837042634895,0.14864524075276297,0.5166666666666667,0.170162957365105,0.275
ACH-000719,1.40065402651416,0.9616641455091786,0.9670153155579285,0.829968391406082,0.1370469241518465,0.4666666666666667,0.17003160859391797,0.27291666666666664
ACH-000720,1.3879036157987,1.356389219700885,1.36022059663653,0.814732478755733,0.545488117880797,0.9979166666666667,0.18526752124426704,0.4375
ACH-000721,0.989713858879016,0.929367623846108,0.938620083006249,0.801568250933175,0.13705183207307403,0.22083333333333333,0.19843174906682504,0.55625
ACH-000723,0.962956015909413,0.9054926319477661,0.9054926319477661,0.808257356237362,0.09723527571040413,0.07291666666666667,0.19174264376263805,0.5083333333333333
ACH-000724,1.330070042112635,1.01879915075013,1.02236596834589,0.82160070824386,0.2007652601020301,0.6875,0.17839929175614,0.3625
ACH-000726,1.29051204666061,0.9773937137787145,0.98363245764273,0.769613129110273,0.21401932853245698,0.55,0.23038687088972698,0.8333333333333334
ACH-000730,1.0981250429896852,0.9373222303580095,0.9497363358172786,0.7352526349480044,0.21448370086927415,0.3145833333333333,0.2647473650519956,0.9416666666666667
ACH-000732,0.8494761417354655,0.912279850354093,0.912279850354093,0.825141164887931,0.08713868546616199,0.09583333333333334,0.174858835112069,0.31666666666666665
ACH-000733,1.32271483257231,1.178813131877145,1.198645314662115,0.87548594196676,0.323159372695355,0.95,0.12451405803324,0.08125
ACH-000734,0.9194624444314425,0.9509699928770685,0.9509699928770685,0.7708495811042,0.18012041177286853,0.32708333333333334,0.2291504188958,0.8208333333333333
ACH-000735,0.891693837482505,0.903954531105434,0.90271528838273,0.727882318972498,0.17483296941023196,0.06041666666666667,0.272117681027502,0.9583333333333334
ACH-000736,0.8349058764627955,0.92035168196084,0.90607520867978,0.6990818073150258,0.2069934013647542,0.075,0.3009181926849742,0.9895833333333334
ACH-000738,1.33373584019371,0.9885344276270096,1.01167711337752,0.812613282529433,0.199063830848087,0.6395833333333333,0.187386717470567,0.4708333333333333
ACH-000741,1.1070474227705105,0.95177581374073,0.95177581374073,0.7794460542583135,0.17232975948241647,0.33125,0.22055394574168652,0.7520833333333333
ACH-000744,1.221029454523775,1.01719881705427,1.03896300979276,0.8034239840160295,0.23553902577673047,0.7270833333333333,0.19657601598397045,0.5395833333333333
ACH-000747,1.21839868702257,1.00559069002233,1.02270147909109,0.751243510747688,0.27145796834340197,0.6916666666666667,0.24875648925231197,0.8895833333333333
ACH-000748,1.21634809980078,1.04550823184995,1.06356467471566,0.8807278270043,0.18283684771136,0.7770833333333333,0.11927217299570003,0.07291666666666667
ACH-000749,0.861718841769223,0.852928706845606,0.858578882814769,0.7373263272436155,0.12125255557115355,0.008333333333333333,0.26267367275638454,0.9354166666666667
ACH-000750,0.905913298855514,0.985428720927282,0.9850759608054815,0.748018963642464,0.23705699716301754,0.5583333333333333,0.251981036357536,0.8979166666666667
ACH-000753,1.22411708365051,0.9061862452188816,0.921405526965586,0.822596777761814,0.09880874920377203,0.13333333333333333,0.17740322223818605,0.3458333333333333
ACH-000756,0.9651411521691114,0.959116420498583,0.959116420498583,0.7202955429041775,0.2388208775944055,0.40625,0.2797044570958225,0.9708333333333333
ACH-000758,1.32701053034116,1.154646133644655,1.1603998862310099,0.941331368842641,0.21906851738836886,0.91875,0.058668631157358986,0.016666666666666666
ACH-000759,1.093072595159355,1.16313636072825,1.16313636072825,0.937944718414232,0.22519164231401811,0.9208333333333333,0.06205528158576801,0.020833333333333332
ACH-000762,1.0484201515865894,0.8722719956385769,0.879334118985551,0.7743893455606664,0.10494477342488462,0.029166666666666667,0.2256106544393336,0.7916666666666666
ACH-000764,1.40092128229135,0.941580465010945,0.951954503287589,0.8029023366529815,0.14905216663460752,0.33541666666666664,0.1970976633470185,0.5458333333333333
ACH-000765,1.230478050305905,0.954947224845274,0.955897792867421,0.8856316973334831,0.07026609553393792,0.36666666666666664,0.11436830266651687,0.06458333333333334
ACH-000766,1.007413378021875,0.995901968249652,0.995901968249652,0.7927020170777008,0.20319995117195122,0.5895833333333333,0.20729798292229917,0.65
ACH-000768,0.9123739832012105,1.0032500533134,1.00170465660385,0.7793895259364474,0.22231513066740272,0.6208333333333333,0.2206104740635526,0.7541666666666667
ACH-000769,1.0484781407689345,0.962399273374859,0.965053332215199,0.804410984437601,0.160642347777598,0.45416666666666666,0.19558901556239905,0.5354166666666667
ACH-000771,1.1756685380483298,0.9471547827408116,0.951960883363222,0.84853744277504,0.10342344058818209,0.3375,0.15146255722496005,0.15833333333333333
ACH-000774,0.9847496346840696,1.23913230268531,1.23440656204192,0.92370158799763,0.31070497404429,0.96875,0.07629841200236998,0.025
ACH-000775,1.0700806993151344,1.2414123596444648,1.235393773184665,0.9214806779618705,0.3139130952227944,0.9708333333333333,0.0785193220381295,0.029166666666666667
ACH-000776,0.9250993585762259,0.94902763985051,0.947944132819212,0.809268209032542,0.13867592378666993,0.29583333333333334,0.19073179096745796,0.5041666666666667
ACH-000777,0.871489724498154,0.9485515840200676,0.9407083762413024,0.775524740642536,0.16518363559876648,0.23333333333333334,0.22447525935746404,0.7854166666666667
ACH-000778,1.008987559734712,0.975397341052887,0.975397341052887,0.766513761132139,0.20888357992074802,0.5,0.23348623886786102,0.8395833333333333
ACH-000781,1.34946928484096,0.948965472619806,0.997052893003306,0.833036164744064,0.16401672825924207,0.5979166666666667,0.16696383525593606,0.26458333333333334
ACH-000783,1.23129642700431,1.18387294298453,1.20202630817141,0.923177022685407,0.27884928548600296,0.9520833333333333,0.07682297731459298,0.027083333333333334
ACH-000784,1.2614893592967,0.9701368575097005,1.0249192067534985,0.8471949122271125,0.17772429452638594,0.6958333333333333,0.15280508777288748,0.17291666666666666
ACH-000785,1.240480660301495,0.96110936186155,0.97584346190083,0.811226737925067,0.164616723975763,0.5020833333333333,0.18877326207493295,0.4875
ACH-000787,1.0244235853105195,0.9537440135615605,0.9537440135615605,0.8229424802974403,0.13080153326412014,0.3541666666666667,0.17705751970255967,0.33958333333333335
ACH-000788,1.07332900375624,0.94536344930419,0.945802393011219,0.7443116931881013,0.20149069982311774,0.2708333333333333,0.2556883068118987,0.9208333333333333
ACH-000791,1.28356637318069,1.00379409214548,1.02025689276582,0.8238317555974415,0.1964251371683785,0.6729166666666667,0.17616824440255852,0.32916666666666666
ACH-000792,1.50651877237933,1.19809098328234,1.21148817875817,0.8510020613237065,0.36048611743446346,0.9625,0.14899793867629352,0.15208333333333332
ACH-000796,1.056056017558185,0.958972222345469,0.961226174522806,0.8062355520228937,0.15499062249991236,0.4270833333333333,0.19376444797710635,0.5208333333333334
ACH-000800,1.388653730357205,0.931739272809239,0.948074331546651,0.796344184128449,0.151730147418202,0.3,0.20365581587155102,0.60625
ACH-000802,1.3797125400319001,0.9813526818061225,0.9836341065631276,0.798423692486006,0.18521041407712158,0.5520833333333334,0.20157630751399402,0.5854166666666667
ACH-000803,1.46139835123485,1.09483937102677,1.13836497954008,0.772443172033715,0.36592180750636505,0.8979166666666667,0.22755682796628496,0.8083333333333333
ACH-000804,0.826494537814343,0.8636965279172399,0.861146161813289,0.710703226842465,0.15044293497082395,0.010416666666666666,0.289296773157535,0.98125
ACH-000805,0.84837563019689,0.937782895893702,0.923858746594604,0.777225826582258,0.14663292001234596,0.14791666666666667,0.22277417341774197,0.7770833333333333
ACH-000808,1.24919124376729,1.1456388813343,1.20337463339217,0.8474415869635028,0.3559330464286672,0.9583333333333334,0.1525584130364972,0.17083333333333334
ACH-000809,0.889003189615792,0.980285612887161,0.972431502976428,0.8207485060883043,0.1516829968881237,0.49375,0.1792514939116957,0.375
ACH-000810,1.35158420162823,1.166040497913555,1.18399500285047,0.853992088345948,0.330002914504522,0.9416666666666667,0.14600791165405202,0.14166666666666666
ACH-000811,1.24185583861786,0.9383739932773485,0.9459388600710994,0.826832191908485,0.11910666816261439,0.27291666666666664,0.173167808091515,0.3020833333333333
ACH-000812,1.049035114521919,0.9960013352541495,0.9960013352541495,0.794620118463047,0.20138121679110244,0.5916666666666667,0.20537988153695297,0.6333333333333333
ACH-000813,1.0849353793138752,0.845753024356142,0.850780686328913,0.672701871001812,0.17807881532710101,0.00625,0.327298128998188,1.0
ACH-000814,0.916314576026134,0.943056302664053,0.9386674762995,0.8139689289372596,0.1246985473622404,0.22291666666666668,0.18603107106274042,0.45
ACH-000819,0.930593221832491,0.969675929819502,0.9641339128468476,0.8221671635943875,0.1419667492524601,0.4395833333333333,0.17783283640561254,0.35208333333333336
ACH-000822,1.27234365949636,1.11592498615781,1.13445321182628,0.8527520217476545,0.2817011900786255,0.89375,0.14724797825234548,0.14375
ACH-000823,1.2459756359669552,0.940657558826646,0.942654420194409,0.881027213254438,0.061627206939971035,0.24375,0.118972786745562,0.07083333333333333
ACH-000824,1.11861175089874,0.938888390109467,0.9431732506993935,0.762025614237111,0.1811476364622825,0.25,0.23797438576288898,0.8541666666666666
ACH-000826,0.915420087137341,0.937221273138863,0.930719175600863,0.880593551592773,0.050125624008090064,0.18125,0.11940644840722703,0.075
ACH-000827,1.1167201697169609,1.02085363779393,1.02085363779393,0.816987455246737,0.2038661825471929,0.6791666666666667,0.183012544753263,0.42291666666666666
ACH-000832,1.31638212414094,1.05886245973912,1.099976767488515,0.821566422434857,0.278410345053658,0.8333333333333334,0.178433577565143,0.3645833333333333
ACH-000833,1.16578970416807,1.23653250091846,1.23653250091846,0.809833491536537,0.42669900938192296,0.9729166666666667,0.19016650846346295,0.4979166666666667
ACH-000834,0.7452810277347185,1.14185212279696,1.13442674873958,0.743411853944606,0.3910148947949741,0.8895833333333333,0.25658814605539404,0.9229166666666667
ACH-000835,1.31537302459401,1.137123549524485,1.1520080171161,0.847163077096443,0.304844940019657,0.90625,0.152836922903557,0.175
ACH-000836,0.882689548919348,0.918649835212338,0.915973888703829,0.833909164399382,0.082064724304447,0.10625,0.166090835600618,0.25625
ACH-000837,1.0218386910560515,0.994851600021932,0.994851600021932,0.8276504471319065,0.16720115289002546,0.5875,0.1723495528680935,0.29583333333333334
ACH-000839,0.972070332753273,0.916380315422692,0.921646230104904,0.782741352700764,0.13890487740414004,0.13541666666666666,0.21725864729923605,0.7416666666666667
ACH-000840,1.23783241465911,1.13992703998536,1.1817339595014902,0.8131187567460361,0.3686152027554541,0.9333333333333333,0.18688124325396394,0.4625
ACH-000841,1.14430501717027,0.9608112458690545,0.9608112458690545,0.773381665756498,0.1874295801125565,0.42083333333333334,0.22661833424350197,0.8020833333333334
ACH-000842,1.155813587011256,0.9427996918159915,0.966551432509943,0.858275078961259,0.10827635354868403,0.46041666666666664,0.14172492103874101,0.125
ACH-000843,1.26079379992401,1.10560514373759,1.1227045193973049,0.803102203115512,0.3196023162817929,0.8708333333333333,0.19689779688448805,0.5416666666666666
ACH-000845,1.20911284711421,0.9211966765992354,0.926185575141357,0.826252501365949,0.09993307377540805,0.16875,0.17374749863405103,0.3104166666666667
ACH-000846,0.8686089753326764,0.8718794556489371,0.8718794556489371,0.747478093582327,0.12440136206661012,0.027083333333333334,0.252521906417673,0.9
ACH-000847,1.1174411301019245,0.993754459035013,0.993754459035013,0.778490450434456,0.21526400860055706,0.5833333333333334,0.22150954956554403,0.7666666666666667
ACH-000848,1.2661514142649501,1.12859382236799,1.13164926526836,0.7618031268206001,0.36984613844775993,0.88125,0.23819687317939986,0.85625
ACH-000849,1.323262614856275,1.01894618870278,1.0458323968816998,0.7742777202716945,0.2715546766100053,0.7354166666666667,0.2257222797283055,0.79375
ACH-000852,1.13551972052761,1.04531371786505,1.08626489869184,0.896822380206715,0.18944251848512494,0.8083333333333333,0.10317761979328499,0.04791666666666667
ACH-000853,1.27616119960729,0.955348702824366,0.956214708573504,0.81978120689222,0.136433501681284,0.3729166666666667,0.18021879310778,0.3854166666666667
ACH-000855,1.4203618953887598,0.961621973521243,0.964310448479594,0.835012552739228,0.129297895740366,0.44166666666666665,0.16498744726077197,0.2375
ACH-000856,1.2487615492529,0.9423549297762805,0.946617434085762,0.797452625300906,0.14916480878485605,0.2791666666666667,0.202547374699094,0.59375
ACH-000858,1.357531255177025,1.0656842747367299,1.113495851733985,0.794710846369785,0.31878500536420007,0.8520833333333333,0.20528915363021505,0.625
ACH-000860,1.08636552143642,0.94620835318744,0.951874306458314,0.815374048679745,0.136500257778569,0.3333333333333333,0.18462595132025506,0.43333333333333335
ACH-000862,1.034027796663134,0.943178180315183,0.943178180315183,0.7522776837997682,0.19090049651541474,0.2520833333333333,0.24772231620023177,0.88125
ACH-000863,0.9252282138196566,0.934777695441755,0.934777695441755,0.785096899519104,0.14968079592265104,0.20833333333333334,0.214903100480896,0.7166666666666667
ACH-000866,1.16174973576294,1.06892222640357,1.070959260799095,0.7170654217995782,0.35389383899951676,0.7854166666666667,0.2829345782004218,0.975
ACH-000868,1.175834691456385,1.0000002065566,1.03417870127952,0.819748138839137,0.21443056244038305,0.7125,0.180251861160863,0.3875
ACH-000869,1.00072972743216,0.899149347536635,0.9003177777959475,0.809403866430219,0.09091391136572846,0.058333333333333334,0.190596133569781,0.5020833333333333
ACH-000873,0.9337543785720195,0.997592988990509,0.990443732555408,0.752296865959375,0.238146866596033,0.5729166666666666,0.24770313404062505,0.8791666666666667
ACH-000875,1.1343721219342384,0.904222318806051,0.90454326205117,0.791571079491642,0.11297218255952801,0.06875,0.20842892050835804,0.6583333333333333
ACH-000878,0.944757126839757,0.962274444529133,0.9621210716974545,0.809656561726716,0.15246450997073857,0.43125,0.19034343827328404,0.5
ACH-000879,1.08024425898915,1.0987730081135552,1.095333616492,0.746316330015301,0.34901728647669905,0.8270833333333333,0.25368366998469905,0.9104166666666667
ACH-000880,1.04067245879421,0.926385527945079,0.9281420807181384,0.8121180205513434,0.116024060166795,0.175,0.1878819794486566,0.48125
ACH-000881,1.1713030514872451,0.967585971077722,0.980631013934862,0.822090586650448,0.15854042728441398,0.5291666666666667,0.17790941334955201,0.3541666666666667
ACH-000882,0.920465090800938,0.931665644727273,0.931665644727273,0.8347971225529884,0.09686852217428454,0.18541666666666667,0.16520287744701156,0.23958333333333334
ACH-000884,0.960046974624757,0.960617968062274,0.9603324713435155,0.820058751988059,0.14027371935545652,0.41458333333333336,0.179941248011941,0.38125
ACH-000885,1.1145006927113486,0.921858442905796,0.933191630496808,0.725451652128786,0.20773997836802194,0.20208333333333334,0.27454834787121396,0.9604166666666667
ACH-000886,1.118711564123035,1.09789329224995,1.09789329224995,0.7980492263511609,0.2998440658987891,0.83125,0.20195077364883907,0.5916666666666667
ACH-000888,1.2044412089147851,0.970319036845972,0.971356716856343,0.901555227943904,0.06980148891243898,0.4875,0.09844477205609603,0.03958333333333333
ACH-000890,1.1683086760358652,1.11797114665001,1.11797114665001,0.818361460915875,0.29960968573413493,0.8625,0.18163853908412497,0.40208333333333335
ACH-000891,1.0812823829007165,0.947305239660752,0.947305239660752,0.773564809693867,0.173740429966885,0.2875,0.22643519030613302,0.7979166666666667
ACH-000892,1.1200465039737648,1.14765535288499,1.14765535288499,0.838000132256203,0.30965522062878703,0.9020833333333333,0.16199986774379704,0.225
ACH-000893,1.243064231651375,0.9896511118476194,1.020436715711095,0.80029543649281,0.22014127921828497,0.675,0.19970456350719,0.5708333333333333
ACH-000895,0.9908168730699405,1.00003055860561,1.00003055860561,0.760133930666031,0.239896627939579,0.61875,0.23986606933396903,0.8604166666666667
ACH-000896,0.939849924191893,0.928019130020608,0.932115364393457,0.793503640234186,0.13861172415927103,0.19166666666666668,0.20649635976581404,0.6395833333333333
ACH-000897,1.55970717256129,1.24543290090613,1.25227818950819,0.7674098449713089,0.4848683445368811,0.98125,0.23259015502869107,0.8354166666666667
ACH-000898,1.20833193507199,0.9304785030546789,0.932020474701809,0.7985380694842502,0.13348240521755883,0.1875,0.2014619305157498,0.58125
ACH-000899,1.3310780016852,1.07002016568826,1.10159601123523,0.830825878855388,0.27077013237984215,0.8354166666666667,0.16917412114461206,0.26875
ACH-000900,0.9049612317786564,0.984952087835752,0.978514780941104,0.721367697331663,0.25714708360944105,0.51875,0.27863230266833705,0.96875
ACH-000901,1.31644379547645,1.13352274855304,1.160208124239555,0.821845633927925,0.33836249031163,0.9166666666666666,0.17815436607207502,0.35833333333333334
ACH-000903,1.20205907658575,0.997070009867212,0.9979184750305854,0.8392372643133332,0.15868121071725216,0.6020833333333333,0.16076273568666677,0.2125
ACH-000905,1.1084173035054,1.1263875138655348,1.12251158804041,0.751846780731139,0.370664807309271,0.86875,0.24815321926886102,0.8854166666666666
ACH-000906,1.18075763136266,0.9360634420654594,0.941307508708863,0.78889025854299,0.15241725016587304,0.23958333333333334,0.21110974145701,0.6854166666666667
ACH-000909,0.863948830834963,0.924103302107844,0.920680782997833,0.6914157940311233,0.22926498896670966,0.12708333333333333,0.3085842059688767,0.9958333333333333
ACH-000911,1.2109991758845111,0.9405730129846175,0.9405730129846175,0.762726791764816,0.17784622121980154,0.23125,0.23727320823518405,0.8520833333333333
ACH-000913,1.1884757581508198,1.15280475662799,1.15280475662799,0.7520794052595504,0.40072535136843956,0.9104166666666667,0.24792059474044958,0.8833333333333333
ACH-000915,1.0452200974492045,0.9575394159122745,0.9575394159122745,0.819331233239926,0.13820818267234858,0.3875,0.18066876676007404,0.39375
ACH-000916,1.10117611459058,0.9509521611320779,0.9714531628017204,0.794949946305882,0.17650321649583844,0.4895833333333333,0.205050053694118,0.6229166666666667
ACH-000917,0.99857892243133,1.08556029328513,1.0754983437978551,0.741016965968898,0.33448137782895715,0.7958333333333333,0.258983034031102,0.9291666666666667
ACH-000919,1.08439746033949,0.959705857359438,0.9651438449733375,0.783521160962344,0.18162268401099346,0.45625,0.21647883903765597,0.7354166666666667
ACH-000921,0.9734572080021155,0.952758047060596,0.952758047060596,0.786258169512783,0.16649987754781292,0.34375,0.21374183048721695,0.7
ACH-000924,0.870638406030391,0.970701144409614,0.95839248054393,0.8631494994558998,0.0952429810880302,0.3958333333333333,0.1368505005441002,0.10625
ACH-000926,0.979040322277824,0.943246102381781,0.944133830243225,0.863267011786265,0.08086681845695998,0.2604166666666667,0.13673298821373503,0.10416666666666667
ACH-000927,1.2554532720132,1.11125945709006,1.1349480436385,0.95892284725973,0.17602519637877,0.8958333333333334,0.04107715274027002,0.014583333333333334
ACH-000929,1.19170930068011,0.991141694549883,1.02133288208825,0.8129961813781905,0.20833670071005939,0.68125,0.18700381862180948,0.46458333333333335
ACH-000936,1.231711028092895,0.943894202122228,0.948059723814612,0.8665494867345576,0.08151023708005445,0.29791666666666666,0.13345051326544244,0.10208333333333333
ACH-000939,0.8701816357249574,0.953303020702796,0.951320976488557,0.7958834524492195,0.15543752403933742,0.32916666666666666,0.20411654755078046,0.6125
ACH-000940,0.9544184187218375,0.956999488893877,0.956999488893877,0.8008471668248085,0.15615232206906848,0.38333333333333336,0.1991528331751915,0.5625
ACH-000941,1.0280751156427184,0.9499593718417141,0.958705740453893,0.860468258588803,0.09823748186508996,0.40208333333333335,0.13953174141119695,0.11041666666666666
ACH-000943,1.23354457016447,1.214481665762615,1.21580299304528,0.7868248154054391,0.4289781776398409,0.9645833333333333,0.21317518459456086,0.6979166666666666
ACH-000945,0.864027186023963,0.944075925752784,0.933211642917395,0.842955663648427,0.090255979268968,0.20416666666666666,0.157044336351573,0.2
ACH-000946,1.456070302600435,0.941256071129725,0.9612063615527064,0.730652023354266,0.2305543381984404,0.425,0.26934797664573396,0.95625
ACH-000947,0.83619441415366,0.896754018546003,0.8924348054783116,0.7746804884424365,0.11775431703587502,0.05,0.22531951155756347,0.7895833333333333
ACH-000948,0.9132579424668825,0.932498240883134,0.932498240883134,0.7339007480624705,0.19859749282066352,0.19375,0.2660992519375295,0.94375
ACH-000950,1.2557977293261344,1.09063862381231,1.09063862381231,0.7469386503255655,0.3436999734867445,0.8208333333333333,0.2530613496744345,0.9020833333333333
ACH-000954,0.928043975950554,0.957300848482964,0.9560689424660831,0.8062391824452451,0.14982976002083803,0.36875,0.19376081755475494,0.51875
ACH-000955,0.885414517608107,0.921062080718321,0.911210154860857,0.778541693614106,0.13266846124675102,0.08958333333333333,0.22145830638589403,0.7645833333333333
ACH-000956,1.0528332484824419,0.93229607826172,0.937349038277838,0.7968205179600505,0.1405285203177875,0.21458333333333332,0.2031794820399495,0.6
ACH-000957,0.9916752733222756,0.941077050921242,0.941077050921242,0.822002272425858,0.11907477849538406,0.2375,0.177997727574142,0.35625
ACH-000958,1.24064847468063,1.0046145271705802,1.009326134387545,0.791520513914761,0.21780562047278407,0.6333333333333333,0.20847948608523903,0.6604166666666667
ACH-000959,1.073608405210968,0.96496713875625,0.968014431090902,0.81320612122036,0.15480830987054206,0.47291666666666665,0.18679387877964004,0.46041666666666664
ACH-000961,0.883521836627577,0.929123730342547,0.913592460224378,0.789539480901414,0.124052979322964,0.10208333333333333,0.21046051909858599,0.6770833333333334
ACH-000962,0.956659773283194,0.912366026059396,0.9150949383087246,0.786879880881918,0.1282150574268066,0.10416666666666667,0.21312011911808204,0.6958333333333333
ACH-000965,0.899087814758944,0.941530956124811,0.939540731684517,0.7842918445076994,0.15524888717681762,0.22708333333333333,0.2157081554923006,0.725
ACH-000966,1.0447549075018698,0.926236084663878,0.943814797658668,0.785122451342204,0.158692346316464,0.25416666666666665,0.21487754865779596,0.7145833333333333
ACH-000967,1.4050204292999502,1.05736617067433,1.09131431597219,0.834708920282905,0.2566053956892851,0.8229166666666666,0.165291079717095,0.24166666666666667
ACH-000968,1.34365956364802,0.970331229295442,1.0302247961801,0.8073576867640311,0.22286710941606902,0.70625,0.19264231323596892,0.5104166666666666
ACH-000970,1.1881751181283948,1.174364038817495,1.174364038817495,0.939443934861954,0.23492010395554097,0.9291666666666667,0.06055606513804601,0.01875
ACH-000971,1.0066290079020503,0.959448132260468,0.9607957969412111,0.8107155355956561,0.15008026134555497,0.41875,0.18928446440434388,0.49166666666666664
ACH-000972,1.0111190482582655,0.95433552978977,0.95433552978977,0.770721837043748,0.18361369274602202,0.36041666666666666,0.22927816295625203,0.8229166666666666
ACH-000973,1.049864571846781,0.978146124626319,0.978278966159033,0.7535877466324481,0.22469121952658488,0.5145833333333333,0.2464122533675519,0.875
ACH-000974,1.30280497417436,1.0287013084615,1.05188251757779,0.7140438580066375,0.33783865957115244,0.7520833333333333,0.2859561419933625,0.9791666666666666
ACH-000976,0.917637799465924,0.960358663626914,0.959290597825131,0.828214265883877,0.131076331941254,0.4083333333333333,0.17178573411612297,0.28958333333333336
ACH-000977,1.2092910784370399,0.958759574949596,0.95955184859191,0.781282422944823,0.17826942564708703,0.4125,0.21871757705517703,0.7479166666666667
ACH-000978,1.2913522037896499,1.07886143392365,1.08626600185951,0.9633109835972076,0.12295501826230248,0.8104166666666667,0.03668901640279243,0.008333333333333333
ACH-000979,0.914372969026418,0.9261923461714681,0.924988120463735,0.825005997803371,0.09998212266036399,0.15625,0.17499400219662897,0.31875
ACH-000982,1.31063422890391,0.922772298750242,0.926417150868921,0.698113027157529,0.22830412371139197,0.17083333333333334,0.301886972842471,0.9916666666666667
ACH-000984,1.3973084689327,0.9869636488891509,1.0536519017782249,0.797445010775288,0.2562068910029369,0.7541666666666667,0.20255498922471205,0.5958333333333333
ACH-000985,1.24879131202544,0.9582866526646134,0.962558844583858,0.8196575482478079,0.1429012963360501,0.4375,0.1803424517521921,0.38958333333333334
ACH-000987,1.226288049224425,0.97390415369323,0.9827256196008055,0.8289706058923515,0.153755013708454,0.54375,0.1710293941076485,0.2875
ACH-000988,1.14770672508026,1.011362383719135,1.02270667436601,0.807070343275134,0.215636331090876,0.69375,0.19292965672486595,0.5125
ACH-000990,1.085466805534665,0.9842039371366165,0.9934293499639915,0.8193803895999998,0.17404896036399164,0.58125,0.18061961040000019,0.39166666666666666
ACH-000991,1.210003935875375,0.969057999343563,0.969302971934259,0.828187087614273,0.141115884319986,0.48125,0.17181291238572705,0.2916666666666667
ACH-000994,1.16290751177501,0.9622970931659309,0.9648137663599554,0.825625973448512,0.13918779291144345,0.45,0.17437402655148804,0.3145833333333333
ACH-000996,1.089954967361885,1.02163648144842,1.02163648144842,0.789270042543238,0.23236643890518205,0.6833333333333333,0.21072995745676204,0.68125
ACH-000997,1.35772548974545,0.986086680462605,1.02790117763227,0.817491683403421,0.21040949422884891,0.7041666666666667,0.18250831659657896,0.4083333333333333
ACH-001016,0.869249172410404,0.9652768255764865,0.965049988419856,0.833929023379046,0.13112096504081006,0.45208333333333334,0.16607097662095405,0.25416666666666665
ACH-001024,1.0179586697659264,0.938285378015255,0.938285378015255,0.795471753146165,0.14281362486909,0.21875,0.20452824685383497,0.6145833333333334
ACH-001075,0.9906626843302231,0.9320910809463665,0.9320910809463665,0.795365678171429,0.1367254027749375,0.18958333333333333,0.204634321828571,0.61875
ACH-001113,1.63299891608232,1.16087260259343,1.19797946964301,0.821723952462078,0.376255517180932,0.9479166666666666,0.17827604753792203,0.36041666666666666
ACH-001128,0.97626484442659,0.976367216511009,0.9763160304687994,0.7037855188081892,0.27253051166061026,0.50625,0.2962144811918108,0.9854166666666667
ACH-001145,1.2568108127919948,0.9463980749364795,0.9583978437336851,0.772314957104801,0.18608288662888406,0.39791666666666664,0.22768504289519897,0.8125
ACH-001190,1.3633851160438,1.00533030051849,1.016176628390995,0.812902156611333,0.20327447177966196,0.6604166666666667,0.18709784338866697,0.4666666666666667
ACH-001239,0.829445715534117,0.896211681340023,0.8960015114855475,0.8086663424630101,0.08733516902253746,0.05416666666666667,0.19133365753698994,0.50625
ACH-001306,1.0922181740358394,1.11571052949129,1.11571052949129,0.786181863332014,0.3295286661592759,0.8583333333333333,0.213818136667986,0.7020833333333333
ACH-001307,1.1903440216372951,0.9261853266640134,0.9430020793192125,0.8006381657834005,0.14236391353581201,0.24583333333333332,0.19936183421659948,0.5666666666666667
ACH-001318,1.11046169178536,1.05358023172385,1.082020961754605,0.8159124026811065,0.2661085590734985,0.8041666666666667,0.18408759731889346,0.43125
ACH-001321,1.20968676077461,0.889960481880632,0.904088509966641,0.842498518635848,0.061589991330793015,0.06458333333333334,0.15750148136415199,0.20208333333333334
