broad_id,name,moa,target,axis_membership,n_datasets,n_positive_delta,n_FDR_lt_0_05,median_delta,median_mw_auc,min_FDR
BRD-K74057757-001-01-9,indibulin,tubulin polymerization inhibitor,,microtubule_tubulin,4,4,4,0.5029375808575001,0.6549478301322522,7.283449981367443e-05
BRD-K64120610-001-01-4,vinflunine,microtubule inhibitor,,microtubule_tubulin,4,4,4,0.547095576485,0.6535269028871391,4.1804237836806024e-05
BRD-K02407574-001-09-7,parbendazole,tubulin polymerization inhibitor,TUBB,microtubule_tubulin,4,4,4,0.6593991193474998,0.6525712208341596,3.9364151305053886e-05
BRD-K59753975-001-02-6,vindesine,tubulin polymerization inhibitor,"TUBB, TUBB1",microtubule_tubulin,4,4,4,0.58833287541175,0.6463197346453182,0.00014150640800153792
BRD-K86003836-001-10-5,flubendazole,tubulin polymerization inhibitor,TUBB,microtubule_tubulin,4,4,4,0.5459873041750001,0.6458529388779831,2.686816038666694e-05
BRD-K95142244-001-01-5,talazoparib,PARP inhibitor,PARP2,DDR_ATR_CHK_WEE_PARP,4,4,4,0.493467230091,0.6377678967129368,0.0004504000861182
BRD-K77987382-001-13-2,mebendazole,tubulin polymerization inhibitor,"TUBA1A, TUBB, TUBB4B",microtubule_tubulin,4,4,4,0.6016522707150003,0.6330003052561406,0.002178127428711026
BRD-K53665955-001-03-0,MK-5108,Aurora kinase inhibitor,"AURKA, AURKB, AURKC",PLK_Aurora_mitotic_kinase,4,4,4,0.449530427095,0.6324961848595907,0.0007444691203372938
BRD-K42673188-001-01-1,verubulin,tubulin polymerization inhibitor,TUBB,microtubule_tubulin,4,4,4,0.53856810636775,0.6321030183727033,0.0003500442944511595
BRD-K68164687-001-01-6,epothilone-b,"microtubule stabilizing agent, tubulin polymerization inhibitor","TUBA1A, TUBA1B, TUBA1C, TUBA3C, TUBA4A, TUBA8, TUBB, TUBB1, TUBB3, TUBB4A, TUBB4B",microtubule_tubulin,4,4,4,0.5931442643950001,0.631952005611035,8.650984692530595e-05
BRD-K54955827-001-02-2,niraparib,PARP inhibitor,PARP1,DDR_ATR_CHK_WEE_PARP,4,4,4,0.2761828426826499,0.6311078454293444,6.959376922741783e-05
BRD-K90382497-001-10-7,GW-843682X,PLK inhibitor,"PLK1, PLK3",PLK_Aurora_mitotic_kinase,4,4,4,0.5713975997799999,0.629801678756758,0.0004087125439017
BRD-K55187425-236-05-2,rigosertib,"cell cycle inhibitor, PLK inhibitor",PLK1,PLK_Aurora_mitotic_kinase,4,4,4,0.44944349589175026,0.6285899302718675,6.8619826058354074e-06
BRD-K42436189-001-01-2,AZ20,ATR kinase inhibitor,"ATR, MTOR",AKT_PI3K_mTOR_survival;DDR_ATR_CHK_WEE_PARP,4,4,4,0.3892029781799997,0.6243243243243244,0.0007334526828121826
BRD-K12251893-065-04-7,vincristine,tubulin polymerization inhibitor,"TUBA4A, TUBB",microtubule_tubulin,4,4,4,0.5983969541249999,0.6234685176836932,0.0017365574304554893
BRD-K20468903-001-01-6,BNC105,tubulin polymerization inhibitor,,microtubule_tubulin,4,4,4,0.4552773185775003,0.6222387566137566,0.00014150640800153792
BRD-K68747584-001-02-0,PF-03814735,Aurora kinase inhibitor,"AURKA, AURKB",PLK_Aurora_mitotic_kinase,4,4,4,0.48529199631599995,0.6205759053691207,0.0008919598086126
BRD-K87512222-019-01-7,taltobulin,tubulin polymerization inhibitor,,microtubule_tubulin,4,4,4,0.4020565913124998,0.6173946779862158,0.00014150640800153792
BRD-K08248804-001-01-8,LCL-161,XIAP inhibitor,"BIRC2, XIAP",apoptosis_IAP_BCL_MCL,4,4,4,0.4265897524944998,0.6157884642125286,0.0006950607374212
BRD-K02241333-001-02-7,CHIR-124,CHK inhibitor,CHEK1,DDR_ATR_CHK_WEE_PARP,4,4,4,0.5357473857749997,0.6151090997682578,0.0001699254979043
BRD-K29968218-001-03-2,KX2-391,"src inhibitor, tubulin polymerization inhibitor",SRC,microtubule_tubulin,4,4,4,0.3872622256075,0.6133203413668978,0.0021597887594636
BRD-K62008436-001-22-1,paclitaxel,tubulin polymerization inhibitor,"BCL2, MAP2, MAP4, MAPT, NR1I2, TLR4, TUBB, TUBB1",apoptosis_IAP_BCL_MCL;microtubule_tubulin,4,4,4,0.6038186533449998,0.6127812805747872,0.0013779421995202
BRD-K06858286-001-01-3,cabazitaxel,microtubule inhibitor,"TUBA4A, TUBB, TUBB1",microtubule_tubulin,4,4,4,0.45671283534999985,0.6126901268299265,0.000291300176199
BRD-K14109347-001-03-4,LY2603618,CHK inhibitor,CHEK1,DDR_ATR_CHK_WEE_PARP,4,4,4,0.4002015292289374,0.6117233635950109,0.0002246740051972
BRD-K44408410-001-17-6,2-methoxyestradiol,hypoxia inducible factor inhibitor,"COMT, CYP19A1, CYP1A1, CYP1B1, HIF1A, TUBB",microtubule_tubulin,4,4,4,0.2653160785117693,0.6110501962419683,0.0001458981045596
BRD-K59369769-001-20-3,tozasertib,"Aurora kinase inhibitor, Bcr-Abl kinase inhibitor, FLT3 inhibitor, JAK inhibitor","AURKA, AURKB, AURKC, LCK",PLK_Aurora_mitotic_kinase,4,4,4,0.31694037970455,0.6055106127645913,0.0024552179500573
BRD-K75295174-001-05-0,alisertib,Aurora kinase inhibitor,AURKA,PLK_Aurora_mitotic_kinase,4,4,4,0.34660661724794994,0.6050644509035764,0.0011076420346506554
BRD-K01669786-001-02-2,triapine,ribonucleotide reductase inhibitor,"RRM1, RRM2",apoptosis_IAP_BCL_MCL,4,4,4,0.45438213382750003,0.6049568455818456,0.0063757974535124
BRD-K31928526-001-02-1,barasertib,Aurora kinase inhibitor,"AURKA, AURKB",PLK_Aurora_mitotic_kinase,4,4,4,0.23271684015788247,0.6010152569819645,0.0044129186914972
BRD-K64881305-001-03-7,ispinesib,kinesin inhibitor,KIF11,KIF11_kinesin,4,4,3,0.51069885507425,0.6594409049068362,0.00011224621433010245
BRD-K83029223-001-01-3,litronesib,kinesin-like spindle protein inhibitor,KIF11,KIF11_kinesin,4,4,3,0.6035482767124999,0.6575437026151432,6.959376922741783e-05
BRD-K06519765-065-01-6,vinblastine,"microtubule inhibitor, tubulin polymerization inhibitor","JUN, TUBA1A, TUBB, TUBD1, TUBE1, TUBG1",microtubule_tubulin,3,3,3,0.4936761238600002,0.6482453432129257,0.0001762032811384
BRD-K70511574-001-06-9,HMN-214,PLK inhibitor,PLK1,PLK_Aurora_mitotic_kinase,4,4,3,0.4502936906799999,0.6451388888888889,7.283449981367443e-05
BRD-K51967704-001-03-6,BIIB021,HSP inhibitor,HSP90AA1,HSP90_proteostasis,4,4,3,0.33211886145275565,0.6435399277226268,0.0001458981045596
BRD-K26997899-001-02-2,D-64131,microtubule inhibitor,TUBB,microtubule_tubulin,4,3,3,0.4083554331888153,0.6401366289759147,6.972965389728538e-05
BRD-K37379014-001-01-2,filanesib,"kinesin inhibitor, kinesin-like spindle protein inhibitor",KIF11,KIF11_kinesin,4,3,3,0.44646683958520655,0.6386080332409972,0.0002515308876718
BRD-K54256913-001-08-7,MK-1775,WEE1 kinase inhibitor,WEE1,DDR_ATR_CHK_WEE_PARP,4,4,3,0.4203555631750002,0.6379653203957818,6.972965389728538e-05
BRD-K41859756-001-06-8,NVP-AUY922,HSP inhibitor,"HSP90AA1, HSP90AB1",HSP90_proteostasis,4,4,3,0.3516406108775001,0.6340618803280652,0.0004748726009677
BRD-K68532323-003-02-8,SB-743921,kinesin-like spindle protein inhibitor,KIF11,KIF11_kinesin,4,4,3,0.366245768374018,0.6323189286373597,0.0001077200086604
BRD-K79131256-001-17-9,albendazole,tubulin polymerization inhibitor,"TUBA1A, TUBB, TUBB4B",microtubule_tubulin,4,4,3,0.37756951297749985,0.6292624068828035,6.959376922741783e-05
BRD-K06814349-304-02-7,fosbretabulin,"tubulin polymerization inhibitor, VE-cadherin antagonist",CDH5,microtubule_tubulin,3,3,3,0.494601101973,0.6271867516337216,0.0001526312902001
BRD-K20463415-300-01-4,LY2606368,CHK inhibitor,CHEK1,DDR_ATR_CHK_WEE_PARP,4,4,3,0.37256661703999994,0.6268327711165291,0.00038467789020734907
BRD-K69280563-001-01-8,vinorelbine,tubulin polymerization inhibitor,"TUBA1A, TUBA1B, TUBA1C, TUBA3C, TUBA3D, TUBA3E, TUBA4A, TUBB, TUBB1, TUBB2A, TUBB2B, TUBB3, TUBB4A, TUBB4B, TUBB6, TUBB8",microtubule_tubulin,4,4,3,0.5557872274000001,0.6259650205761317,0.0002515308876718
BRD-K52075715-001-06-7,oxibendazole,tubulin polymerization inhibitor,"TUBB, TUBB4B",microtubule_tubulin,4,4,3,0.4718624467275001,0.6248886642941521,6.97429686257909e-05
BRD-K30577245-341-01-9,docetaxel,tubulin polymerization inhibitor,"BCL2, MAP2, MAP4, MAPT, NR1I2, TUBB, TUBB1",apoptosis_IAP_BCL_MCL;microtubule_tubulin,4,4,3,0.5006374596399998,0.6226001564104402,0.0001762032811384
BRD-K23363278-001-02-1,CYT-997,tubulin polymerization inhibitor,TUBB,microtubule_tubulin,4,4,3,0.3888456690250002,0.618620665923018,0.00227528007325
BRD-A03506276-001-01-5,XL888,HSP inhibitor,,HSP90_proteostasis,4,4,3,0.3866094487900005,0.6164819944598338,0.00038467789020734907
BRD-K12539581-001-23-7,nocodazole,tubulin polymerization inhibitor,HPGDS,microtubule_tubulin,4,4,3,0.5513665828225001,0.6160710831427488,0.0012481076709646
BRD-K38332599-001-01-3,uprosertib,AKT inhibitor,"AKT1, AKT2, AKT3",AKT_PI3K_mTOR_survival,4,4,3,0.41089945408825035,0.6104692142176051,0.0034857521650184
BRD-K51318897-001-15-3,fenbendazole,tubulin polymerization inhibitor,TUBB,microtubule_tubulin,4,4,3,0.43087228219499996,0.6094979128491903,0.0048761571039974
BRD-K21728777-001-02-3,AMG900,Aurora kinase inhibitor,"AURKA, AURKB, AURKC",PLK_Aurora_mitotic_kinase,4,4,3,0.4132014332224999,0.608561680911681,0.0044924952456377
BRD-K92428232-001-10-6,GSK461364,PLK inhibitor,PLK1,PLK_Aurora_mitotic_kinase,4,4,3,0.41085569102999986,0.6078712746903804,0.0005969590890156
BRD-K03601870-001-01-2,ixabepilone,microtubule stabilizing agent,"TUBA1A, TUBA1B, TUBA1C, TUBA3C, TUBA3D, TUBA3E, TUBA4A, TUBB, TUBB1, TUBB2A, TUBB2B, TUBB3, TUBB4A, TUBB4B, TUBB6, TUBB8",microtubule_tubulin,4,4,3,0.3665057783375001,0.6057902042435058,0.0011076420346506554
BRD-K00259736-001-16-4,colchicine,microtubule inhibitor,"GLRA1, GLRA2, TUBA1A, TUBA1B, TUBA1C, TUBA3C, TUBA3D, TUBA3E, TUBA4A, TUBB, TUBB1, TUBB2A, TUBB2B, TUBB3, TUBB4A, TUBB4B, TUBB6, TUBB8",microtubule_tubulin,4,4,3,0.3235656977799999,0.6055388807612454,0.0072836922098502
BRD-K75009076-001-02-1,SCH-900776,CHK inhibitor,"CDK2, CHEK1",DDR_ATR_CHK_WEE_PARP,4,3,3,0.21597440746973512,0.6053752722272637,0.0044924952456377
BRD-K38852836-001-02-1,ganetespib,HSP inhibitor,HSP90AA1,HSP90_proteostasis,4,4,3,0.28145083273875016,0.6043137963596718,0.0028852865931840175
BRD-K82823804-001-04-1,PD-407824,PKC inhibitor,WEE1,DDR_ATR_CHK_WEE_PARP,4,4,3,0.3460763222455999,0.6011208274878036,0.0009982090794061
BRD-K59369769-001-22-9,tozasertib,"Aurora kinase inhibitor, Bcr-Abl kinase inhibitor, FLT3 inhibitor, JAK inhibitor","AURKA, AURKB, AURKC, LCK",PLK_Aurora_mitotic_kinase,3,3,3,0.274859893834,0.6002041306436119,0.0125790059184808
BRD-K47869605-001-32-0,podophyllotoxin,"microtubule inhibitor, tubulin polymerization inhibitor","IGF1R, TOP2A, TUBA4A, TUBB",microtubule_tubulin,4,4,3,0.40324054917249996,0.5993558733775701,0.011435333737930752
BRD-K58435339-001-03-0,AT13387,HSP antagonist,HSP90AA1,HSP90_proteostasis,4,4,3,0.1801328318565001,0.5963266788856694,0.0006290251066647406
BRD-K78567475-001-01-4,dolastatin-10,tubulin polymerization inhibitor,TUBB,microtubule_tubulin,4,4,3,0.3610403529299997,0.5947076233128267,0.00014150640800153792
BRD-K71823332-001-03-7,epothilone-a,microtubule stabilizing agent,,microtubule_tubulin,4,4,3,0.27733194388999993,0.5941516049739735,6.972965389728538e-05
BRD-K38548312-001-01-0,VER-49009,HSP inhibitor,HSP90AA1,HSP90_proteostasis,4,4,3,0.30488664175500013,0.5938085387409606,0.010917367187750795
BRD-K68488863-001-04-9,ENMD-2076,"Aurora kinase inhibitor, FLT3 inhibitor, VEGFR inhibitor","AURKA, FLT3, KDR, PDGFRA, PTK2, SRC",PLK_Aurora_mitotic_kinase,4,4,3,0.28077135875000014,0.5933330510286882,0.006995986684834118
BRD-K01683783-001-02-6,TAK-901,Aurora kinase inhibitor,AURKB,PLK_Aurora_mitotic_kinase,4,4,3,0.4574377053399996,0.5921223363774732,0.0012552070662975
BRD-K49669041-001-08-4,BX-912,pyruvate dehydrogenase kinase inhibitor,"CDK2, CHEK1, GSK3B, KDR, PDK1, PDPK1",AKT_PI3K_mTOR_survival;DDR_ATR_CHK_WEE_PARP,4,4,3,0.21598020913999988,0.5905996701349463,0.009713873884272155
BRD-K57136142-001-02-4,CCT129202,Aurora kinase inhibitor,"AURKA, AURKB, AURKC",PLK_Aurora_mitotic_kinase,4,1,3,-0.018169686955657453,0.45850959098698874,0.0177377655855204
BRD-K47000838-001-01-6,cytochalasin-b,microtubule inhibitor,ACTB,microtubule_tubulin,2,2,2,0.12669811950220758,0.6308779369975657,0.00014150640800153792
BRD-K80431395-001-07-3,triciribine,AKT inhibitor,"AKT1, AKT2, AKT3",AKT_PI3K_mTOR_survival,2,2,2,0.2866971013497208,0.6241393727366931,0.002118188581478686
BRD-K91623615-001-05-0,ABT-751,tubulin polymerization inhibitor,TUBB,microtubule_tubulin,2,2,2,0.27465559919210575,0.6141481000763432,0.0013612528077039986
BRD-K83963101-001-06-9,MLN-8054,Aurora kinase inhibitor,AURKA,PLK_Aurora_mitotic_kinase,4,4,2,0.4061800926447499,0.6092683816821748,0.0022209116544171
BRD-K03063480-001-06-6,PF-477736,CHK inhibitor,"CHEK1, CHEK2",DDR_ATR_CHK_WEE_PARP,2,2,2,0.2812537417173986,0.6071642965928012,0.002022882529121988
BRD-K68938568-001-01-7,GDC-0152,XIAP inhibitor,"BIRC2, BIRC3, BIRC7, XIAP",apoptosis_IAP_BCL_MCL,4,4,2,0.11348200018035251,0.6036572839688295,0.0013572581210483453
BRD-K52762805-001-01-2,epothilone-d,"microtubule stabilizing agent, tubulin polymerization inhibitor","TUBA1A, TUBA1B, TUBA1C, TUBA3C, TUBA4A, TUBA8, TUBB, TUBB1, TUBB3, TUBB4A, TUBB4B",microtubule_tubulin,4,3,2,0.434166570985,0.6020947809332564,0.0027947764045876
BRD-K07881437-001-04-6,danusertib,"Aurora kinase inhibitor, growth factor receptor inhibitor","AURKA, AURKB, AURKC, FGFR1, NTRK1, RET, SLK",PLK_Aurora_mitotic_kinase,2,2,2,0.30564254560750637,0.5961244614966152,0.018087787701154476
BRD-K02113016-001-19-6,olaparib,PARP inhibitor,"PARP1, PARP2",DDR_ATR_CHK_WEE_PARP,3,3,2,0.1577332595224999,0.5960630467990558,0.0001832834376933
BRD-K58122457-001-02-2,hesperadin,Aurora kinase inhibitor,AURKB,PLK_Aurora_mitotic_kinase,4,4,2,0.3771701004550001,0.5930896110064412,0.0061569615807948
BRD-K42191735-001-05-3,buparlisib,PI3K inhibitor,"PIK3CA, PIK3CG",AKT_PI3K_mTOR_survival,4,4,2,0.41984437359000004,0.5916488399184341,0.0103189518169581
BRD-K58770988-001-01-8,NMS-E973,HSP inhibitor,,HSP90_proteostasis,4,4,2,0.4629843916124996,0.5913745102619753,0.0052664818708168
BRD-K25279140-001-01-5,MK-8745,Aurora kinase inhibitor,AURKA,PLK_Aurora_mitotic_kinase,4,4,2,0.34408707039575,0.5901030911526478,0.008044337792222233
BRD-K81473043-001-14-6,tanespimycin,HSP inhibitor,HSP90AA1,HSP90_proteostasis,4,4,2,0.3908674109024999,0.5895973492470853,0.0022209116544171
BRD-K99498722-001-02-6,plinabulin,tubulin polymerization inhibitor,,microtubule_tubulin,4,4,2,0.3272830669625001,0.5893889449771084,0.00046750754809331973
BRD-K06814349-304-01-9,fosbretabulin,"tubulin polymerization inhibitor, VE-cadherin antagonist",CDH5,microtubule_tubulin,4,4,2,0.4148235070299999,0.5893673173974955,0.0005835610335951
BRD-K24576554-001-04-8,AT-9283,"Aurora kinase inhibitor, JAK inhibitor","AURKA, AURKB, JAK2, JAK3, RPS6KA6, STK17A",PLK_Aurora_mitotic_kinase,4,4,2,0.3700457697949999,0.5880929008931788,0.0143056614010707
BRD-K61734568-003-02-1,"2,3-DCPE",Bcl-XL downregulator,BCL2L1,apoptosis_IAP_BCL_MCL,4,4,2,0.252443389804925,0.5865948529103193,0.0044129186914972
BRD-K29905972-001-06-3,axitinib,"PDGFR tyrosine kinase receptor inhibitor, VEGFR inhibitor","CSF1, FLT1, FLT4, KDR, PLK4",PLK_Aurora_mitotic_kinase,4,4,2,0.21616724433576628,0.5852610611493358,0.0202936108644272
BRD-K04701033-001-03-9,VE-822,ATR kinase inhibitor,"ATM, ATR, MTOR, PIK3CG",AKT_PI3K_mTOR_survival;DDR_ATR_CHK_WEE_PARP,3,2,2,0.048281956322941966,0.5848753280839895,0.00014352571879623768
BRD-K61195623-001-01-4,combretastatin-A-4,tubulin polymerization inhibitor,,microtubule_tubulin,4,4,2,0.3091152556275003,0.5846234045242007,0.0009357004274854662
BRD-A67748489-001-10-0,K-858,kinesin-like spindle protein inhibitor,KIF11,KIF11_kinesin,4,4,2,0.14484243794750007,0.5814347394110004,0.0018463260372533
BRD-K74671368-001-01-8,idronoxil,XIAP inhibitor,"ENOX2, SPHK1",apoptosis_IAP_BCL_MCL,4,4,2,0.12842728321164998,0.5813270800802643,0.0003732164716837
BRD-K71512533-066-02-8,SNS-314,Aurora kinase inhibitor,"AURKA, AURKB, AURKC",PLK_Aurora_mitotic_kinase,4,4,2,0.29484189838749997,0.5811471566848154,0.0271360749835141
BRD-K69776681-001-03-8,volasertib,PLK inhibitor,PLK1,PLK_Aurora_mitotic_kinase,4,3,2,0.22752117297072583,0.5805299693455399,0.00018202513023987053
BRD-K13049116-001-05-7,BMS-754807,IGF-1 inhibitor,"AKT1, IGF1R",AKT_PI3K_mTOR_survival,4,4,2,0.30353378136750003,0.577061345646438,0.006647632622942239
BRD-K58529924-001-01-5,ONC201,"AKT inhibitor, MAP kinase inhibitor",TNFSF10,AKT_PI3K_mTOR_survival,4,4,2,0.11748952004050003,0.5766206995655285,0.0048761571039974
BRD-K90497590-001-04-2,AR-12,phosphoinositide dependent kinase inhibitor,PDPK1,AKT_PI3K_mTOR_survival,4,4,2,0.1768767995555,0.5760155535174614,0.0010730660416249
BRD-K36529613-001-02-6,PU-H71,HSP inhibitor,HSP90AA1,HSP90_proteostasis,4,4,2,0.080401698705,0.5742558756823833,0.000291300176199
BRD-K72703948-001-10-1,ZM-447439,Aurora kinase inhibitor,"AURKA, AURKB",PLK_Aurora_mitotic_kinase,4,4,2,0.18437588783750003,0.5734634213343297,0.0017334184409121
BRD-K53561341-001-07-5,aurora-a-inhibitor-i,Aurora kinase inhibitor,AURKA,PLK_Aurora_mitotic_kinase,4,4,2,0.11765114020405573,0.5734396507963311,0.030413853560875115
BRD-K83699324-001-01-1,NMS-1286937,PLK inhibitor,"FLT3, PLK1, PLK2, PLK3",PLK_Aurora_mitotic_kinase,4,4,2,0.17086327199499982,0.5697792649405553,0.0006632725753805038
BRD-K71281111-001-04-3,SNX-2112,HSP inhibitor,,HSP90_proteostasis,4,4,2,0.22634124852749982,0.5683023461351178,0.0051190237274726
BRD-K11636097-001-03-1,JNJ-7706621,CDK inhibitor,"AURKA, AURKB, CDK1, CDK2",PLK_Aurora_mitotic_kinase,4,4,2,0.18626102333999955,0.5664665783075844,0.037464565147165174
BRD-K84937637-001-09-9,sirolimus,mTOR inhibitor,"FGF2, FKBP1A, MTOR",AKT_PI3K_mTOR_survival,4,3,2,0.16128417954499996,0.5646036387264457,0.006995986684834118
BRD-K18787491-001-08-6,U-0126,MEK inhibitor,"AKT1, CHEK1, GSK3B, LCK, MAP2K1, MAP2K2, MAP2K7, MAPK1, MAPK11, MAPK12, MAPK14, MAPK8, PRKCA, RAF1, ROCK1, RPS6KB1, SGK1",AKT_PI3K_mTOR_survival;DDR_ATR_CHK_WEE_PARP,4,0,2,-0.07149691161700002,0.43529046582456377,0.02338281616809852
BRD-K37379014-001-02-0,filanesib,"kinesin inhibitor, kinesin-like spindle protein inhibitor",KIF11,KIF11_kinesin,1,1,1,0.08722027984349068,0.6646898937484556,0.00015076512212562049
BRD-K62008436-001-23-9,paclitaxel,tubulin polymerization inhibitor,"BCL2, MAP2, MAP4, MAPT, NR1I2, TLR4, TUBB, TUBB1",apoptosis_IAP_BCL_MCL;microtubule_tubulin,1,1,1,0.1227294908528086,0.6516689176152807,0.00038467789020734907
BRD-K30577245-001-05-0,docetaxel,tubulin polymerization inhibitor,"BCL2, MAP2, MAP4, MAPT, NR1I2, TUBB, TUBB1",apoptosis_IAP_BCL_MCL;microtubule_tubulin,1,1,1,0.11008816768940655,0.6297339593114241,0.002134943818909656
BRD-K73197500-001-02-2,SNX-5422,HSP inhibitor,HSP90AA1,HSP90_proteostasis,4,4,1,0.2869903680574999,0.5789188701563902,0.0431735427034516
BRD-K64890080-001-13-8,BI-2536,PLK inhibitor,"BRD4, PLK1, PLK2, PLK3",PLK_Aurora_mitotic_kinase,4,4,1,0.40053090468499997,0.5780201067557389,0.0026758359401505066
BRD-K83988098-001-02-0,alvespimycin,HSP inhibitor,HSP90AA1,HSP90_proteostasis,2,2,1,0.13816274011283186,0.57752387235631,0.012759371843064672
BRD-K71221037-001-01-6,birinapant,XIAP inhibitor,"BIRC2, XIAP",apoptosis_IAP_BCL_MCL,4,4,1,0.18273889776475002,0.5753689024541737,0.0451424619406634
BRD-K09443272-001-03-3,PHA-680632,Aurora kinase inhibitor,"AURKA, AURKB, AURKC",PLK_Aurora_mitotic_kinase,4,4,1,0.23902829196099984,0.5737843378921643,0.009429351176687525
BRD-K82746043-001-19-3,navitoclax,BCL inhibitor,"BCL2, BCL2L1, BCL2L2",apoptosis_IAP_BCL_MCL,3,3,1,0.17352959056959616,0.5701187307221025,0.0009666484035421314
BRD-K02113016-001-15-4,olaparib,PARP inhibitor,"PARP1, PARP2",DDR_ATR_CHK_WEE_PARP,4,4,1,0.05276363675328252,0.5669223366902515,0.0003197331162159
BRD-K26756394-001-02-2,VE-821,ATR kinase inhibitor,ATR,DDR_ATR_CHK_WEE_PARP,4,4,1,0.102525209825575,0.5667931161019066,0.018785486455582142
BRD-K86525559-001-07-8,AZD7762,CHK inhibitor,"CHEK1, CHEK2",DDR_ATR_CHK_WEE_PARP,2,1,1,-0.04196411171267789,0.561571219445227,0.0024586839185071134
BRD-K85014146-001-02-5,AZD2461,PARP inhibitor,,DDR_ATR_CHK_WEE_PARP,4,4,1,0.10670462276949995,0.5607577775332013,0.0387992783429075
BRD-K88510285-001-17-8,bortezomib,"NFkB pathway inhibitor, proteasome inhibitor","PSMA1, PSMA2, PSMA3, PSMA4, PSMA5, PSMA6, PSMA7, PSMA8, PSMB1, PSMB10, PSMB11, PSMB2, PSMB3, PSMB4, PSMB5, PSMB6, PSMB7, PSMB8, PSMB9, PSMD1, PSMD2, RELA",proteasome,2,1,1,0.020909892287642128,0.5594570605684223,0.001888590328002275
BRD-K36740062-001-06-6,GSK1070916,Aurora kinase inhibitor,"AURKA, AURKB, AURKC, CYP2D6, CYP3A4",PLK_Aurora_mitotic_kinase,4,2,1,0.010772904900545848,0.5584137207005482,0.017214929757196167
BRD-K48488978-001-05-3,YM-201636,PI3K inhibitor,,AKT_PI3K_mTOR_survival,4,4,1,0.15043128515999998,0.5547735516288976,0.048792382073847236
BRD-K07955840-001-02-3,PF-05212384,"mTOR inhibitor, PI3K inhibitor","MTOR, PIK3CA",AKT_PI3K_mTOR_survival,4,4,1,0.15193894747749992,0.5540637712235579,0.0063061310202604
BRD-K42495768-001-01-7,tasisulam,apoptosis stimulant,,apoptosis_IAP_BCL_MCL,4,4,1,0.08630992945992749,0.5476424698094283,0.0239127789312797
BRD-A66419424-001-02-4,ixazomib-citrate,proteasome inhibitor,,proteasome,4,3,1,0.03657272129260826,0.5426040997071637,0.02620785943173117
BRD-K68174511-001-06-6,torin-2,mTOR inhibitor,MTOR,AKT_PI3K_mTOR_survival,4,3,1,0.08796334227318543,0.5391712605873998,0.0234454855056442
BRD-K68065987-300-09-1,MK-2206,AKT inhibitor,"AKT1, AKT2, AKT3",AKT_PI3K_mTOR_survival,4,2,1,0.052777446388601795,0.5380162978292065,0.0215506929051854
BRD-K79612754-001-19-1,inosine,neurotrophic agent,"PARP1, PNP",DDR_ATR_CHK_WEE_PARP,2,1,1,0.11659505525711994,0.5370152345200429,0.022610287245728767
BRD-K62391742-001-03-0,venetoclax,BCL inhibitor,BCL2,apoptosis_IAP_BCL_MCL,4,2,1,0.023136915424159993,0.5345449938152194,0.0240646617452358
BRD-K21718444-001-06-8,KW-2449,"Abl kinase inhibitor, Aurora kinase inhibitor, FLT3 inhibitor","ABL1, AURKA, AURKB, FLT3",PLK_Aurora_mitotic_kinase,4,4,1,0.1452396755899999,0.5310270692856445,0.013047682372067536
BRD-K92991072-001-04-9,PAC-1,caspase activator,CASP3,apoptosis_IAP_BCL_MCL,4,4,1,0.034791622820749955,0.5289290873953995,0.0364732893455257
BRD-A06352508-001-03-7,SB-218078,CHK inhibitor,CHEK1,DDR_ATR_CHK_WEE_PARP,4,3,1,0.08988628329249984,0.5195850300562342,0.00835803695755976
BRD-K50168500-001-07-9,canertinib,EGFR inhibitor,"AKT1, EGFR, ERBB2, ERBB4",AKT_PI3K_mTOR_survival,4,3,1,0.06566396272156245,0.5176890435067862,0.0215506929051854
BRD-K64866502-001-03-9,CYC116,Aurora kinase inhibitor,"AURKA, AURKB, KDR",PLK_Aurora_mitotic_kinase,4,1,1,-0.044122904837384465,0.49871677721286933,0.03611299967586951
BRD-K60446698-001-01-2,ONX-0914,proteasome inhibitor,,proteasome,4,2,1,-0.008795512263510219,0.4948844767727084,0.0462115840324666
BRD-K11433652-001-17-0,aspirin,cyclooxygenase inhibitor,"AKR1C1, ASIC3, EDNRA, HSPA5, IKBKB, NFKB1, NFKB2, NFKBIA, PRKAA1, PRKAA2, PRKAB1, PRKAB2, PRKAG1, PRKAG2, PRKAG3, PTGS1, PTGS2, RPS6KA3, TP53",HSP90_proteostasis,4,1,1,-0.009285737415072715,0.48431834598567547,0.0311593266329705
BRD-A70083328-001-23-5,secnidazole,"acetylcholinesterase inhibitor, microtubule inhibitor",,microtubule_tubulin,4,0,1,-0.05451125832081677,0.4696995934679391,0.03860809272466587
BRD-K15600710-066-05-8,obatoclax,BCL inhibitor,BCL2,apoptosis_IAP_BCL_MCL,1,1,0,0.0321253052447843,0.5701663201663202,0.12143246379874272
BRD-K41213548-001-02-0,KW-2478,HSP inhibitor,,HSP90_proteostasis,4,4,0,0.4231214588750001,0.5620943635633068,0.0508097906460388
BRD-K81801188-001-02-8,PP-121,protein tyrosine kinase inhibitor,"ABL1, EGFR, HCK, KDR, MTOR, PDGFRA, PIK3CA, PIK3CB, PIK3CD, PIK3CG, PRKDC, SRC",AKT_PI3K_mTOR_survival,4,4,0,0.31027561953499994,0.559665165835197,0.1246133713872217
BRD-K28360340-001-08-3,TW-37,BCL inhibitor,"BCL2, BCL2L1, MCL1",apoptosis_IAP_BCL_MCL,2,2,0,0.19558693836677926,0.5545853984263787,0.1698537133324561
BRD-K03289018-001-02-7,CCT137690,Aurora kinase inhibitor,"AURKA, AURKB, AURKC",PLK_Aurora_mitotic_kinase,4,4,0,0.10499164009750005,0.5534153133097723,0.15673113986279555
BRD-K69172251-001-08-9,cisplatin,"DNA alkylating agent, DNA synthesis inhibitor",XIAP,apoptosis_IAP_BCL_MCL,4,3,0,0.02025874653765248,0.5499515084547415,0.1296856614775798
BRD-K06543683-066-02-1,bisindolylmaleimide-ix,PKC inhibitor,"AKT1, GSK3B, LCK, MAPK1, MAPK11, MAPK12, MAPK14, MAPK8, PRKCA, ROCK1, RPS6KB1, SIRT1",AKT_PI3K_mTOR_survival,4,3,0,0.21069287704224465,0.5480066722604585,0.0699829955994557
BRD-K82746043-001-15-1,navitoclax,BCL inhibitor,"BCL2, BCL2L1, BCL2L2",apoptosis_IAP_BCL_MCL,4,4,0,0.093934486149,0.5470395204726421,0.05611049468381921
BRD-K83988098-003-03-4,alvespimycin,HSP inhibitor,HSP90AA1,HSP90_proteostasis,4,4,0,0.14428538180499956,0.544358973981954,0.11922366459893845
BRD-K82967180-001-01-6,LY3023414,"PI3K inhibitor, mTOR inhibitor",MTOR,AKT_PI3K_mTOR_survival,4,3,0,0.09877692405765912,0.5438083338091795,0.053223535539985
BRD-K56291712-001-01-0,voxtalisib,"mTOR inhibitor, PI3K inhibitor","MTOR, PIK3CA",AKT_PI3K_mTOR_survival,4,4,0,0.12394554735819999,0.5437992771977578,0.1454873792631384
BRD-K23925186-001-02-8,oridonin,BCL inhibitor,BCL2,apoptosis_IAP_BCL_MCL,2,2,0,0.09058095414513229,0.5422800766335855,0.22796666355486042
BRD-K87112191-001-04-5,PP242,mTOR inhibitor,"MTOR, PASK",AKT_PI3K_mTOR_survival,4,3,0,0.06260818344669844,0.541761280619286,0.057140145522242
BRD-K23228615-001-02-8,GDC-0980,"mTOR inhibitor, PI3K inhibitor","FGR, MAP3K9, MTOR, PIK3CA, PIK3CB, PIK3CD, PIK3CG, SYK",AKT_PI3K_mTOR_survival,4,3,0,0.057112561625199745,0.5417312951570037,0.1338280574790718
BRD-K67868012-001-07-6,PI-103,"mTOR inhibitor, PI3K inhibitor","MTOR, PIK3CA, PIK3CB, PIK3CD, PIK3CG, PRKDC",AKT_PI3K_mTOR_survival,4,4,0,0.12090554785174999,0.5412617952457526,0.0864257433444283
BRD-K24556407-001-02-3,ETP-46464,ATR kinase inhibitor,,DDR_ATR_CHK_WEE_PARP,4,4,0,0.07027427364250016,0.5396116636222177,0.07991603896082372
BRD-K62374002-001-01-5,PI3K-IN-2,PI3K inhibitor,,AKT_PI3K_mTOR_survival,4,4,0,0.12179824386074978,0.5394409602244674,0.0893721584935613
BRD-K86727142-001-12-4,embelin,"HCV inhibitor, XIAP inhibitor",XIAP,apoptosis_IAP_BCL_MCL,4,2,0,-0.005138256994789469,0.5391976290073197,0.2600770787107658
BRD-K05444225-001-01-7,E7449,PARP inhibitor,"PARP1, PARP2, TNKS, TNKS2",DDR_ATR_CHK_WEE_PARP,4,2,0,-0.013995536866441633,0.5381817272471119,0.0587835587503016
BRD-K81916719-001-13-9,triclabendazole,microtubule inhibitor,DNMT1,microtubule_tubulin,4,3,0,0.05302304991168929,0.5378644441144442,0.1025446878007426
BRD-K55966568-001-05-4,orantinib,"FGFR inhibitor, PDGFR tyrosine kinase receptor inhibitor, VEGFR inhibitor","AURKA, AURKB, EGFR, FGFR1, FGFR2, KDR, PDGFRA, PDGFRB",PLK_Aurora_mitotic_kinase,4,4,0,0.04197004814050001,0.537162557320396,0.3617754989312743
BRD-K15600710-066-04-1,obatoclax,BCL inhibitor,BCL2,apoptosis_IAP_BCL_MCL,4,3,0,0.009329340061661416,0.5370763495763495,0.3034156813545897
BRD-K12040459-001-06-0,AT7867,AKT inhibitor,"AKT2, GSK3B, PKIA, PRKACA",AKT_PI3K_mTOR_survival,4,4,0,0.10394695410095,0.5360169050229596,0.3600143605376976
BRD-K08542803-001-03-1,gambogic-acid,caspase activator,BCL2,apoptosis_IAP_BCL_MCL,2,1,0,-0.0064218832609700405,0.535488480010812,0.21165631550297317
BRD-K07310275-001-02-5,PF-04691502,"mTOR inhibitor, PI3K inhibitor","MTOR, PIK3CA",AKT_PI3K_mTOR_survival,4,4,0,0.13212092448499985,0.5350837292004216,0.3617754989312743
BRD-K63068307-001-08-9,ZSTK-474,PI3K inhibitor,"PIK3CB, PIK3CD, PIK3CG",AKT_PI3K_mTOR_survival,4,4,0,0.05974911181300007,0.5348219811720252,0.2897324207058669
BRD-K78177893-001-02-4,A-674563,AKT inhibitor,"AKT1, PKIA, PRKACA",AKT_PI3K_mTOR_survival,4,4,0,0.14312464010500037,0.5345534547012519,0.3377184123718596
BRD-K11590034-002-03-4,morin,cytochrome P450 inhibitor,"ADORA2A, ESR2, FASN, MCL1, SLC22A12",apoptosis_IAP_BCL_MCL,2,1,0,0.01539520269056005,0.5340543777054352,0.2897324207058669
BRD-K08703257-001-12-1,3-amino-benzamide,PARP inhibitor,PARP1,DDR_ATR_CHK_WEE_PARP,4,3,0,0.095973591786345,0.5340307121225849,0.1542750389655799
BRD-K98795921-001-01-7,SB-2343,"mTOR inhibitor, PI3K inhibitor","MTOR, PIK3CA, PIK3CB, PIK3CD, PIK3CG",AKT_PI3K_mTOR_survival,4,3,0,0.07704656552835018,0.5336834321370301,0.1988874519740569
BRD-K81473043-001-19-5,tanespimycin,HSP inhibitor,HSP90AA1,HSP90_proteostasis,1,1,0,0.012633154648639788,0.533558052434457,0.49230026259276005
BRD-K62391742-001-09-7,venetoclax,BCL inhibitor,BCL2,apoptosis_IAP_BCL_MCL,3,3,0,0.02907652994663,0.5334686296092461,0.1694938096425282
BRD-K91701654-001-03-1,U-0126,MEK inhibitor,"AKT1, CHEK1, GSK3B, LCK, MAP2K1, MAP2K2, MAP2K7, MAPK1, MAPK11, MAPK12, MAPK14, MAPK8, PRKCA, RAF1, ROCK1, RPS6KB1, SGK1",AKT_PI3K_mTOR_survival;DDR_ATR_CHK_WEE_PARP,2,2,0,0.059092802718353946,0.5331078350248095,0.44278785926080183
BRD-K82135108-001-04-3,elesclomol,oxidative stress inducer,HSPA1A,HSP90_proteostasis,4,2,0,0.00799258705642244,0.5313094048223246,0.25616779868694856
BRD-K59317601-001-05-5,MLN0128,mTOR inhibitor,"MTOR, PIK3CA, PIK3CD, PIK3CG",AKT_PI3K_mTOR_survival,4,3,0,0.07349149263813104,0.531243881270002,0.1220990232240029
BRD-K07972848-001-02-0,GSK2126458,"mTOR inhibitor, PI3K inhibitor","MTOR, PIK3CA, PIK3CB, PIK3CD, PIK3CG",AKT_PI3K_mTOR_survival,4,3,0,0.18040296446749982,0.5306346062042433,0.1016183580346389
BRD-K58772419-001-07-0,AZD6482,PI3K inhibitor,"PIK3CA, PIK3CB, PIK3CD, PIK3CG",AKT_PI3K_mTOR_survival,4,4,0,0.033322766643966245,0.5299374101696079,0.4845582713715402
BRD-K78659596-001-03-9,ixazomib,proteasome inhibitor,,proteasome,4,2,0,-0.04046400110893422,0.5297611525338051,0.07123615546520029
BRD-K12184916-001-19-6,NVP-BEZ235,"mTOR inhibitor, PI3K inhibitor","ATR, MTOR, PIK3CA, PIK3CD, PIK3CG",AKT_PI3K_mTOR_survival;DDR_ATR_CHK_WEE_PARP,1,1,0,0.030473735798828394,0.5281969309462915,0.5878029735824829
BRD-K18163608-001-05-6,HA14-1,BCL inhibitor,BCL2,apoptosis_IAP_BCL_MCL,2,1,0,-0.04477024614402053,0.5278615473934152,0.14179655893286428
BRD-K28352084-001-02-3,CH5132799,PI3K inhibitor,"MTOR, PIK3CA, PIK3CB, PIK3CD, PIK3CG",AKT_PI3K_mTOR_survival,4,4,0,0.11569329957499994,0.5270765209205128,0.2383176494482262
BRD-K13049116-001-04-0,BMS-754807,IGF-1 inhibitor,"AKT1, IGF1R",AKT_PI3K_mTOR_survival,1,1,0,0.015470380669937667,0.5260429835651075,0.6093044673446952
BRD-K08703257-001-13-9,3-amino-benzamide,PARP inhibitor,PARP1,DDR_ATR_CHK_WEE_PARP,3,1,0,-0.017661688631739,0.5256604292790313,0.5510247269346257
BRD-K63923597-001-10-0,barasertib-HQPA,Aurora kinase inhibitor,AURKB,PLK_Aurora_mitotic_kinase,4,3,0,0.023460949556051915,0.5249430191937818,0.053964014441168745
BRD-K79555887-001-01-0,RI-1,,RAD51,DDR_ATR_CHK_WEE_PARP,4,2,0,0.009113800232754977,0.5248485000411371,0.1842041258230084
BRD-K85920262-001-02-1,WAY-600,mTOR inhibitor,MTOR,AKT_PI3K_mTOR_survival,4,3,0,0.16728389669249974,0.5240934651929416,0.2808950946225615
BRD-K25412176-001-01-9,GSK2110183,AKT inhibitor,"AKT1, AKT2, AKT3",AKT_PI3K_mTOR_survival,4,3,0,0.02340621967954624,0.5239745483700489,0.0784525235356731
BRD-K40175214-001-11-6,torin-1,mTOR inhibitor,MTOR,AKT_PI3K_mTOR_survival,4,3,0,0.17328006274750019,0.5237949242767941,0.0994419256275146
BRD-K99113996-001-02-0,AZD2014,mTOR inhibitor,MTOR,AKT_PI3K_mTOR_survival,4,2,0,0.024880762866514132,0.5236266598315362,0.1476705308874423
BRD-K44844162-001-01-6,taselisib,PI3K inhibitor,PIK3CA,AKT_PI3K_mTOR_survival,4,4,0,0.0841866705834998,0.5212775962775962,0.5854464831374656
BRD-K08542803-001-02-3,gambogic-acid,caspase activator,BCL2,apoptosis_IAP_BCL_MCL,3,2,0,0.0078646940449997,0.5210366398570152,0.50276446497365
BRD-A28467416-002-01-0,PKI-179,"mTOR inhibitor, PI3K inhibitor",MTOR,AKT_PI3K_mTOR_survival,4,4,0,0.04463480545250008,0.5208302054668867,0.2383176494482262
BRD-K87124298-001-03-4,OSI-027,mTOR inhibitor,MTOR,AKT_PI3K_mTOR_survival,4,4,0,0.09996717797999995,0.5195918218431841,0.5172001482742687
BRD-K43449605-001-01-0,oncrasin-1,apoptosis stimulant,,apoptosis_IAP_BCL_MCL,4,2,0,0.12346284922551498,0.5178157932468277,0.2959032649659516
BRD-A36331462-001-02-1,oprozomib,proteasome inhibitor,,proteasome,4,2,0,-0.010284920530421704,0.5175941040862544,0.6156094124789551
BRD-K12184916-001-15-4,NVP-BEZ235,"mTOR inhibitor, PI3K inhibitor","ATR, MTOR, PIK3CA, PIK3CD, PIK3CG",AKT_PI3K_mTOR_survival;DDR_ATR_CHK_WEE_PARP,4,2,0,0.03487402830492803,0.5168505694499552,0.2741350164010611
BRD-K29415052-050-04-8,BGT226,PI3K inhibitor,"MTOR, PIK3CA, PIK3CB, PIK3CG",AKT_PI3K_mTOR_survival,4,2,0,0.026095584639160008,0.5166971000980741,0.404801169548911
BRD-K13514097-001-05-3,everolimus,mTOR inhibitor,MTOR,AKT_PI3K_mTOR_survival,4,2,0,0.02843729356414592,0.5163323552305827,0.4743959259893044
BRD-K76703230-004-04-1,YM-155,survivin inhibitor,BIRC5,apoptosis_IAP_BCL_MCL,4,2,0,-0.03177591227531901,0.5133483561562504,0.46723981735721715
BRD-K45293975-001-02-0,7-hydroxystaurosporine,"CDK inhibitor, CHK inhibitor, PKC inhibitor","CHEK1, MARK3, PDPK1",AKT_PI3K_mTOR_survival;DDR_ATR_CHK_WEE_PARP,4,4,0,0.0674855463555053,0.512266699509434,0.1988874519740569
BRD-K88510285-001-11-1,bortezomib,"NFkB pathway inhibitor, proteasome inhibitor","PSMA1, PSMA2, PSMA3, PSMA4, PSMA5, PSMA6, PSMA7, PSMA8, PSMB1, PSMB10, PSMB11, PSMB2, PSMB3, PSMB4, PSMB5, PSMB6, PSMB7, PSMB8, PSMB9, PSMD1, PSMD2, RELA",proteasome,4,3,0,0.021055958128318005,0.5104600436248266,0.09536169140934316
BRD-K11853856-001-01-7,PJ-34,PARP inhibitor,"EEF2, PARP1, PARP15, PARP3",DDR_ATR_CHK_WEE_PARP,4,2,0,-0.025630085996542484,0.5093940464606789,0.2610621930509443
BRD-K97365803-001-02-1,PI-828,PI3K inhibitor,,AKT_PI3K_mTOR_survival,4,2,0,0.010612145959299997,0.5088588588588588,0.6683815287868927
BRD-K77638923-001-02-0,CUDC-907,PI3K inhibitor,"HDAC2, PIK3R1",AKT_PI3K_mTOR_survival,4,3,0,0.04620038688032887,0.5088247671642144,0.33099703171734335
BRD-K43389698-001-09-9,BMS-387032,"CDK inhibitor, cell cycle inhibitor, MCL1 inhibitor","CDK2, CDK7, CDK9",apoptosis_IAP_BCL_MCL,2,2,0,0.08426094700490017,0.5084485832550698,0.6658427533666598
BRD-A45498368-001-07-1,WYE-125132,mTOR inhibitor,MTOR,AKT_PI3K_mTOR_survival,4,3,0,0.03615335157085927,0.5073929537414127,0.0795928143538464
BRD-K19295594-015-14-3,gossypol,"BCL inhibitor, MCL1 inhibitor",BCL2,apoptosis_IAP_BCL_MCL,2,1,0,0.11276178269672876,0.5066026861742534,0.898030916661154
BRD-K71480163-001-01-4,GDC-0068,AKT inhibitor,"AKT1, AKT2, AKT3, PRKG1",AKT_PI3K_mTOR_survival,4,3,0,0.0075599372610875015,0.5066013069907964,0.5318225992494174
BRD-K13514097-001-04-6,everolimus,mTOR inhibitor,MTOR,AKT_PI3K_mTOR_survival,3,2,0,0.005590193241088559,0.5058058320237471,0.8886694046083438
BRD-K60230970-001-17-5,MG-132,proteasome inhibitor,PSMB1,proteasome,2,2,0,0.019572211172260545,0.5057123467164799,0.5562604422310377
BRD-K52911425-001-09-8,GDC-0941,PI3K inhibitor,"PIK3CA, PIK3CB, PIK3CD, PIK3CG",AKT_PI3K_mTOR_survival,4,2,0,0.03652453464224452,0.5050021341045372,0.16220248798411752
BRD-K59325863-001-02-8,delanzomib,proteasome inhibitor,"CMA1, CTSG, CYP3A4, ELANE",proteasome,4,2,0,-0.012588921867907749,0.5045097049911881,0.1314860250073848
BRD-K37723606-001-01-5,dioscin,apoptosis stimulant,CXCR3,apoptosis_IAP_BCL_MCL,4,1,0,-0.02095881444140648,0.504146269898659,0.5924877102278276
BRD-K42898655-001-01-8,temsirolimus,mTOR inhibitor,MTOR,AKT_PI3K_mTOR_survival,4,3,0,0.01072355365676697,0.5039206036745407,0.7243797800958421
BRD-K89085489-001-23-2,fenretinide,"apoptosis stimulant, retinoid receptor agonist",RARA,apoptosis_IAP_BCL_MCL,4,2,0,-0.00869250554103395,0.5039036616723532,0.0607689858393405
BRD-K00615600-001-12-9,AG-14361,PARP inhibitor,PARP1,DDR_ATR_CHK_WEE_PARP,4,1,0,-0.009747607715792476,0.5028063206138212,0.6759091512177536
BRD-K62810658-001-12-2,PD-98059,MEK inhibitor,"AKT1, CHEK1, GSK3B, LCK, MAP2K1, MAPK1, MAPK11, MAPK12, MAPK14, MAPK8, PRKCA, RAF1, ROCK1, RPS6KB1, SGK1",AKT_PI3K_mTOR_survival;DDR_ATR_CHK_WEE_PARP,4,4,0,0.01081561883799995,0.50259777845889,0.41830023522570786
BRD-K22385716-001-02-5,LY303511,"casein kinase inhibitor, mTOR inhibitor, PI3K inhibitor","BRD2, BRD3, BRD4",AKT_PI3K_mTOR_survival,4,2,0,0.015640725846250047,0.5023792885428106,0.24988502471627858
BRD-K54997624-001-06-0,alpelisib,PI3K inhibitor,"PIK3CA, PIK3CB, PIK3CD, PIK3CG",AKT_PI3K_mTOR_survival,4,3,0,0.04489463326027163,0.5005035997522931,0.4743959259893044
BRD-K62304154-001-04-2,deforolimus,mTOR inhibitor,MTOR,AKT_PI3K_mTOR_survival,4,2,0,0.0343218333472501,0.4994354393601733,0.5493701632002589
BRD-K64785675-001-04-0,TG100-115,PI3K inhibitor,"PIK3CA, PIK3CB, PIK3CD, PIK3CG",AKT_PI3K_mTOR_survival,4,1,0,-0.030258828066499998,0.49919636813851265,0.4662829197071111
BRD-K56301217-001-07-4,ABT-737,BCL inhibitor,"BCL2, BCL2L1, BCL2L2",apoptosis_IAP_BCL_MCL,4,2,0,-0.01683511808294995,0.49806595106856194,0.21334104897591738
BRD-K03549949-001-01-0,XL388,mTOR inhibitor,MTOR,AKT_PI3K_mTOR_survival,4,2,0,-0.00671878289961344,0.49798215285804814,0.5878029735824829
BRD-K45401373-001-20-9,betulinic-acid,"apoptosis stimulant, NFkB pathway inhibitor",GPBAR1,apoptosis_IAP_BCL_MCL,2,1,0,-0.014833981958036993,0.4955548889647858,0.6658427533666598
BRD-A93477898-001-04-2,PETCM,caspase activator,CASP3,apoptosis_IAP_BCL_MCL,4,2,0,0.01142298290815276,0.4954785457930112,0.145789344737099
BRD-K69932463-001-10-6,AZD8055,mTOR inhibitor,MTOR,AKT_PI3K_mTOR_survival,4,2,0,0.03354313793287811,0.4952629190944694,0.6952516894845427
BRD-A50998626-001-02-1,palomid-529,"AKT inhibitor, mTOR inhibitor",MTOR,AKT_PI3K_mTOR_survival,4,2,0,0.011685529431075047,0.49421236972817484,0.19913740367429378
BRD-K67566344-001-07-5,ku-0063794,mTOR inhibitor,MTOR,AKT_PI3K_mTOR_survival,4,1,0,-0.012915281482563006,0.4933117297734383,0.39569672425067737
BRD-K77008974-001-03-2,WYE-354,mTOR inhibitor,MTOR,AKT_PI3K_mTOR_survival,4,1,0,-0.03723934511518985,0.4917749337470105,0.249921403011575
BRD-K43187018-001-03-3,GDC-0349,Pim kinase inhibitor,PIK3CA,AKT_PI3K_mTOR_survival,2,0,0,-0.00869829648945497,0.49088083685846606,0.6154490252305459
BRD-K49371609-003-03-8,PIK-75,"DNA protein kinase inhibitor, PI3K inhibitor","PIK3CA, PIK3CB, PIK3CD, PIK3CG, PRKDC",AKT_PI3K_mTOR_survival,4,1,0,-0.08409365023500001,0.4889316413760249,0.0903446010620828
BRD-K11244467-001-08-5,ambazone,DNA damage inducer,,DDR_ATR_CHK_WEE_PARP,4,0,0,-0.01921590491505,0.48810274056054814,0.3537684598245149
BRD-K76037122-001-02-5,guanidine,HSP inhibitor,"ALDH2, DLG4, GAMT, RNASE1",HSP90_proteostasis,4,1,0,-0.03065519828850992,0.4867034987071752,0.200292831956185
BRD-K46392623-001-02-5,TG-100713,PI3K inhibitor,,AKT_PI3K_mTOR_survival,4,2,0,-0.01999727558337372,0.48627299255403394,0.217644014490109
BRD-K61314889-001-04-4,endo-IWR-1,PARP inhibitor,"TNKS, TNKS2",DDR_ATR_CHK_WEE_PARP,4,1,0,-0.03643174183115289,0.4831943636481158,0.4334773190552405
BRD-K15179879-001-03-2,carfilzomib,proteasome inhibitor,"PSMA1, PSMA2, PSMA3, PSMA4, PSMA5, PSMA6, PSMA7, PSMA8, PSMB1, PSMB10, PSMB11, PSMB2, PSMB3, PSMB4, PSMB5, PSMB6, PSMB7, PSMB8, PSMB9",proteasome,4,1,0,-0.15457519640249945,0.4808981816388278,0.1946475640103469
BRD-K49456274-001-01-9,pilaralisib,PI3K inhibitor,,AKT_PI3K_mTOR_survival,4,2,0,0.02049655435157202,0.48062332767216553,0.38711791008850993
BRD-K76406695-001-02-9,CCT128930,AKT inhibitor,"PKIA, PRKACA",AKT_PI3K_mTOR_survival,4,0,0,-0.06212272027058795,0.4703093219937009,0.1722144726095902
BRD-K26712974-001-01-5,VX-765,caspase inhibitor,CASP1,apoptosis_IAP_BCL_MCL,4,2,0,0.025301656809717243,0.46974553866490415,0.2806539954825787
BRD-K60866521-001-07-1,idelalisib,PI3K inhibitor,"PIK3CA, PIK3CB, PIK3CD, PIK3CG",AKT_PI3K_mTOR_survival,4,1,0,-0.01144499487674995,0.46716565246639774,0.2439402907826966
BRD-K00077635-304-01-2,estramustine-phosphate,"DNA synthesis inhibitor, microtubule inhibitor","ESR1, ESR2, MAP1A, MAP2",microtubule_tubulin,4,1,0,-0.03299529653461264,0.4665331998665332,0.39413674727900994
BRD-K19412355-001-01-0,SB-242235,p38 MAPK inhibitor,"HSPB1, MAPK14",HSP90_proteostasis,4,1,0,-0.046227401555415104,0.4647988849086273,0.1025446878007426
BRD-K99023089-001-03-7,AZD5363,AKT inhibitor,"AKT1, AKT2, AKT3",AKT_PI3K_mTOR_survival,4,0,0,-0.15802024365332495,0.45202625570776256,0.1979188918883416
