axis,n_drugs,comparison,n_pos,n_neg,median_response_pos,median_response_neg,delta_sensitivity,mw_auc_sensitivity,p,FDR_within_comparison
AKT_PI3K_mTOR_survival,67,RTR_high_removal_high_vs_other_all,113,465,-0.7984032336015,-0.655280608306,0.14312262529550002,0.5617280426301265,0.0416775149564778,0.04763144566454606
AKT_PI3K_mTOR_survival,67,RTR_high_removal_high_vs_other_no_Bone_SoftTissue,97,444,-0.817270052124,-0.6480368648685,0.16923318725549996,0.5734419986997307,0.02336069736428955,0.026697939844902343
AKT_PI3K_mTOR_survival,67,RTR_top20_vs_bottom20_all,116,116,-0.862475001309,-0.525052540611,0.33742246069799997,0.7023632580261594,1.0025424953617754e-07,1.336723327149034e-07
AKT_PI3K_mTOR_survival,67,RTR_top20_vs_bottom20_no_Bone_SoftTissue,96,114,-0.8763475353645,-0.525052540611,0.3512949947535,0.7014802631578947,5.023594296776991e-07,6.698125729035989e-07
DDR_ATR_CHK_WEE_PARP,30,RTR_high_removal_high_vs_other_all,113,465,-0.5728205161805,-0.361728644504,0.2110918716765,0.6612617756208964,1.0299290937187264e-07,8.239432749749811e-07
DDR_ATR_CHK_WEE_PARP,30,RTR_high_removal_high_vs_other_no_Bone_SoftTissue,97,444,-0.5728205161805,-0.351629102102,0.22119141407850001,0.6710086375034828,1.28987119012278e-07,1.031896952098224e-06
DDR_ATR_CHK_WEE_PARP,30,RTR_top20_vs_bottom20_all,116,116,-0.69114322310625,-0.21963335672875,0.4715098663775,0.865487514863258,6.549221165213695e-22,2.619688466085478e-21
DDR_ATR_CHK_WEE_PARP,30,RTR_top20_vs_bottom20_no_Bone_SoftTissue,96,114,-0.65619894410925,-0.21963335672875,0.43656558738049994,0.8524305555555556,1.4779690316028952e-18,5.911876126411581e-18
HSP90_proteostasis,18,RTR_high_removal_high_vs_other_all,113,465,-2.7052967252749998,-2.474173475365,0.23112324990999955,0.5819012275192692,0.006883141002253674,0.01101302560360588
HSP90_proteostasis,18,RTR_high_removal_high_vs_other_no_Bone_SoftTissue,97,444,-2.7052967252749998,-2.4717808616,0.23351586367499966,0.5784805423980681,0.015389933035991224,0.020519910714654966
HSP90_proteostasis,18,RTR_top20_vs_bottom20_all,116,116,-2.8327078999274997,-2.137990779855,0.6947171200724997,0.6762782401902497,3.491335878859992e-06,3.990098147268562e-06
HSP90_proteostasis,18,RTR_top20_vs_bottom20_no_Bone_SoftTissue,96,114,-2.8327078999274997,-2.1432474991049997,0.6894604008225,0.668859649122807,2.535825945305732e-05,2.898086794635122e-05
KIF11_kinesin,5,RTR_high_removal_high_vs_other_all,113,465,-2.12477570226,-1.88466322916,0.24011247309999995,0.5768959939099819,0.011172014922058122,0.014896019896077495
KIF11_kinesin,5,RTR_high_removal_high_vs_other_no_Bone_SoftTissue,97,444,-2.1474193385450002,-1.857791630695,0.28962770785000025,0.5837512770502462,0.009714551109486822,0.015543281775178917
KIF11_kinesin,5,RTR_top20_vs_bottom20_all,116,116,-2.214413395725,-1.193308900405,1.02110449532,0.7922116527942925,1.453815056152638e-14,2.3261040898442207e-14
KIF11_kinesin,5,RTR_top20_vs_bottom20_no_Bone_SoftTissue,96,114,-2.266304178955,-1.193308900405,1.07299527855,0.7932200292397661,2.590308149234068e-13,4.1444930387745084e-13
PLK_Aurora_mitotic_kinase,33,RTR_high_removal_high_vs_other_all,113,465,-1.42469466011,-0.9392016121365,0.4854930479734999,0.646797982681511,1.272163439212425e-06,3.3924358378998e-06
PLK_Aurora_mitotic_kinase,33,RTR_high_removal_high_vs_other_no_Bone_SoftTissue,97,444,-1.34770857067,-0.9182761424945001,0.4294324281755,0.6444459923841368,8.194369700581428e-06,2.1851652534883808e-05
PLK_Aurora_mitotic_kinase,33,RTR_top20_vs_bottom20_all,116,116,-1.57731680786,-0.5414551884645,1.0358616193955,0.8906064209274672,8.5131939368282e-25,6.81055514946256e-24
PLK_Aurora_mitotic_kinase,33,RTR_top20_vs_bottom20_no_Bone_SoftTissue,96,114,-1.6009080452100002,-0.5414551884645,1.0594528567455002,0.8854166666666667,6.959934203220665e-22,5.567947362576532e-21
apoptosis_IAP_BCL_MCL,30,RTR_high_removal_high_vs_other_all,113,465,-0.5904427452409999,-0.4598249835905,0.13061776165049993,0.6509658388048339,6.306256715351359e-07,2.5225026861405437e-06
apoptosis_IAP_BCL_MCL,30,RTR_high_removal_high_vs_other_no_Bone_SoftTissue,97,444,-0.588334864111,-0.45656293098424994,0.13177193312675006,0.6570539611776725,1.2385559901080993e-06,4.954223960432397e-06
apoptosis_IAP_BCL_MCL,30,RTR_top20_vs_bottom20_all,116,116,-0.67718297394025,-0.314996454448,0.36218651949224995,0.8386593341260404,4.910164321128911e-19,1.309377152301043e-18
apoptosis_IAP_BCL_MCL,30,RTR_top20_vs_bottom20_no_Bone_SoftTissue,96,114,-0.64121317745875,-0.314996454448,0.32621672301074994,0.8392726608187133,2.604344023952765e-17,6.944917397207373e-17
microtubule_tubulin,37,RTR_high_removal_high_vs_other_all,113,465,-2.19772680893,-1.69415366723,0.5035731417000002,0.6206299362451233,6.876980300578446e-05,0.00013753960601156891
microtubule_tubulin,37,RTR_high_removal_high_vs_other_no_Bone_SoftTissue,97,444,-2.19154220155,-1.66274697559,0.52879522596,0.6248722949753878,0.00011543743155163148,0.00023087486310326296
microtubule_tubulin,37,RTR_top20_vs_bottom20_all,116,116,-2.2360010894,-1.0141707586550002,1.221830330745,0.8174048751486326,6.557207120383338e-17,1.3114414240766676e-16
microtubule_tubulin,37,RTR_top20_vs_bottom20_no_Bone_SoftTissue,96,114,-2.2113022475350004,-1.0141707586550002,1.1971314888800002,0.8198099415204678,1.4931494887011396e-15,2.9862989774022793e-15
proteasome,8,RTR_high_removal_high_vs_other_all,113,464,-3.891925944035,-4.0186450081950005,-0.12671906416000045,0.4846849252364968,0.6135734101895652,0.6135734101895652
proteasome,8,RTR_high_removal_high_vs_other_no_Bone_SoftTissue,97,443,-3.9363969069349998,-4.04594882043,-0.10955191349499982,0.49000488701682526,0.757914537394191,0.757914537394191
proteasome,8,RTR_top20_vs_bottom20_all,116,115,-3.7544143456125,-4.061996753380001,-0.3075824077675007,0.48710644677661175,0.7355882318922482,0.7355882318922482
proteasome,8,RTR_top20_vs_bottom20_no_Bone_SoftTissue,96,113,-3.774593439955,-4.061996753380001,-0.2874033134250009,0.4928097345132743,0.8588234200019303,0.8588234200019303
