depmap_id,RTR_score_combined_rank_0_1,combined_RTR_quadrant,RTR_group
ACH-000389,0.9946330738177624,repair-high / removal-high,RTR_high_top20pct
ACH-001205,0.9930795847750864,repair-low / removal-high,RTR_high_top20pct
ACH-000446,0.9775086505190312,repair-low / removal-high,RTR_high_top20pct
ACH-000013,0.9767661476355248,repair-high / removal-high,RTR_high_top20pct
ACH-001078_FAILED_STR,0.9757785467128028,repair-low / removal-high,RTR_high_top20pct
ACH-000499,0.9705882352941176,repair-high / removal-high,RTR_high_top20pct
ACH-000925_FAILED_STR,0.967128027681661,repair-low / removal-high,RTR_high_top20pct
ACH-000163,0.9601535467128028,repair-high / removal-high,RTR_high_top20pct
ACH-000200,0.9567474048442908,repair-high / removal-high,RTR_high_top20pct
ACH-000879,0.9555795847750864,repair-high / removal-high,RTR_high_top20pct
ACH-000400,0.9480968858131488,repair-high / removal-high,RTR_high_top20pct
ACH-000913,0.9468425605536333,repair-high / removal-high,RTR_high_top20pct
ACH-000430,0.9463667820069204,repair-low / removal-high,RTR_high_top20pct
ACH-001022,0.944636678200692,repair-low / removal-high,RTR_high_top20pct
ACH-000866,0.9405384948096888,repair-high / removal-high,RTR_high_top20pct
ACH-000269,0.9394463667820068,repair-low / removal-high,RTR_high_top20pct
ACH-000905,0.9360726643598616,repair-high / removal-high,RTR_high_top20pct
ACH-000897,0.9345912629757784,repair-high / removal-high,RTR_high_top20pct
ACH-000391,0.9339172433679356,repair-low / removal-high,RTR_high_top20pct
ACH-000834,0.928993656286044,repair-high / removal-high,RTR_high_top20pct
ACH-000475,0.9238754325259516,repair-high / removal-high,RTR_high_top20pct
ACH-000418,0.9215614186851212,repair-high / removal-high,RTR_high_top20pct
ACH-000460_FAILED_STR,0.9204152249134948,repair-high / removal-high,RTR_high_top20pct
ACH-000364,0.9203791810841984,repair-high / removal-high,RTR_high_top20pct
ACH-000496,0.918468858131488,repair-high / removal-high,RTR_high_top20pct
ACH-001099,0.916955017301038,repair-low / removal-high,RTR_high_top20pct
ACH-000669,0.9156826701268744,repair-high / removal-high,RTR_high_top20pct
ACH-000052,0.9118656286043828,repair-high / removal-high,RTR_high_top20pct
ACH-000054,0.9109645328719724,repair-high / removal-high,RTR_high_top20pct
ACH-000213,0.9048442906574394,repair-low / removal-high,RTR_high_top20pct
ACH-000010_FAILED_STR,0.903114186851211,repair-low / removal-high,RTR_high_top20pct
ACH-000078,0.8979238754325259,repair-high / removal-high,RTR_high_top20pct
ACH-001210,0.8961937716262975,repair-high / removal-high,RTR_high_top20pct
ACH-000147,0.8953251153402537,repair-high / removal-high,RTR_high_top20pct
ACH-000848,0.8935085063437139,repair-high / removal-high,RTR_high_top20pct
ACH-000139,0.8910863610149942,repair-high / removal-high,RTR_high_top20pct
ACH-000794,0.889273356401384,repair-low / removal-high,RTR_high_top20pct
ACH-000573,0.8882641291810842,repair-high / removal-high,RTR_high_top20pct
ACH-000518,0.8875432525951558,repair-high / removal-high,RTR_high_top20pct
ACH-000133,0.8836541234140716,repair-high / removal-high,RTR_high_top20pct
ACH-000378,0.8823529411764706,repair-high / removal-high,RTR_high_top20pct
ACH-000356,0.8792387543252596,repair-high / removal-high,RTR_high_top20pct
ACH-001212,0.8771626297577855,repair-high / removal-high,RTR_high_top20pct
ACH-000849,0.8756379757785466,repair-high / removal-high,RTR_high_top20pct
ACH-000803,0.8749891868512111,repair-high / removal-high,RTR_high_top20pct
ACH-000685,0.8723039215686275,repair-high / removal-high,RTR_high_top20pct
ACH-000833,0.8688292964244522,repair-high / removal-high,RTR_high_top20pct
ACH-000505,0.8634803921568628,repair-high / removal-high,RTR_high_top20pct
ACH-000255,0.8625180219146482,repair-high / removal-high,RTR_high_top20pct
ACH-000407,0.8622549019607844,repair-high / removal-high,RTR_high_top20pct
ACH-000242,0.8609140715109573,repair-low / removal-high,RTR_high_top20pct
ACH-000982,0.8597282295271049,repair-low / removal-high,RTR_high_top20pct
ACH-000946,0.8552443771626297,repair-high / removal-high,RTR_high_top20pct
ACH-000909,0.8550677623990772,repair-low / removal-high,RTR_high_top20pct
ACH-000756,0.8545919838523645,repair-low / removal-high,RTR_high_top20pct
ACH-000169,0.8521085640138408,repair-high / removal-high,RTR_high_top20pct
ACH-000632,0.8492106401384083,repair-high / removal-high,RTR_high_top20pct
ACH-000469,0.8487204440599769,repair-high / removal-high,RTR_high_top20pct
ACH-001193,0.8442906574394463,repair-low / removal-high,RTR_high_top20pct
ACH-000041,0.8408304498269896,repair-low / removal-high,RTR_high_top20pct
ACH-000973,0.839637399077278,repair-high / removal-high,RTR_high_top20pct
ACH-000273,0.8333189158016148,repair-low / removal-high,RTR_high_top20pct
ACH-000847,0.8317798442906574,repair-high / removal-high,RTR_high_top20pct
ACH-000415,0.8314482410611304,repair-low / removal-high,RTR_high_top20pct
ACH-000276,0.8310301326412919,repair-high / removal-high,RTR_high_top20pct
ACH-000040,0.8309400230680508,repair-high / removal-low,RTR_high_top20pct
ACH-000950,0.8256451845444059,repair-high / removal-high,RTR_high_top20pct
ACH-000986,0.8217993079584776,repair-low / removal-high,RTR_high_top20pct
ACH-001029,0.8200692041522492,repair-low / removal-high,RTR_high_top20pct
ACH-000511_FAILED_STR,0.8183391003460208,repair-high / removal-high,RTR_high_top20pct
ACH-000296,0.8171316320645905,repair-high / removal-high,RTR_high_top20pct
ACH-000736,0.8158016147635525,repair-low / removal-high,RTR_high_top20pct
ACH-000186,0.813447952710496,repair-high / removal-high,RTR_high_top20pct
ACH-000366,0.8131487889273357,repair-high / removal-high,RTR_high_top20pct
ACH-000096,0.811652970011534,repair-low / removal-high,RTR_high_top20pct
ACH-001318,0.8095227797001154,repair-high / removal-high,RTR_high_top20pct
ACH-000885,0.804909169550173,repair-low / removal-high,RTR_high_top20pct
ACH-000666,0.8042856113033449,repair-high / removal-low,RTR_high_top20pct
ACH-000249,0.8027681660899654,repair-high / removal-high,RTR_high_top20pct
ACH-000264,0.8012759515570935,repair-low / removal-high,RTR_high_top20pct
ACH-001075,0.1992178489042675,repair-low / removal-low,RTR_low_bottom20pct
ACH-000855,0.1991637831603229,repair-high / removal-low,RTR_low_bottom20pct
ACH-000679,0.1945898212226067,repair-high / removal-low,RTR_low_bottom20pct
ACH-000359,0.1932093425605536,repair-low / removal-high,RTR_low_bottom20pct
ACH-000652,0.192257785467128,repair-low / removal-low,RTR_low_bottom20pct
ACH-000352,0.1913566897347174,repair-high / removal-low,RTR_low_bottom20pct
ACH-000661,0.1902970011534025,repair-low / removal-high,RTR_low_bottom20pct
ACH-000026,0.1882893598615917,repair-low / removal-low,RTR_low_bottom20pct
ACH-000305,0.1880370530565167,repair-low / removal-low,RTR_low_bottom20pct
ACH-000420,0.1874747693194925,repair-low / removal-low,RTR_low_bottom20pct
ACH-000645,0.1833910034602076,repair-low / removal-low,RTR_low_bottom20pct
ACH-000018,0.1825836216839677,repair-low / removal-low,RTR_low_bottom20pct
ACH-000762,0.1734032583621684,repair-low / removal-high,RTR_low_bottom20pct
ACH-000533,0.1730103806228373,repair-high / removal-low,RTR_low_bottom20pct
ACH-000875,0.1715506055363321,repair-low / removal-low,RTR_low_bottom20pct
ACH-000350,0.1712802768166089,repair-low / removal-low,RTR_low_bottom20pct
ACH-000102,0.1689950980392157,repair-high / removal-low,RTR_low_bottom20pct
ACH-000489,0.1678200692041522,repair-low / removal-low,RTR_low_bottom20pct
ACH-000719,0.1675641580161476,repair-low / removal-low,RTR_low_bottom20pct
ACH-000924,0.1645220588235294,repair-high / removal-low,RTR_low_bottom20pct
ACH-000443,0.1608996539792387,repair-high / removal-low,RTR_low_bottom20pct
ACH-000682,0.1573024798154556,repair-low / removal-high,RTR_low_bottom20pct
ACH-000753,0.1560661764705882,repair-low / removal-low,RTR_low_bottom20pct
ACH-000618,0.1560337370242214,repair-low / removal-low,RTR_low_bottom20pct
ACH-001163,0.1557093425605536,repair-high / removal-low,RTR_low_bottom20pct
ACH-000266,0.1548695213379469,repair-high / removal-low,RTR_low_bottom20pct
ACH-000562,0.1544802479815455,repair-low / removal-low,RTR_low_bottom20pct
ACH-000976,0.1467488465974625,repair-low / removal-low,RTR_low_bottom20pct
ACH-000205,0.1436707035755478,repair-low / removal-low,RTR_low_bottom20pct
ACH-000706,0.143598615916955,repair-low / removal-low,RTR_low_bottom20pct
ACH-000341,0.1418685121107266,repair-high / removal-low,RTR_low_bottom20pct
ACH-000552,0.1376369665513264,repair-low / removal-low,RTR_low_bottom20pct
ACH-000280,0.1371035178777393,repair-low / removal-high,RTR_low_bottom20pct
ACH-000539_FAILED_STR,0.1366782006920415,repair-low / removal-low,RTR_low_bottom20pct
ACH-001239,0.1357626874279123,repair-low / removal-low,RTR_low_bottom20pct
ACH-000417,0.1336829584775086,repair-low / removal-low,RTR_low_bottom20pct
ACH-001200,0.1314878892733564,repair-high / removal-low,RTR_low_bottom20pct
ACH-000457,0.1235113898500576,repair-low / removal-low,RTR_low_bottom20pct
ACH-000476,0.1214604959630911,repair-low / removal-low,RTR_low_bottom20pct
ACH-000945,0.1207215974625144,repair-low / removal-low,RTR_low_bottom20pct
ACH-000979,0.1133434256055363,repair-low / removal-low,RTR_low_bottom20pct
ACH-000256,0.1124567474048442,repair-high / removal-low,RTR_low_bottom20pct
ACH-000332,0.1085423875432526,repair-low / removal-low,RTR_low_bottom20pct
ACH-000428,0.1071619088811995,repair-low / removal-low,RTR_low_bottom20pct
ACH-000502,0.105503892733564,repair-low / removal-low,RTR_low_bottom20pct
ACH-000595,0.1052047289504037,repair-high / removal-low,RTR_low_bottom20pct
ACH-000488,0.1046027970011534,repair-low / removal-low,RTR_low_bottom20pct
ACH-000978,0.100493800461361,repair-high / removal-low,RTR_low_bottom20pct
ACH-000308,0.0978265570934256,repair-low / removal-low,RTR_low_bottom20pct
ACH-000941,0.0977544694348327,repair-low / removal-low,RTR_low_bottom20pct
ACH-000631,0.0968858131487889,repair-low / removal-low,RTR_low_bottom20pct
ACH-000212,0.0965181660899653,repair-low / removal-low,RTR_low_bottom20pct
ACH-000842,0.0931480680507497,repair-high / removal-low,RTR_low_bottom20pct
ACH-000644,0.0916955017301038,repair-low / removal-low,RTR_low_bottom20pct
ACH-000599,0.0891904555940023,repair-low / removal-low,RTR_low_bottom20pct
ACH-000409_FAILED_STR,0.088235294117647,repair-high / removal-low,RTR_low_bottom20pct
ACH-000086,0.0865232122260668,repair-low / removal-low,RTR_low_bottom20pct
ACH-000383,0.0832936851211072,repair-low / removal-low,RTR_low_bottom20pct
ACH-000765,0.0806805074971164,repair-low / removal-low,RTR_low_bottom20pct
ACH-000643,0.0775735294117647,repair-low / removal-low,RTR_low_bottom20pct
ACH-000678,0.0708153114186851,repair-low / removal-low,RTR_low_bottom20pct
ACH-000441,0.0641219723183391,repair-low / removal-low,RTR_low_bottom20pct
ACH-000926,0.0585604094579008,repair-low / removal-low,RTR_low_bottom20pct
ACH-000277,0.0581531141868512,repair-low / removal-low,RTR_low_bottom20pct
ACH-000250,0.056441032295271,repair-low / removal-low,RTR_low_bottom20pct
ACH-000555,0.0536332179930795,repair-low / removal-low,RTR_low_bottom20pct
ACH-000161,0.0514453575547866,repair-low / removal-low,RTR_low_bottom20pct
ACH-000483,0.0501730103806228,repair-high / removal-low,RTR_low_bottom20pct
ACH-000344,0.0461324971164936,repair-low / removal-low,RTR_low_bottom20pct
ACH-000740,0.0449826989619377,repair-low / removal-low,RTR_low_bottom20pct
ACH-000480,0.0422649942329873,repair-high / removal-low,RTR_low_bottom20pct
ACH-000222,0.039475201845444,repair-low / removal-low,RTR_low_bottom20pct
ACH-000549,0.0393706747404844,repair-low / removal-low,RTR_low_bottom20pct
ACH-000826,0.0389633794694348,repair-low / removal-low,RTR_low_bottom20pct
ACH-000888,0.0363862456747404,repair-low / removal-low,RTR_low_bottom20pct
ACH-000936,0.034515570934256,repair-low / removal-low,RTR_low_bottom20pct
ACH-000289,0.0326268742791234,repair-low / removal-low,RTR_low_bottom20pct
ACH-000093,0.0242214532871972,repair-high / removal-low,RTR_low_bottom20pct
ACH-000823,0.0221921856978085,repair-low / removal-low,RTR_low_bottom20pct
ACH-000537,0.0186959342560553,repair-low / removal-low,RTR_low_bottom20pct
ACH-001321,0.0168252595155709,repair-low / removal-low,RTR_low_bottom20pct
ACH-000399,0.0121107266435986,repair-high / removal-low,RTR_low_bottom20pct
ACH-000270,0.0067618223760092,repair-high / removal-low,RTR_low_bottom20pct
ACH-000466,0.0034602076124567,repair-low / removal-low,RTR_low_bottom20pct
ACH-000429,0.0019067185697808,repair-low / removal-low,RTR_low_bottom20pct
